EP	Date	Title	Duration_min	Description_preview	Link
660	2026-05-09	EP660 | 🍄‍🟫	51.5	這樣下去會不會壞掉 本集節目由【zZSLEEPER 負 2 度涼感忘憂枕】贊助 台股站上 42,000 點，台積電噴到 $2,345，連發哥都被送進去關禁閉撮合了，這盤勢熱到腦袋發燙，大家半夜還在 Discord 挖那些 Agentic AI 的料。但我常說，投資最重要的就是「風險控管」，而你各位現在最大的胖尾風險，就是你的頸椎。 決策品質跟睡眠品質是正相關。如果醒來脖子卡得跟處置股一樣動彈不得，你下單的手感絕對會歪。不要只顧著看 K 線的基本面，你頸椎的基本面也要顧一下。 【zZSLEEPER 忘憂枕】投資人標配推薦： 物理治療師研發： 三種高度隨你調，雙弧度切面穩穩撐住肩頸，側睡正睡都適用	https://player.soundon.fm/p/954689a5-3096-43a4-a80b-7810b219cef3/episodes/d55ccb00-f3dd-4dd0-9e7f-e108f6645494
659	2026-05-06	EP659 | 🦤	51.8	做壞掉了 現在只要下載 Saily APP，在結帳時輸入優惠代碼 [gooaye]，或透過資訊欄專屬連結：https://saily.com/gooaye，購買方案即享有 85 折的專屬優惠。 #SailyeSIM 股癌傳送門：https://linktr.ee/gooaye -- Hosting provided by SoundOn	https://player.soundon.fm/p/954689a5-3096-43a4-a80b-7810b219cef3/episodes/0606f6c5-c531-454e-9714-19fa5f90e640
658	2026-05-02	EP658 | 🪿	50.0	最終都是氣氛 本集節目由【NordVPN】贊助 現在搜尋 https://nordvpn.com/gooaye 或結帳時輸入股癌的專屬優惠碼【gooaye】購買2年方案＋送四個月 一個月只要一杯咖啡的價格就能取得VPN服務 還有30天試用期，不滿意可隨時取消 #NordVPN 股癌傳送門：https://linktr.ee/gooaye -- Hosting provided by SoundOn	https://player.soundon.fm/p/954689a5-3096-43a4-a80b-7810b219cef3/episodes/05d6fea4-c6a1-47f2-a57e-b2f4e8d82bc0
657	2026-04-29	EP657 | 🐫	50.4	他不呆兒 他長大了 一年一度的母親節又來了 你準備好老婆、岳母、媽媽的母親節禮物了嗎？ 她不一定記得你去年送什麼花， 但她一定會記得讓她臉「變緊」的保養品！ 📦 股癌專屬賣場 👉https://www.momoshop.com.tw/category/DgrpCategory.jsp?d_code=2176300048&p_orderType=4&osm=t04&utm_source=BD_024232&utm_medium=Gooaye-podcast&scm_activity=202603270252ujqtclh3 股癌限定優惠： 🔥 股癌專屬連結 精美禮盒8折起 🔥 獨家下單送紫米精華	https://player.soundon.fm/p/954689a5-3096-43a4-a80b-7810b219cef3/episodes/ebd38d86-113a-4ce7-9c64-72f3fb63e5b4
656	2026-04-25	EP656 | 🍇	50.0	萬劍歸宗 買股票你會停損，但身體累積的勞損可沒辦法輕易平倉。 聽勸一句：先優化交易環境。這可能是你今年勝率最高的一筆投資！ 🔗 https://www.uview.com.tw/ 很多人對股價變動敏感，但對自己每天久待的工作環境卻完全放任。螢幕高度不對讓頸椎提早折舊，桌面凌亂導致思考邏輯受阻，這在效率管理上其實是最大利空。 與其在那邊墊原文書、彎腰看螢幕，不如一次到位換上 Ergotron 愛格升。這牌子就是業界天花板，穩定度跟流暢感真的沒在跟你開玩笑，用過就回不去。 為什麼推薦 Ergotron 愛格升？ 📈 效益穩定：專利技術單手秒調，螢幕推到哪停到哪，不點頭、不下垂。 📈 長期持有：業界	https://player.soundon.fm/p/954689a5-3096-43a4-a80b-7810b219cef3/episodes/642a945a-aa16-48c9-b3ba-18449dd1cf9c
655	2026-04-22	EP655 | 🐯	50.4	誰比較大組誰贏 捏卵陣線專屬優惠 → https://yohopower.net/IVrD4 巧虎 x 悠活原力兒童保健系列聯名 【葉黃素、魚油、鈣、綜合維他命、多醣體】 ★4/22-5/5 巧虎生日慶於momo購買 ✅下單抽可愛巧虎限量金飾 ✅滿額送巧虎聯名擦手巾、兒童水壺、午餐袋等多重好禮 ✅最高再享8折優惠 🏆【小悠活兒童葉黃素咀嚼錠】 ✅ 專利FloraGLO游離型葉黃素 ✅ 含山桑子、枸杞萃取，營養補給 ✅ 葡萄口味，酸甜好吃 🏆【小悠活兒童魚油咀嚼軟膠囊】 ✅ 挪威頂級魚油大廠，品質保障 ✅ DHA:EPA5:1比例，一顆達275毫克DHA ✅ 香檸風味，無魚腥味，兒童愛吃 🏆【小	https://player.soundon.fm/p/954689a5-3096-43a4-a80b-7810b219cef3/episodes/29360069-27f9-41bf-80af-778e54933c7b
654	2026-04-18	EP654 | 🌵	50.0	supply chain 仔永支 tokenmaxxing 本集節目由 New Balance 贊助播出👟https://reurl.cc/2azzZv 無論你是想出國或是去戶外走走 ✈️，出發之前請先找到你的優質裝備。 出門穿搭就跟找旅伴一樣，必須找一個有潛力的長期標的。 NB 這一套就是穿搭界的「優質資產」，基本面紮實、設計在線。陪你日走三萬步，依然有體力可以看盤： 👕 NB BOY 系列上衣：插畫好看、不單調也不臭宅，全家一起穿也很溫馨！ 👟 740：腳感舒適、外型耐看，回饋感就像穩定的報酬——沒有花言巧語，但很實在 📈 👟 204L：線條簡約又好搭，要跟老婆約會拍美照，還是硬派走景點都	https://player.soundon.fm/p/954689a5-3096-43a4-a80b-7810b219cef3/episodes/687a5ae3-badb-4733-a9ff-49228d65875f
653	2026-04-15	EP653 | 🕊️	50.0	鳥語花香 本集節目由【NordVPN】贊助 現在搜尋 https://nordvpn.com/gooaye 或結帳時輸入股癌的專屬優惠碼【gooaye】 購買 2 年方案＋送四個月一個月只要一杯咖啡的價格就能取得 VPN 服務還有30天試用期，不滿意可隨時取消 #NordVPN 股癌傳送門：https://linktr.ee/gooaye -- Hosting provided by SoundOn	https://player.soundon.fm/p/954689a5-3096-43a4-a80b-7810b219cef3/episodes/3239f800-b064-4ac4-bef6-e7f72021b49f
652	2026-04-11	EP652 | 🐸	51.0	美股多蛙終於開始回血 主委敲碗組合回歸🔥 https://reurl.cc/9R9keV 別讓生活 Lag 到懷疑人生 談投資，大家都在看財報， 但你的體力就是你最核心的資產。 要維持長線走勢，你需要的是「結構性補給」， 而不是預支未來的精力。 這幾年我都堅持補： 米鴻這組📦把我體力打回上升軌道 95%回購滿意度的口碑👍 戰力飆升▪多效合一▪重燃熱情 【MIHONG®司令B群黑紅瑪卡💊】 #膠囊版 #日常持續 ☑ 專利祕魯95%高純度MacaPro黑紅瑪卡 ☑ 600%濃縮，吸收效率像突破壓力線 ☑ 草本調節機能，維持活力不亂震 ☑ 足量L-精胺酸＝體力的基本面 ☑ 兩顆含2400mg濃縮精華	https://player.soundon.fm/p/954689a5-3096-43a4-a80b-7810b219cef3/episodes/3a7ba4a5-4df7-4b83-a6ed-2b545c1d74f5
651	2026-04-08	EP651 | One for all	49.9	006208，學到 現在只要下載 Saily APP，在結帳時輸入優惠代碼 [gooaye]，或透過資訊欄專屬連結： https://saily.com/gooaye 購買方案即享有 85 折的專屬優惠。 #SailyeSIM 股癌傳送門：https://linktr.ee/gooaye -- Hosting provided by SoundOn	https://player.soundon.fm/p/954689a5-3096-43a4-a80b-7810b219cef3/episodes/b9af779d-9d07-437e-8291-d5f5772eaee0
650	2026-04-04	EP650 | 🦄	50.3	見面第一句話就是 OGC (optics gpu cpu) 本集節目由【KINYO隻隻較電擊式捕蚊燈】贊助 https://s.add.one/8qch7r 市場波動讓你心煩意亂？用「啪」的一聲找回贏家的節奏感！ 實時捕蚊計數螢幕：全台首見（或特色功能），戰果數據化，看著數字跳動比看盤還療癒。 雙面大面積電擊網：左右夾殺，瞬間高壓處決，讓蚊子雜訊直接強制平倉。 冷陰極誘蚊燈管：12 萬小時超長壽命，穩定誘捕，不閃爍、不刺眼。 心理止損神器：市場紅通通？看著捕蚊計數持續增加，找回你身為贏家的掌控權。 主委聽眾專屬 69 折起優惠，讓你看著數據跳動，找回贏家的成就感，同場加映過年賣很好的免千元 A	https://player.soundon.fm/p/954689a5-3096-43a4-a80b-7810b219cef3/episodes/f4c6bee4-7b9e-4646-b6f9-e450485715a3
649	2026-04-01	EP649 | 💌	50.6	太…太刺激了… 本集節目由【NordVPN】贊助 現在搜尋 https://nordvpn.com/gooaye 或結帳時輸入股癌的專屬優惠碼【gooaye】購買2年方案＋送四個月 一個月只要一杯咖啡的價格就能取得VPN服務 還有30天試用期，不滿意可隨時取消 #NordVPN 股癌傳送門：https://linktr.ee/gooaye -- Hosting provided by SoundOn	https://player.soundon.fm/p/954689a5-3096-43a4-a80b-7810b219cef3/episodes/a02e82f5-cf5c-4af6-b76b-f6279ef50049
648	2026-03-28	EP648 | 🦆	50.0	狀態：早上歡樂晚上哀 🎁 股癌限定優惠開跑！ 修麗可 A.G.E 極效賦活緊緻精華（電波V臉瓶） 超強新品上市🔥 很多人抗老都在「補」，但其實關鍵是——撐不撐得住。 電波V臉瓶它裡面有一個關鍵成分叫35%普拉絲鏈（Proxylane），濃度算是業界很頂的。 這東西在做的事情是——幫膠原結構「往內撐」。 再加上所謂的「煥活四重膠原機制」， 簡單講就是，不是短線發光，是把膠原支撐慢慢撐回來。 👉 比較像長期投資，不是做一波就跑。 想要修麗可抗老王者組合，從「膠原新生」到「膠原保護」讓你真正有效抗老 無論是送媽媽、老婆，還是犒賞自己，都超級適合！ 📦 股癌專屬賣場 👉https://www.momo	https://player.soundon.fm/p/954689a5-3096-43a4-a80b-7810b219cef3/episodes/bdb56d8d-4093-4857-9e7e-275c22f0fd45
647	2026-03-25	EP647 | 🍬	50.9	昨天還在拾荒今天又吃龍蝦 本集節目由【DRCYJ】贊助播出 https://drcyjhcc.com.tw/ 總要等到錯過，才會後悔！ 老實說，很多人都是等到開始稀疏才擔心🚨 頭皮毛孔的生長週期是有限的！ 趁早保養預防 vs 等到髮際線一路向北、K線直接破底 才處理， 難度其實差很多‼️ 有時候投資錯過就算了， 但如果毛孔萎縮，那就真的回不去了。 DR CYJ 健髮中心有做 AI 頭皮檢測， 可以從✔️敏感 ✔️髮徑 ✔️髮量 ✔️毛孔 ✔️皮脂 ✔️皮屑等狀況去分析 如果你或另一半最近有稀疏問題/頭皮不舒服， 其實可以去體驗看看。 DR CYJ健髮中心 現在課程都有新朋友價38折起 輸入「股	https://player.soundon.fm/p/954689a5-3096-43a4-a80b-7810b219cef3/episodes/959ffd48-b40a-4709-aad8-239f62ccddee
646	2026-03-21	EP646 | 🦙	50.8	溜滑梯 本集節目由【NordVPN】贊助 現在搜尋 https://nordvpn.com/gooaye 或結帳時輸入股癌的專屬優惠碼【gooaye】購買2年方案＋送四個月 一個月只要一杯咖啡的價格就能取得VPN服務 還有30天試用期，不滿意可隨時取消 #NordVPN 股癌傳送門：https://linktr.ee/gooaye -- Hosting provided by SoundOn	https://player.soundon.fm/p/954689a5-3096-43a4-a80b-7810b219cef3/episodes/967f3c90-a910-493a-a15e-826d2f0368ed
645	2026-03-18	EP645 | 🎱	50.0	開牌啦 做好有神保養，精準投資，不再股海茫茫！ 善存葉黃素，3週看見不同+! 好吸收* 高17%** 3/18-3/24股癌獨家Momo限時優惠! 善存葉黃素2入組直接打88折還送MOOMIN陶瓷盤， 主委再加碼送【星巴克券$100】！ 下單還可以抽追覓吹風機！ 這麼好康！立馬手刀買進！👉 https://reurl.cc/N2jM0p +係指葉黃素原料經科學研究發現， 葉黃素濃度改變可在第21天看出顯著差異 *指葉黃素吸收程度上差異。游離型葉黃素不須經水解步驟即被人體吸收。 **游離型與酯化型葉黃素在食用28天後，曲線下面積游離型比酯化型高17%。 ***依據人體實驗研究，連續補充葉黃素42	https://player.soundon.fm/p/954689a5-3096-43a4-a80b-7810b219cef3/episodes/be3e9626-78e1-4ef7-a060-737579556b56
644	2026-03-14	EP644 | 🦇	50.0	pokopia 不錯玩誒== 【 君綺醫美】拯救了我 第一次做醫美，一口氣做了三個療程： ✔ 鳳凰電波：緊緻、改善細紋 ✔ 海芙音波第四代媚必提：深層拉提、雕塑輪廓 ✔ 皮秒雷射(picoway)：淡化斑點、改善毛孔、膚況 很多人會問痛不痛 我自己的感覺是 可以忍受，沒有想像中可怕 診所的接待人員跟醫師都是一等一的好 君綺醫美是台灣醫美的龍頭品牌，成立20幾年 相信大家第一次做醫美都會花很多時間找診所、做功課 其實最棒的方式就是找規模大、案例多、醫師經驗豐富的診所 如果你最近 ✔ 還沒想到情人節要送另一半什麼 ✔ 或是覺得自己顏值開始落後同齡人 有興趣趕快去預約諮詢：https://reurl	https://player.soundon.fm/p/954689a5-3096-43a4-a80b-7810b219cef3/episodes/926abbbf-322b-40cc-bd74-16ef523a4907
643	2026-03-11	EP643 | 🦊	51.5	這車太甩 現在只要下載 Saily APP，在結帳時輸入優惠代碼 [gooaye]，或透過資訊欄專屬連結： https://saily.com/gooaye，購買方案即享有 85 折的專屬優惠。 #SailyeSIM 股癌傳送門：https://linktr.ee/gooaye -- Hosting provided by SoundOn	https://player.soundon.fm/p/954689a5-3096-43a4-a80b-7810b219cef3/episodes/788ff1ea-2513-4be6-8100-e57a4baf9bc3
642	2026-03-07	EP642 | 🐧	50.0	let him cook 本集節目由【NordVPN】贊助 現在搜尋 https://nordvpn.com/gooaye 或結帳時輸入股癌的專屬優惠碼【gooaye】購買2年方案＋送四個月 一個月只要一杯咖啡的價格就能取得VPN服務 還有30天試用期，不滿意可隨時取消 #NordVPN 股癌傳送門：https://linktr.ee/gooaye -- Hosting provided by SoundOn	https://player.soundon.fm/p/954689a5-3096-43a4-a80b-7810b219cef3/episodes/54b77e39-53f2-47be-afae-e2f6162a8bb0
641	2026-03-04	EP641 | 💥	51.4	沉默支撐躍過陌生 靜靜看著凌晨黃昏 妳的身影 失去平衡 慢慢下沉 想回到過去 🎙️本集節目由【zZSLEEPER -2°C 涼感忘憂枕】贊助播出 https://s.add.one/5hyycc Hi 這三天大家過得好嗎？大盤跌掉兩千多點，大家內心涼涼，但腦袋應該都熱到快燒壞了吧？ 如果你現在還在凌晨兩點刷 Discord、盯著夜盤心跳加速，結果隔天醒來脖子卡住、肩膀硬得像鋼鐵，那你的「睡眠基本面」已破產了。 在市場最瘋狂、血流成河的時候，投資人最需要的就是物理性的降溫與冷靜。一個頂尖的獵人，在看準時機重拳出擊前，最重要的工作就是保存體力、睡個好覺。 💤 投資是一場長跑，最好的報酬不是追到最高	https://player.soundon.fm/p/954689a5-3096-43a4-a80b-7810b219cef3/episodes/f6983297-4958-47c5-bc3c-990a9687ce2e
640	2026-02-28	EP640 | 🐈	51.5	武僧又上版面了 本集節目由【NordVPN】贊助 現在搜尋 https://nordvpn.com/gooaye 或結帳時輸入股癌的專屬優惠碼【gooaye】購買2年方案＋送四個月 一個月只要一杯咖啡的價格就能取得VPN服務 還有30天試用期，不滿意可隨時取消 #NordVPN 股癌傳送門：https://linktr.ee/gooaye -- Hosting provided by SoundOn	https://player.soundon.fm/p/954689a5-3096-43a4-a80b-7810b219cef3/episodes/360acf81-2bca-4f2f-b2b7-11647b8f10d4
639	2026-02-25	EP639 | 🐗	52.1	這圖片不知道是怎樣 本集節目由 HJJ GO 贊助 2026的盤勢至今為止讓很多人難以掌握節奏。 其實投資做到最後，拼的就是四個字 - 「決策品質」 你能不能在局勢混亂的時候，還能冷靜判斷勝率跟賠率，並做出最適合你當下狀態的投資決策？ 而我認為圍棋，可能就是訓練判斷力的最強工具之一 今天要推薦的HJJ GO 在我看來就是為了現代人設計的「決策回測系統」 很多快樂寶貝不敢學圍棋是因為怕太難、怕被電， 或覺得圍棋是那種天才或是聰明人才能學的高門檻才藝。 但在HJJ GO的玩學APP中，完全不用擔心，零基礎也能輕鬆上手。 跟一般市面線上課程只是單純看影片不一樣，HJJ GO是真正在意學習者有沒有在進	https://player.soundon.fm/p/954689a5-3096-43a4-a80b-7810b219cef3/episodes/cf179ea7-36e0-467d-abca-8b10f191d4f3
638	2026-02-21	EP638 | 🐈‍⬛	51.0	應該會發作 Dr.情趣【 TASLA特濕拉 電動按摩棒系列 】 社群討論度NO.1的話題猛獸🔥姊妹們的快樂神器！ 快跟上這波「特濕拉」的電動化革命！ 👑 特濕拉 智能加溫脈衝按摩棒 總銷量破萬的王者就是它！獨家的「磁力脈衝短抽插」技術，帶來短捷有力的強烈衝撞感，搭配內外雙馬達的雙重饗宴，妳身體的每個秘密，它比妳更懂！ 👑 特濕拉 Model Sucks 吮吸拍打伸縮內外雙震按摩棒 堪稱業界最全能的按摩棒！它集結了「吸、舔、吮、震、頂」所有功能於一身，還能替換三種不同頭套解鎖新世界。伸縮衝刺與強力吸吮同步啟動，體驗一場被溫柔與激情徹底包圍的失控快感！ 現在就用專屬折扣碼【 GOOAYE520 】	https://player.soundon.fm/p/954689a5-3096-43a4-a80b-7810b219cef3/episodes/a3e323bd-6f41-4cb6-8c7e-4b1106a2e2ad
637	2026-02-18	EP637 | 🦖	51.4	改名很軟 本集節目由【AWSON 八電極家用體脂計】贊助 https://s.add.one/8qch7r 你各位整天在算 CAGR、算複利，想著幾年後要財富自由，如果你沒有一個健康的身體，那些複利最後都是留給別人在花的，很多人盤後複盤做得比誰都勤，但自己的體檢報告卻不敢看，這就是典型的『逃避現實』，這台就是來幫你做身體的 Due Diligence。 ．八電極測量技術：分析四肢與軀幹，提供 58項數據（含體脂、肌肉量等） ．精準六圍追蹤：精準測量頸圍、上臂圍、胸圍、腰圍、臀圍、大腿圍 ．APP同步：數據自動上傳，生成圖表與建議，趨勢清晰可見 ．伸縮式手把：測量穩定，自動回收，收納便利 ．抱嬰	https://player.soundon.fm/p/954689a5-3096-43a4-a80b-7810b219cef3/episodes/7ce8b868-cf8f-44ec-8157-b33fd99eaa39
636	2026-02-14	EP636 | 🐚	49.7	改名卡珊卓不知是命中缺什麼 本集節目由【NordVPN】贊助 現在搜尋 https://nordvpn.com/gooaye 或結帳時輸入股癌的專屬優惠碼【gooaye】購買2年方案＋送四個月 一個月只要一杯咖啡的價格就能取得VPN服務 還有30天試用期，不滿意可隨時取消 #NordVPN 股癌傳送門：https://linktr.ee/gooaye -- Hosting provided by SoundOn	https://player.soundon.fm/p/954689a5-3096-43a4-a80b-7810b219cef3/episodes/2f039b42-858c-4a6e-abb5-7cb1c1c4e9e4
635	2026-02-11	EP635 | 🌴	51.2	本次過年大夥很勇 益生菌百百種，常常不知道怎麼選哪款益生菌是最有效嗎? 善存3效順暢益生菌，雙專利益生菌添加鳳梨酵素，順暢消化好體質，一包三效，有酵才推薦！ 善存70年專業品牌，這款3效順暢益生菌，「雙專利益生菌、搭配鳳梨酵素」幫助你養出消化道好環境#。雙專利益生菌^，讓你代謝順暢#，大大乾淨，維持健康，人自然年輕；還有添加鳳梨酵素，加速分解蛋白質，消化更有感，有酵才敢推薦給你。 另外，善存還有舒眠益生菌，食品級植萃成份，擁有五大晚安因子：添加專利舒眠番紅花*、多國專利益生菌**、GABA***、芝麻素****、色胺酸等，可以幫助放鬆、好入睡！讓你天天吃好安心，想睡就睡、睡醒精神好^^! 好菌	https://player.soundon.fm/p/954689a5-3096-43a4-a80b-7810b219cef3/episodes/516b39db-a2cf-4864-8c96-dd03387ef6d7
634	2026-02-07	EP634 | 👻	50.0	美國人你… 本集節目由【CashBack返多多】贊助 股市漲漲跌跌獲利難預料，但購物回饋返利你可以更精打細算！ 買東西的第一站，我選 CashBack 返多多 ！ 不需要研究複雜的規則，這裡主打的就是：直覺、簡單、拿現金。 買東西就選 CashBack返多多！ CashBack返多多是由綠界科技、一卡通、街口與Pi錢包共同合作的全新返利平台，主打「怎麼付都能輕鬆拿回饋」，讓消費返利變得更直覺、更簡單。 🔥 【二月限定・回饋接力戰】 商品從內在美到精選美食通通有，限定 10% 現金回饋，愛自己愛惜荷包才是正解！ 2/21 正式開工： 指定期間下單，CashBack 返多多 請你喝馬年第一杯咖啡！	https://player.soundon.fm/p/954689a5-3096-43a4-a80b-7810b219cef3/episodes/6a5792f4-34cf-4acf-a897-71acdddd46ff
633	2026-02-04	EP633 | 🪢	54.1	很搖 現在只要下載 Saily APP，在結帳時輸入優惠代碼 [gooaye]，或透過資訊欄專屬連結： https://saily.com/gooaye 購買方案即享有 85 折的專屬優惠。 #SailyeSIM 股癌傳送門：https://linktr.ee/gooaye -- Hosting provided by SoundOn	https://player.soundon.fm/p/954689a5-3096-43a4-a80b-7810b219cef3/episodes/e511ab59-5e81-461a-896b-915a76e346e3
632	2026-01-31	EP632 | ❄️	50.3	大場面ㄟ 忙了一整年讓你的活力、氣色和以前有差嗎？ 過年這麼多聚會，想要維持好狀態、完勝別人，記得平常就要好好給身體豐富的養分喔! 新的一年就靠「善存」， 只要一天一錠輕鬆補充22種人體必需的營養素， 更針對性別、年齡設計專屬配方，給你6大年輕狀態*： 好活力💪 好氣色🌟 思緒清晰💡 好代謝💫 好入睡💤 保護健康🤩 善存70年營養科學佐證，愛用者親身感受 ^^ 讓你擁有好活力、好氣色！年輕狀態開紅盤！ 也別忘了年節送禮用「銀寶善存」照顧長輩，守護全家人的健康！ 提供股癌聽眾驚喜價，超殺優惠再送COLD STONE禮券！ 年前最後一檔，買起來！ 🛒 男女善存 https://www.momosh	https://player.soundon.fm/p/954689a5-3096-43a4-a80b-7810b219cef3/episodes/ecfd5a72-ac6b-4630-ae57-f5128f002ed7
631	2026-01-28	EP631 | 🎁	50.0	飛到太空游泳 繞著月亮潛入地球 駭到過頭想保留永久 腦袋一直找著出口 #AD 大家應該知道我最近開始會喝一點，特別是那種半夜收盤或小孩睡了之後， 自己倒一杯真的蠻爽的。 說到喝的，今天跟大家聊聊慕赫（Mortlach）。 慕赫最厲害的就是它的2.81 蒸餾工藝，創造出獨特肉脂風味 這次他們出的新年禮盒，外觀是用那種深邃午夜藍，搭配流動感很強的駿馬圖騰。 明年馬年嘛，這東西你拿去送長輩或客戶，對方一看就知道你是有在做功課、有品味的，可不是隨便盲選！ 簡單講一下這兩支的差別，大家自己看需求： * 慕赫 16 年- 新春臻藏版 這支就是給那種喜歡「厚度」的人。 喝起來圓潤飽滿，中間夾一點蜂蜜的甜再帶	https://player.soundon.fm/p/954689a5-3096-43a4-a80b-7810b219cef3/episodes/a9201652-a419-4a3c-a9f9-e6a09d91f976
630	2026-01-24	EP630 | ⭐	50.0	馬爸換角度凱瑞 本集節目由【NordVPN】贊助 現在搜尋 https://nordvpn.com/gooaye 或結帳時輸入股癌的專屬優惠碼【gooaye】購買2年方案＋送四個月 一個月只要一杯咖啡的價格就能取得VPN服務 還有30天試用期，不滿意可隨時取消 #NordVPN 股癌傳送門：https://linktr.ee/gooaye -- Hosting provided by SoundOn	https://player.soundon.fm/p/954689a5-3096-43a4-a80b-7810b219cef3/episodes/5fbff599-9897-422a-812f-479eb0d75bd1
629	2026-01-21	EP629 | ⏳	50.1	突然抽一下 股粉 VIP 專屬，桂格天地合補這裡買現省 $1,304：【5X人蔘+葉黃素補氣晶亮組】 限時專屬優惠 (01/15 - 02/28) 立即下單：https://reurl.cc/7bWD2k 2026 新年送禮首選：健康就是最好的投資！ 市佔第一的保健飲領導品牌【桂格天地合補】，我全家都在喝。推薦給每天數位投 資、高強度工作的族群，隨時補充維持戰力。 Costco 限時活動：5X 人蔘濃縮飲即日起至 2/8 限時折 $350。https://reurl.cc/KOvRE9 【桂格補氣】 5X 人蔘濃縮精華飲：100% 五倍人蔘濃縮精華，非短暫提神，而是給 你「持續好精神」。想突破	https://player.soundon.fm/p/954689a5-3096-43a4-a80b-7810b219cef3/episodes/9fac46fa-8c5d-4573-9caf-4d48c8f92901
628	2026-01-17	EP628 | 🍑	50.0	我愛梅里 本集節目由【NordVPN】贊助 現在搜尋 https://nordvpn.com/gooaye 或結帳時輸入股癌的專屬優惠碼【gooaye】購買2年方案＋送四個月 一個月只要一杯咖啡的價格就能取得VPN服務 還有30天試用期，不滿意可隨時取消 #NordVPN 股癌傳送門：http://linktr.ee/gooaye -- Hosting provided by SoundOn	https://player.soundon.fm/p/954689a5-3096-43a4-a80b-7810b219cef3/episodes/dd94e2c2-33b3-4965-b0bb-8d5cbbcb48e1
627	2026-01-14	EP627 | 🪸	50.0	那個工程師還在 去年這個時間 一樣是眠豆腐 一樣是台股進入封關倒數 不一樣的，是眠豆腐2.0 已再度進化升級到3.0 感謝所有眠友，以行動支持我們不斷改版 也可能是深蹲獨立筒+肉鬆豆腐棉太厲害 眠豆腐3.0上市後，創下了史上最佳的單月銷售額 升級的豆腐、感恩的心、不變的價格 在此立下年末的承諾： 1/31前下單，保證農曆年前送達 1/31前下單，保證農曆年前送達 今年的冬天來得晚 眠豆腐 眠被窩 現在買還不算晚 取自登山衣概念的礦物纖維和鋁金屬無紡布 把人體熱輻射留下，濕氣排出 一蓋上，蓬鬆又剛剛好的重量感 如同兒時記憶的安穩被窩 台灣設計製造，可直接機洗，乾淨又安心 不用輸入折扣碼 官網就有	https://player.soundon.fm/p/954689a5-3096-43a4-a80b-7810b219cef3/episodes/f7d4cf06-84f4-42e2-aa88-a8aada4c209c
626	2026-01-10	EP626 | 🕷️	50.0	規格：可以抽雪茄吃漢堡 本集節目由【佳銥國際】贊助播出 2026年菜全明星大集合 https://s.add.one/6uehhq 你各位捏軟陣線聽好，盤勢在變，但老婆過年想放假的心是不會變的。 今年【佳銥國際】全明星年菜大集合更強了，一一點名，五星飯店台北晶華、喜來登、長榮鳳凰、台北遠東香格里拉； 國宴名廚阿基師、黃景龍、米其林推薦的錦霞樓、山內雞肉、上海鄉村、馨苑小料理、胡同鳥喜、鰻魚四代目菊川、一甲子餐飲和膳馨；上海江浙菜上海鄉村、紅豆食府，基隆百年名店『連珍』、寬心園蔬食、港點名店易牙居、阿萬師心港點和點點心 ，還有過年必吃寶來發蜜汁火腿肉、小林山川烏魚子。 伴手禮有今年和Moomin	https://player.soundon.fm/p/954689a5-3096-43a4-a80b-7810b219cef3/episodes/6eb11ce2-9ec6-449e-8bcf-ca8ce1f8ab34
625	2026-01-07	EP625 | 🧸	50.0	黃老闆都知道你要什麼 台灣人體工學第一品牌 Backbone 十週年了！ 十年讓你坐大位，幹大事！ Backbone 專門做符合台灣人身形的人體工學傢俱，九年來服務五千多間辦公室、二十五個國家，很多上市櫃公司、科技大廠、福委會，其實早就在用。像元太、威剛，以及麥當勞的辦公室，用的都是他們的辦公家具。 他的客製化服務也能滿足內容創作者、電影人、音樂人的需求，從金馬大師、金曲天王天后到呱吉、阿滴，甚至老一輩的孔鏘老師，不同世代、不同圈子的人，一直以來都是 Backbone 的愛用客戶。 Backbone 不只做椅子，從升降桌、工學椅、辦公配件，甚至是隔音倉，你想要的他們都有。幫你打造員工捨不得回家	https://player.soundon.fm/p/954689a5-3096-43a4-a80b-7810b219cef3/episodes/6cb85fec-a93a-40c6-8d38-1ce2d60b23c9
624	2026-01-03	EP624 | 🎥	49.9	差不多就可以 【如邑堂】台灣蟬聯五屆太陽餅冠軍 嚴選食材、口味創新，國際名廚江振誠聯名品牌 2026春節優惠｜送禮超有面子 ✅滿額優惠｜滿2000折100 (約95折)、滿3500折200 (約94.2折)、滿7500折500 (約93折)、滿15000折1000 (約93折) ✅滿額贈｜滿3000送牛軋糖禮盒1盒（約16入） ✅免運優惠｜滿$1500超取免運、滿$2500宅配免運 🔗下單連結：（https://ruyi-sunnycake.com/GOOAYE） 股癌傳送門：https://linktr.ee/gooaye -- Hosting provided by SoundOn	https://player.soundon.fm/p/954689a5-3096-43a4-a80b-7810b219cef3/episodes/4aa630cc-3488-4548-b79c-f2fe15e0ae79
623	2025-12-31	EP623 | 🎆	50.0	新年快樂！ 股票上上下下，帳面天天在考驗自己的❤️〽️ 但有一件事，比盤勢更重要!! 「身體基本面」不能崩 開始研究財經新聞， 卻忽略自己身體的長期走勢？ 其實隨著年紀增長，代謝一慢 就容易出現各種問題🚨 這時候， 我會特別配置一檔長期持有型標的 就是▐ 大研生醫 🇩🇪德國極品魚油▐ ✔️ 第一支通過「調節血脂」健康食品認證的高濃度魚油 ✔️6 週降低 49% 總膽固醇 ✔️ 有效降低三酸甘油酯 . 健康不追求短線，走的是長期調整體質 是慢慢讓你覺得 身體波動變小、狀態更穩定 投資有風險， 但自己和家人的健康，真的不能重押賭運氣 . 提早佈局、長期持有 📣 現在有主委專屬優惠 🔥輸入「Gooa	https://player.soundon.fm/p/954689a5-3096-43a4-a80b-7810b219cef3/episodes/ffd2fce6-176a-451f-9e31-7efd9f599bf1
622	2025-12-27	EP622 | 🕯️	49.9	謹藉本節目，對 12 月 19 日事件中的英勇義士與所有受難者， 表達最深的敬意與哀悼。 包括捨身救人的義士余家昶， 以及展現出巨大堅強與尊嚴的余媽媽， 還有所有在那一天承擔傷痛的人。 無名氏 股癌傳送門：http://linktr.ee/gooaye -- Hosting provided by SoundOn	https://player.soundon.fm/p/954689a5-3096-43a4-a80b-7810b219cef3/episodes/522d30b4-28a0-4a0c-b9bd-66e3850c81a0
621	2025-12-24	EP621 | 🎄	50.1	聖誕快樂！ 🎄本集節目由【NordVPN】贊助 現在搜尋 https://nordvpn.com/gooaye 或結帳時輸入股癌的專屬優惠碼【gooaye】購買2年方案＋送四個月 一個月只要一杯咖啡的價格就能取得VPN服務 還有30天試用期，不滿意可隨時取消 #NordVPN 股癌傳送門：http://linktr.ee/gooaye -- Hosting provided by SoundOn	https://player.soundon.fm/p/954689a5-3096-43a4-a80b-7810b219cef3/episodes/799ffa1f-1dcc-425a-95ce-c707ac5267cb
620	2025-12-20	EP620 | 🐥	50.0	夜車開得多保費就得高 現在只要下載 Saily APP，在結帳時輸入優惠代碼 [gooaye]，或透過資訊欄專屬連結： https://saily.com/gooaye，購買方案即享有 85 折的專屬優惠。 #SailyeSIM 股癌傳送門：http://linktr.ee/gooaye -- Hosting provided by SoundOn	https://player.soundon.fm/p/954689a5-3096-43a4-a80b-7810b219cef3/episodes/ffb3795c-2a0c-473b-bf47-f05e69f8bb66
619	2025-12-17	EP619 | 🛰️	50.0	老馬又造浪了 🥇全球機場銷售第一得獎頸枕🥇 ✈️【Travel Blue】旅行 ALL-IN-ONE 組 一次把「機上舒眠神器」全部配好，直接帶著走最輕鬆。 這次還有股癌聯名限量收納袋，只有主委專屬賣場才送，限量1,000個 👑豪華頸枕｜全球機場銷量第一 連續兩屆「最佳旅遊配件」得獎款，支撐力好、包覆度高，睡起來穩到不會點頭落枕。 | 頸枕採高級慢回彈記憶棉與親膚天鵝絨表布 | 硬殼烤漆斜背包，出門不再手忙腳亂 | 搭飛機需要的眼罩耳塞，還附贈耳塞專屬收納盒 | 專屬收納盒，節省行李空間 | 聯名收納袋不只可以裝頸枕，充電線、保健品也都可以裝 我自己用最有感的是豪華頸枕，長途飛行、出差、回娘家	https://player.soundon.fm/p/954689a5-3096-43a4-a80b-7810b219cef3/episodes/bffcf889-3fd1-4c6c-b863-8093be54f2e7
618	2025-12-13	EP618 | 🐟	52.9	直接二刷 本集節目由【NordVPN】贊助 現在搜尋 https://nordvpn.com/gooaye 或結帳時輸入股癌的專屬優惠碼【gooaye】 購買2年方案＋送四個月 一個月只要一杯咖啡的價格就能取得VPN服務 還有30天試用期，不滿意可隨時取消 #NordVPN 股癌傳送門：http://linktr.ee/gooaye -- Hosting provided by SoundOn	https://player.soundon.fm/p/954689a5-3096-43a4-a80b-7810b219cef3/episodes/5fc19fa8-eb41-4719-8622-4672411ac601
617	2025-12-10	EP617 | 👾	51.1	短期內第二個參與資收的經驗 iHerb黑五優惠開跑！ 美國保健品龍頭 iHerb，5萬種正品最快3天到貨 🔥主委推薦必買清單： Nature's Bounty 鈣鎂鋅→幫助放鬆好入睡 Orgain 有機蛋白粉→健身補給首選 Garden of Life男性益生菌→腸道健康神隊友 iHerb黑色星期五期間限定優惠： 🎁12/10-12/15輸入優惠碼 「GOOAYE24」享 76 折 🎁12/16-12/30輸入優惠碼 「GOOAYE20」享 8 折 馬上去結帳👉https://maac.io/4XuTA 跟iHerb成為LINE好友👉https://maac.io/4XuUn 折扣碼適用地區：	https://player.soundon.fm/p/954689a5-3096-43a4-a80b-7810b219cef3/episodes/2b1265e8-a820-4d9c-920b-71d7732f5fee
616	2025-12-06	EP616 | 🥚	49.6	買你但心中有別人 主委一直被問到爛的組合回來了🔥 → https://reurl.cc/9R9keV 說真的，盤勢可以震，我體力不能震 邏輯很簡單，盤勢有停損，體力也要有補給 補對東西，狀態直接噴回多頭，什麼都對了 📉身體像走勢 該補不補就一路往下破 📈但補對東西 狀態能站回季線，維持在多頭區間 長線績效靠的是穩定，不是一次爆發 這兩年我都堅持補： 米鴻這組📦把我體力打回上升軌道 吸收快、濃度高，就像打進一根漂亮長紅 止跌反彈很明顯🔥 【MIHONG®司令B群黑紅瑪卡💊】 #膠囊版 #日常持續 ☑ 專利祕魯95%高純度MacaPro黑紅瑪卡 ☑ 600%濃縮，吸收效率像突破壓力線 ☑ 草本調節	https://player.soundon.fm/p/954689a5-3096-43a4-a80b-7810b219cef3/episodes/39afa2ae-e12b-4979-9a84-bc8518a48ea1
615	2025-12-03	EP615 | 🌶️	52.1	希望 yorke 先生喉嚨快點好起來 本集節目由【Roichen】贊助 https://s.add.one/5edf3u 投資講究「護城河」，你的脊椎也需要最強的「護盤神器」！ 盤勢震盪，每天盯盤十幾個小時，不要錢還沒賺到，腰椎先腰斬。Roichen 推出全新坐墊，讓你的身體基本面跟大盤一樣穩健！ 🪑 Roichen 坐墊系列怎麼選？主委幫你分析： 🟢 新品【穩姿坐墊】（舒適分散型） 適合族群： 工時長、需久坐盯盤、屁股比較沒肉的使用者。 核心功能： 主打「穩定舒適 X 壓力分散」，就像高股息 ETF，提供穩定的緩衝，坐久屁股好蘇胡、大腿沒勒痕。 🔴 經典【正脊坐墊】【優雅椅】（矯正支撐型） 	https://player.soundon.fm/p/954689a5-3096-43a4-a80b-7810b219cef3/episodes/277c6db2-b035-42ea-9168-86abf90d99c0
614	2025-11-29	EP614 | 🌻	50.4	免費仔沒有忠誠度 Dr.情趣 獨家販售【 奧創未來智慧擬態飛機杯 】 全球首創 AI智能瑟瑟夥伴登場🔥 內建10種擬態模式、獨家影片100%即時同步技術 她怎麼動，它就怎麼震！再搭配VR，一秒進入拍片現場 4K沉浸式爽感、臨場爆棚！甚至還能自訂程式律動，自己的高潮、自己造！ 輸入折扣碼【 GOOAYE666 】現折 $300 快用新台幣下架這台人類繁衍滅絕神器吧！ 下架專區：https://drqqtoys.tw/j5mtM 股癌傳送門：http://linktr.ee/gooaye -- Hosting provided by SoundOn	https://player.soundon.fm/p/954689a5-3096-43a4-a80b-7810b219cef3/episodes/9eaeb255-ce22-439c-a039-e9a958efa9b9
613	2025-11-26	EP613 | 🦔	49.9	老黃：我為你開心，真的 🎧 戴上 Sony WH-1000XM6，世界瞬間安靜。 12顆麥克風＋QN3 智慧降噪處理器，一鍵隔離所有喧鬧，錄音室級音質讓每個細節都清晰動人。 想更輕盈？WF-1000XM5 真無線耳機同樣搭載旗艦級降噪與 LDAC 高音質藍牙，體積更小、配戴更舒適，通勤、運動都完美契合。 兩款皆能讓你隨時進入屬於自己的「安靜空間」。 快到 Sony 門市試聽體驗 🎶 👉 https://go.sony.tw/y2ga8ebt #Sony1000X #WH1000XM6 #WF1000XM5 股癌傳送門：https://linktr.ee/gooaye -- Hosting pr	https://player.soundon.fm/p/954689a5-3096-43a4-a80b-7810b219cef3/episodes/b575736d-c615-456d-a74c-860072123cf8
612	2025-11-22	EP612 | 🍒	51.4	一組就是可以拆賣 本集節目由喬致庸國際有限公司贊助 台灣冬季潮濕寒冷！漫長的冬季沒有電暖器真的不行！ 精選2款冬季熱銷電暖器機種，勢必要讓你渡過溫暖的冬天。 電暖器系列下單：https://gbf.tw/qu2f4 飛利浦新款壁掛暖風機： 台灣浴室大多沒有暖房設備，每到冬天洗澡就成了苦差事。 專為浴室設計，整機一體化防水，沐浴更衣過程都很溫暖。 新式石磨烯加熱，升溫更快，也更省電。 DIKE瞬熱廣角恆溫智慧電暖器： PTC陶瓷快速導熱，啟動即瞬熱，溫暖即刻來襲。 蜂窩蜂道搭配渦輪風扇，讓熱氣傳遞更遠。 低噪運轉，暖房安安靜靜，讓你一夜好眠。 這2款電暖器使用阻燃材質，且都搭載過熱及傾倒自動斷電	https://player.soundon.fm/p/954689a5-3096-43a4-a80b-7810b219cef3/episodes/7f6b018c-6b64-4b85-8af6-134cc3ef621e
611	2025-11-19	EP611 | 🧱	50.0	who's with me! 本集節目由【NordVPN】贊助 現在搜尋 https://nordvpn.com/gooaye 或結帳時輸入股癌的專屬優惠碼【gooaye】 購買2年方案＋送四個月 一個月只要一杯咖啡的價格就能取得VPN服務 還有30天試用期，不滿意可隨時取消 #NordVPN 股癌傳送門：http://linktr.ee/gooaye -- Hosting provided by SoundOn	https://player.soundon.fm/p/954689a5-3096-43a4-a80b-7810b219cef3/episodes/4c392bc0-0bac-4074-a0df-43ab8ce75fbd
610	2025-11-15	EP610 | 🍅	50.6	不給休息ㄟ 當你有幸成為大戶，可以影響市場的時候，會做出什麼選擇？ 眠豆腐選擇 ：All in 產品！ 情勒上游供應商，拋棄一切規格品，從獨立筒到舒適層，全新自主研發 重新做出心目中最好的眠豆腐。 即日起，眠豆腐床墊升級3.0 https://link.sleepytofu.com/gooaye 升級一 深蹲獨立筒 臥室猛男、越來越猛 把原本就表現良好的獨立筒，從 20cm 再蹲低到 18cm。 如同性能跑車降低底盤，減少彈簧側傾，更加扎實穩定。 無論躺平或坐床緣，支撐力都有感提升 升級二 肉鬆豆腐棉 表層以中空纖維技術模擬鵝絨的彈力與空氣感 體重再輕，後腰也無空隙，完全放鬆身體， 一躺下去你	https://player.soundon.fm/p/954689a5-3096-43a4-a80b-7810b219cef3/episodes/2fe89a3e-b4ee-490e-8111-3271a1fe9217
609	2025-11-12	EP609 | 🌪️	50.0	標案仔的冬天 現在只要下載 Saily APP，在結帳時輸入優惠代碼 [gooaye]，或透過資訊欄專屬連結：https://saily.com/gooaye，購買方案即享有 85 折的專屬優惠。 #SailyeSIM 股癌傳送門：http://linktr.ee/gooaye -- Hosting provided by SoundOn	https://player.soundon.fm/p/954689a5-3096-43a4-a80b-7810b219cef3/episodes/d2b3da76-e906-41c8-bb80-129e6d23514e
608	2025-11-08	EP608 | 🍭	50.0	願你當餐廳玻璃杯裡泡著檸檬片和冰塊的那杯水 【火星生技 Green X 進化乳清蛋白】 🔝超高蛋白質＋綠原酸 🟢 讓你越戰越強 《股癌》聽眾專屬優惠👉 https://tzk.one/10gooaye 看盤看到眼花、財報看到頭昏，本來從從容容游刃有餘，變成匆匆忙忙連滾帶爬，但健身房會籍繳了大半年卻還是沒辦法成為理想中的大肌肌嗎？ 問題不是你做得不夠多，是需要更有效率的補給策略！ 這種時候就要喝TAIZAKU火星生技的【GreenX進化乳清蛋白】讓精實效率更進化🔥 1111霸氣開戰優惠，馬上下單👉 https://tzk.one/10gooaye 〔27.6g #高含量雙重蛋白質〕 💪提供肌肉生	https://player.soundon.fm/p/954689a5-3096-43a4-a80b-7810b219cef3/episodes/d4fb7bef-b084-478f-8367-e15bf182d4ed
607	2025-11-05	EP607 | 🌲	50.9	two trees 本集節目由【NordVPN】贊助 現在搜尋 https://nordvpn.com/gooaye 或結帳時輸入股癌的專屬優惠碼【gooaye】 購買2年方案＋送四個月 一個月只要一杯咖啡的價格就能取得VPN服務 還有30天試用期，不滿意可隨時取消 #NordVPN 股癌傳送門：http://linktr.ee/gooaye -- Hosting provided by SoundOn	https://player.soundon.fm/p/954689a5-3096-43a4-a80b-7810b219cef3/episodes/f1ac29db-d879-41a1-8283-d32e514a0aa5
606	2025-11-01	EP606 | 🌙	51.5	賈西受夠了大家喇叭 🎙️本集節目由【zZSLEEPER -2°C 涼感忘憂枕】贊助 https://s.add.one/5hyycc 由物理治療師與醫師聯手設計，三種高度、雙弧度切面，無論仰睡沉思、側睡找籌碼，肩頸都能穩穩被支撐住。 本次升級最大亮點：能「降溫」的涼感內枕套，表面採用 100% Wincool 涼感紗，實測體感降 2 度，並通過國際無有害紡織品認證。 簡單講，就是你頭一靠上去就會想：「啊幹，這溫度可以。」 涼歸涼，枕心仍保留涼感親水棉聚氨酯材質，支撐、透氣、柔軟三者兼具。 讓你腦子冷靜下來、心情也跟著降壓的睡眠感。 💤 投資是一場長跑，最好的報酬不是追到最高點，而是每天都醒得剛	https://player.soundon.fm/p/954689a5-3096-43a4-a80b-7810b219cef3/episodes/76782fed-829d-485c-9deb-4e072a771bb8
605	2025-10-29	EP605 | 🪇😎 arigatouuu  😑🎸	52.2	sunshhhinnne lasagnnnna maiiiibe 🎁 股癌限定優惠開跑！ 修麗可 A.G.E 緊緻霜 x 抗老組合搶先雙11🔥 大多數人以為抗老就是一直補膠原蛋白，但你知道嗎？ 真正決定你皮膚緊不緊、挺不挺的關鍵，其實在於「膠原蛋白能不能被好好保護」。 修麗可抗老王者組合，從「膠原新生」到「膠原保護」讓你真正有效抗老 無論是送媽媽、老婆，還是犒賞自己，都超級適合！ 📦 股癌專屬賣場 👉 https://www.momoshop.com.tw/category/DgrpCategory.jsp?d_code=2176300054&osm=t04&utm_source=BD_024	https://player.soundon.fm/p/954689a5-3096-43a4-a80b-7810b219cef3/episodes/f00112fa-fa21-4781-9b6a-6073342d92e9
604	2025-10-25	EP604 | 🦚	53.3	蓮花燈國民外交 股癌獨家，悠活原力雙11搶先開跑，黃金、iPhone 17 Pro好獎等您抽! 醣類控管看這裡!飯前吞一顆「悠活好代謝 苦瓜胜肽+牛樟芝」 「苦瓜胜肽2入組120粒$3111」，【加贈葉黃素10粒、薑黃10粒、155mo幣】 🍑momo專屬賣場 → https://yohopower.net/RZlho 🏆專利定序苦瓜胜肽，320倍的濃縮精華 ✅美國唯一FDA核可苦瓜胜肽 ✅10國及歐盟獨家專利 ✅多篇國際權威期刊發表 ✅幫助血糖調控 🏆台灣紅寶石牛樟芝，有助調節生理機能 ✅獨家固態發酵技術 ✅台日中德美8 張專利認證 ✅三大國際發明獎 🏆國內外實力掛保證 ✅Monde Sel	https://player.soundon.fm/p/954689a5-3096-43a4-a80b-7810b219cef3/episodes/a004db3f-6021-41bc-9c07-080a066e5905
603	2025-10-22	EP603 | 🐠	50.6	各種缺 大家有沒有在某一刻突然發現爸媽年紀真的大了！手機教不會、講話重複好幾次、出去玩沒多久就開始累，開始什麼都有點跟不上… 那一瞬間你開始擔心他們的健康 其實年紀大了，吸收營養的能力會下降，偏偏胃口也變小， 長輩其實不一定都能吃到關鍵的營養素， 所以推薦大家 “銀寶善存”！ 銀寶善存是專為熟齡族群設計的綜合維他命，更針對年齡跟性別增量配方 含有22種人體必需的營養素，保護健康，降低外在影響* 增量鎂，幫助心臟正常功能 增量E，抗氧化 增量B1、B12幫助思緒清晰 9成愛用者，吃了都有感^^ 有吃真的有差，長輩身體健康，我們才能放心。 📣現在有主委專屬優惠價 🛒守護長輩健康 -- 男女銀寶善存	https://player.soundon.fm/p/954689a5-3096-43a4-a80b-7810b219cef3/episodes/2e90c411-12f7-4b73-80a1-8d00dd31ed46
602	2025-10-18	EP602 | 🐈‍⬛	50.0	我會怕兒子 現在只要下載 Saily APP，在結帳時輸入優惠代碼 [gooaye]，或透過資訊欄專屬連結：https://saily.com/gooaye，購買方案即享有 85 折的專屬優惠。 #SailyeSIM 股癌傳送門： http://linktr.ee/gooaye -- Hosting provided by SoundOn	https://player.soundon.fm/p/954689a5-3096-43a4-a80b-7810b219cef3/episodes/ef1769de-07ea-44cd-9952-fe36df5c2cc5
601	2025-10-15	EP601 | 🐜	52.0	G 社示範樣樣精通 本集節目由【NordVPN】贊助 現在搜尋 https://nordvpn.com/gooaye 或結帳時輸入股癌的專屬優惠碼【gooaye】 購買2年方案＋送四個月 一個月只要一杯咖啡的價格就能取得VPN服務 還有30天試用期，不滿意可隨時取消 #NordVPN 股癌傳送門：http://linktr.ee/gooaye -- Hosting provided by SoundOn	https://player.soundon.fm/p/954689a5-3096-43a4-a80b-7810b219cef3/episodes/f9d1dfdc-27b3-430b-b919-38cffe0ba9e9
600	2025-10-11	EP600 | 🏕️	51.0	公園人多能互相安撫 最近是否吃飯配工作，三餐常常外食，擔心消化道機能嗎? 善存3效順暢益生菌，好消化、好代謝、給你青春好體質*！ 善存是70年大品牌，推出3效順暢益生菌，「雙專利益生菌、搭配鳳梨酵素」，３效助你養出消化道好環境#。專利代謝菌^，代謝順暢#，大大乾淨，一週養出六倍好菌^。專利青春菌，維持健康，人自然年輕。還有添加鳳梨酵素，水果風味酸甜好入口，面對外在挑戰, 由根本保護健康’！ 另外，善存還有舒眠益生菌，食品級植萃成份，擁有五大晚安因子：添加專利舒眠番紅花*、多國專利益生菌**、GABA***、芝麻素****、色胺酸等，可以幫助放鬆、好入睡！讓你天天吃好安心，想睡就睡、睡醒精神好^	https://player.soundon.fm/p/954689a5-3096-43a4-a80b-7810b219cef3/episodes/c6410d83-6e9b-4ead-a3cd-7428465487b5
599	2025-10-08	EP599 | 🐦‍⬛	51.8	命運共同體 🔥 本集節目由【SHARP 夏普】贊助 https://s.add.one/7pztw8 政府普發一萬，夏普再加碼一萬！ 根本不用等雙11，現在直接開打💥 🌀 全系列家電幾乎通通有 除濕機、空清機、洗衣機、電視、吸塵器、水波爐、電扇、洗脫烘—— 台灣這種鬼天氣的救星都在這。 🎁 活動雙重送 ．滿十萬送一萬全聯禮券（限量100名，送完為止） ．不限金額抽20位再送一萬 ⚡ 必看重點機種： ．除濕＋自動除菌離子 → 空氣魔法機 ．全電壓吹風機＆造型夾 → 沙龍級護髮神器 ．65～99吋 QLED 顯示器 → 打羊蹄山戰鬼爽爆 ．滾筒洗＋熱泵烘衣機 → 榮獲IF設計獎，還送堆疊架 💥 主	https://player.soundon.fm/p/954689a5-3096-43a4-a80b-7810b219cef3/episodes/3d44d215-15ea-42fb-a552-c83a8cb8764b
598	2025-10-04	EP598 | 🥗	50.7	老 AI 重新拉皮 直男巧虎都愛了🔥一杯10大卡｜魔度台茶氣泡飲➜ https://reurl.cc/GN2mkW 孟恭孟恭你老公放進「健康投資組合」的新標的— 順口、解膩，口感連男性也喝得懂的茶風味🫖 📈投資報酬率，除了資金，健康更重要！ 熬夜盯盤、應酬大餐，代謝開始走下坡 甚至連喝水都覺得會跟氣球一樣越吹越大？ 小心！這可能是「健康資產」被侵蝕的徵兆 不該存在的焦慮，今天該停損了。 2024年被譽為＂斷貨王＂魔度飲 幫畫重點，直接收藏 ✔ 一錠10卡，熱量超低卡 ✔ 無人工添加與農藥殘留 ✔ 輕巧方便包裝，一小管含20錠 ✔ 不受時間地址限制，只要有水都能泡 隨時丟進水裡 #快速補水&解膩	https://player.soundon.fm/p/954689a5-3096-43a4-a80b-7810b219cef3/episodes/25b5d8d9-e25d-4d82-9580-8668ae881161
597	2025-10-01	EP597 | 🦔	50.4	甩轎是怎樣 本集節目由【NordVPN】贊助 現在搜尋 https://nordvpn.com/gooaye 或結帳時輸入股癌的專屬優惠碼【gooaye】 購買2年方案＋送四個月 一個月只要一杯咖啡的價格就能取得VPN服務 還有30天試用期，不滿意可隨時取消 #NordVPN 股癌傳送門：http://linktr.ee/gooaye -- Hosting provided by SoundOn	https://player.soundon.fm/p/954689a5-3096-43a4-a80b-7810b219cef3/episodes/de2cf547-d1c5-45c1-b39e-506f285fa084
596	2025-09-27	EP596 | 🧃	52.5	好久沒喊救命 本集節目由【飛利浦】贊助 投資市場有風險，但投資自己一定穩賺不賠。飛利浦LatteGo全自動義式咖啡機 EP5000 系列 冷熱雙萃功能超猛，一鍵即享熱咖啡、冰咖啡。LatteGo 奶泡系統做出的奶泡綿密像雲朵，無奶管設計，15 秒就可以快速拆洗，超方便。20多款世界飲品可以選擇，Espresso、Cappuccino、Flat White咖啡通通有 市場怎麼走不一定，但每天一杯好咖啡，報酬率一定正 飛利浦 LatteGo全自動義式咖啡機EP5000 系列，不買你會虧爆！ 股癌5星推薦★https://momo.dm/V6jJVN 9/27-10/3限定活動，首度下殺 79 折，	https://player.soundon.fm/p/954689a5-3096-43a4-a80b-7810b219cef3/episodes/dbb143e0-2456-4e49-9761-0e5369b70583
595	2025-09-24	EP595 | 🦘	50.0	還是謝謝小屁仙陪我玩== 本節目由【長榮航空EVA SKY SHOP免稅預購網】贊助 最近市場情勢詭譎多變，錢亂丟沒效率，不如投資自己更重要！買張長榮機票、出發前15天到24小時上網逛逛 EVA Sky Shop免稅預購網，不僅能消解看盤壓力，還能買優惠精品犒賞自己，這才是穩賺不賠的生活指標。 長榮航空 EVA Sky Shop 免稅預購網即日起~10/31週年慶活動優惠二選一，全館最低77折，單筆滿$3,000元還可抽機票和哩程，報酬率直接衝上天。 現在就上EVA Sky Shop免稅預購網搶好康! https://reurl.cc/EQ7Gov 股癌傳送門： http://linktr.e	https://player.soundon.fm/p/954689a5-3096-43a4-a80b-7810b219cef3/episodes/1153ee14-2be6-41dd-8665-fc81b49cfa65
594	2025-09-20	EP594 | 🪸	49.8	蘇媽滿坦的 本集節目由【NordVPN】贊助 現在搜尋 https://nordvpn.com/gooaye 或結帳時輸入股癌的專屬優惠碼【gooaye】 購買2年方案＋送四個月 一個月只要一杯咖啡的價格就能取得VPN服務 還有30天試用期，不滿意可隨時取消 #NordVPN 股癌傳送門：https://linktr.ee/gooaye -- Hosting provided by SoundOn	https://player.soundon.fm/p/954689a5-3096-43a4-a80b-7810b219cef3/episodes/86734d23-3fb0-4bb6-af3b-47f8f440d6bc
593	2025-09-17	EP593 | 🐙	52.6	音浪開始增強 做好有神保養，精準投資，不再股海茫茫！ 善存葉黃素，3週看見不同+! 好吸收** 高17%*** 9/17-9/23股癌獨家Momo限時專屬優惠組合! 購買善存葉黃素3入組，直接打85折，主委再加碼送【善存3效順暢益生菌粉末顆粒4包】3盒！ 9/18當天下單還有機會獲得善存超大牌活動滿額好禮！ 這麼好康！立馬手刀買進！👉 https://reurl.cc/WOyAWy +係指葉黃素原料經科學研究發現， 葉黃素濃度改變可在第21天看出顯著差異 *此產品為游離型葉黃素，分子量大約為酯化型葉黃素之1/2。 游離型葉黃素為 人體可直接吸收之型式。 **指葉黃素吸收程度上差異。游離型葉黃素	https://player.soundon.fm/p/954689a5-3096-43a4-a80b-7810b219cef3/episodes/3e6e0d8f-80c5-4d28-94b2-c4dc0f0f74b0
592	2025-09-13	EP592 | 🍀	50.0	又開吃了 高報酬、低風險的投資 就是 MAGEASY iPhone 17 系列配件 不做短線操作，只做長久保護 無論市場怎麼震盪，抗『跌』力始終如一 ​ 🔥Odyssey Ultra M 終極防摔磁吸支架掛繩手機殼 ✨軍規防摔最高可達 #25英尺，達到極致保護 ✨4 個防摔邊角可以替換成掛耳邊角或尼龍邊角，自由搭配掛、手繩 ✨#360 度旋轉支架，看劇看股必備，支架即 MagSafe 磁圈，無線充電磁吸穩固 ✨附贈的 25mm Fidlock 機能掛繩，一秒獨立拆卸手機，空出雙手打電動 ​ 🔥Lenz 藍寶石鏡頭貼 ✨人造藍寶石製成，抗刮力超強 ✨官網註冊會員即享一年保固，保固期間破損即可 #	https://player.soundon.fm/p/954689a5-3096-43a4-a80b-7810b219cef3/episodes/a63b1ace-ee83-4a3e-a336-fc63c8d30cd8
591	2025-09-10	EP591 | ♟️	50.0	他全都要 現在只要下載 Saily APP，在結帳時輸入優惠代碼 [gooaye]，或透過資訊欄專屬連結：https://saily.com/gooaye，購買方案即享有 85 折的專屬優惠。 #SailyeSIM 股癌傳送門： http://linktr.ee/gooaye -- Hosting provided by SoundOn	https://player.soundon.fm/p/954689a5-3096-43a4-a80b-7810b219cef3/episodes/ec6ef62b-3894-4189-8a77-8137d8aa683a
590	2025-09-06	EP590 | 🫏	50.0	福陽兄沒說錯，他真的吃很飽 本集節目由【NordVPN】贊助 現在至 NordVPN 的 IG、FB 或 LinkedIn 還可以免費收看和知名 IP【Marvel】合作，一起推出的免費電子漫畫。 除此之外，搜尋 https://nordvpn.com/gooaye 或結帳時輸入股癌的專屬優惠碼【gooaye】 購買2年方案＋送四個月 一個月只要一杯咖啡的價格就能取得VPN服務 還有30天試用期，不滿意可隨時取消 #NordVPN 股癌傳送門：https://linktr.ee/gooaye -- Hosting provided by SoundOn	https://player.soundon.fm/p/954689a5-3096-43a4-a80b-7810b219cef3/episodes/7097945d-d088-4018-b105-4e6a3876b0a7
589	2025-09-03	EP589 | 🦋	50.0	這盤是有多少飢渴的在下面等啊 本集節目由【Roichen】贊助 https://s.add.one/5edf3u 別再用眼睛和脊椎去當賭注了！投資自己，從改善工作環境開始。本集節目由我的老朋友 Roichen 贊助播出，一次為你解決工作時最常見的三大痛點： Roichen 好折燈：雙光源設計，直接消滅陰影 。光線均勻，不再忽明忽暗，就像找到一檔穩定的定存股，讓你的眼睛不再疲勞 。 Roichen 正脊坐墊：就像你的基本面分析師，隨時提醒你坐姿要挺，讓腰背得到支撐，人生不再腰斬。 Roichen 優雅椅：久坐重度使用者的首選。6度傾斜底座設計，讓你的腰臀被完整支撐，坐得正直，就像找到一個穩定的投	https://player.soundon.fm/p/954689a5-3096-43a4-a80b-7810b219cef3/episodes/be070751-0c82-495d-bd6f-bda64bcd4f48
588	2025-08-30	EP588 | 🐦‍⬛	49.8	好熱 「猛恭你老公」健康投資快報 美國保健品龍頭 iHerb，超過 5 萬種正品，價格實惠、品質頂尖 推薦必買：Doctor’s Best 葉黃素👀、Viactiv 鈣+D 軟咀嚼片，輕鬆強健骨骼💪 iHerb 29歲生日的期間限定優惠： 🎁8/30-9/9輸入優惠碼 「GOOAYE2」享 71 折 🎁9/10-9/24輸入優惠碼 「GOOAYE3」享 78 折 馬上去結帳👉 https://maac.io/4AI5q 折扣碼適用地區：台港澳、東南亞、美國、紐澳、泰國、菲律賓 ※台灣半年內跨境購物 6 次、單筆不超過 NT$2,000 還能享免稅 股癌傳送門：http://linktr.ee/	https://player.soundon.fm/p/954689a5-3096-43a4-a80b-7810b219cef3/episodes/c4d5bc11-975f-4443-a8f4-ed74c86a8c6f
587	2025-08-27	EP587 | 🍯	50.0	再快一點 【如邑堂】台灣蟬聯五屆太陽餅冠軍 嚴選食材、口味創新、使用「海藻糖」全面降低甜度 2025中秋禮盒優惠｜中秋送禮超有面子 ✅滿額優惠｜滿1500折100，滿3500折300，滿6500折500 ✅滿額贈｜滿3500送餡金流蛋黃酥6入1盒（單筆最高可累贈20盒） ✅免運優惠｜滿$1500超取免運、滿$2500宅配免運 🔗下單連結：https://ruyi-sunnycake.com/GOOAYE 股癌傳送門： http://linktr.ee/gooaye -- Hosting provided by SoundOn	https://player.soundon.fm/p/954689a5-3096-43a4-a80b-7810b219cef3/episodes/a9675d79-34ce-4361-b21a-03a5c3525441
586	2025-08-23	EP586 | 🐐	50.1	船開太快 本集節目由【NordVPN】贊助 現在搜尋 https://nordvpn.com/gooaye 或結帳時輸入股癌的專屬優惠碼【gooaye】 購買2年方案＋送四個月 一個月只要一杯咖啡的價格就能取得VPN服務 還有30天試用期，不滿意可隨時取消 #NordVPN 股癌傳送門：http://linktr.ee/gooaye -- Hosting provided by SoundOn	https://player.soundon.fm/p/954689a5-3096-43a4-a80b-7810b219cef3/episodes/b716b431-8534-47f2-8628-d55c6eaa8d20
585	2025-08-20	EP585 | 🐊	50.5	伸伸懶腰開始工作啦 天氣熱到翻，被子也要跟著換季 怕熱的你先看 輕輕十月被——輕薄涼爽、透氣不悶熱，比十月被輕 40%，蓋起來超輕盈，收起來不占空間。 十月被則是輕盈保暖、透氣好睡，這次素色系列還加了新色，家裡怎麼擺都好看。 全系列免被套、可機洗、長期蓬鬆耐用。 https://reurl.cc/dayrE2 結帳輸入股癌專屬優惠碼 gooaye，全系列 享88 折 十月被、冬月被、童伴睡袋、輕輕十月被通通算 滿 3300 還送專用羽絨洗劑，用對洗劑，蓋子蓬鬆耐用更久 優惠只到 9/28，睡到好，波段才抱得久！ 股癌傳送門 ： http://linktr.ee/gooaye -- Hostin	https://player.soundon.fm/p/954689a5-3096-43a4-a80b-7810b219cef3/episodes/14aa4e3e-ae2b-4539-ac26-d5fda384ca58
584	2025-08-16	EP584 | 🍅	49.8	隔壁村山崩我有緊張 還沒入手純鈦杯的，趕快上車！ 太空新款 主委團購首賣👉 https://woky.tw/uu4hb 投資想要好，績優股不可少 我口袋名單裡的長期績優就是—WOKY 純鈦 Ti 渾圓杯，新款登場啦！上次推過之後，好評如潮～絕對值得長期投資的好用飲料杯，最愛WOKY渾圓杯！ 茶飲、咖啡、果汁通通穩定盛裝，耐酸鹼、無塗層，就算用鐵湯匙攪拌也沒在怕 這次新品首發 ——「太空限定款」TI EXPLORE 純鈦提手運動瓶 800ml是NASA的新款，重量跟手機差不多輕，直筒設計車架、包包都能穩穩卡位！ 現在限時優惠，主委聽眾獨享——組合價只要1888元！ \ TI EXPLORE 純鈦	https://player.soundon.fm/p/954689a5-3096-43a4-a80b-7810b219cef3/episodes/d3860cb3-461a-40fc-b7ee-7c59249ed87a
583	2025-08-13	EP583 | 🌲	50.3	肖楠 info@calocedrusvc.com 本集節目由 Saily 贊助 現在只要下載 Saily APP， 在結帳時輸入優惠代碼 [gooaye]， 或透過資訊欄專屬連結：https://saily.com/gooaye， 購買方案即享有 85 折的專屬優惠。 #SailyeSIM 股癌傳送門：https://linktr.ee/gooaye -- Hosting provided by SoundOn	https://player.soundon.fm/p/954689a5-3096-43a4-a80b-7810b219cef3/episodes/ec2b2ad6-0e33-44b7-bd07-54796c7ff708
582	2025-08-09	EP582 | 🍔	50.0	道場要被清空啦 本集節目由【NordVPN】贊助 現在搜尋 https://nordvpn.com/gooaye 或結帳時輸入股癌的專屬優惠碼【gooaye】 購買2年方案＋送四個月 一個月只要一杯咖啡的價格就能取得VPN服務 還有30天試用期，不滿意可隨時取消 #NordVPN 股癌傳送門：http://linktr.ee/gooaye -- Hosting provided by SoundOn	https://player.soundon.fm/p/954689a5-3096-43a4-a80b-7810b219cef3/episodes/8a023304-cb91-4301-be67-3d5cb11ea4a3
581	2025-08-06	EP581 | 🫏	50.0	happy everyday ♪ 本集節目由【zZSLEPER 忘憂枕】贊助 https://s.add.one/5hyycc 你可以一天聽三場法說、複盤十張圖表、Discord 滑到凌晨兩點，盤後的世界有時候比盤中還精彩，但再多的資訊，如果醒來脖子卡住、肩膀緊繃，一切都白搭。 我們不是不努力，是根本沒睡好，投資人需要的不只是「睡」，而是能支撐你的那種睡法。 【zZSLEPER 忘憂枕】由物理治療師和醫師聯手設計，三種高度＋雙弧度切面，不管你是正躺沉思，還是側睡滑群組找籌碼，它都能穩穩撐住你的肩頸，讓你醒來不歪、不緊、不氣自己。 材質選用的是涼感親水棉聚氨酯，它不只涼爽透氣，還結合了記憶枕的支	https://player.soundon.fm/p/954689a5-3096-43a4-a80b-7810b219cef3/episodes/92bc6758-92b3-40ed-88db-08cf8c2d92b8
580	2025-08-02	EP580 | 🦙	50.0	講故事的能力很重要ㄟ 嘿，猛不是天生的，是靠補的💥 https://reurl.cc/9R9keV 「你怎麼這麼猛，錄音錄不累喔？」 每當被問起，我都是這麼回答 📉行情震盪的時候，靠的是冷靜 📈但冷靜之前，你得有體力扛得住💢 忙盤中、盯美股、還要顧老婆小孩 體力早就像崩崩鳥東西樣穩穩賠光了 所以我現在固定補一包： 📦巔峰添加 人體超充 成分乾淨、補得快， 就像補進一根紅K，撐住全場🔥 【MIHONG®司令B群黑紅瑪卡💊】 #膠囊版 #日常保養 ☑專利祕魯95%高純度MacaPro黑紅瑪卡 ☑600%高濃縮技術萃取，吸收UP！ ☑多項草本精華調節生殖機能 ☑足量L-精胺酸，幫助增強體力 ☑兩顆膠	https://player.soundon.fm/p/954689a5-3096-43a4-a80b-7810b219cef3/episodes/5f2f44a2-266d-4694-ab53-a538832044a8
579	2025-07-30	EP579 | 🐔	50.0	詩客還沒想通 還在擔心每次乾杯後，隔天會成為辦公室的行屍走肉嗎？ 想要成為隔天依然精神飽滿的不倒武士 TAIZAKU火星生技的【斬宿薑皇】就是你的最強武器！ 🔥全年最優惠，馬上下單👉 https://tzk.one/2507gooaye 🍺不倒武士必備：【斬宿薑皇】 大口乾杯，隔日好精神 ☑️添加獨家御守三皇：專利薑黃、桑黃、黃連 ，以及11種皇級日漢複方 達到『加速代謝、強化保護、休復回補』 31倍強化 ☑️次日滿血復活， 斬宿酒粕活性｜4倍強化 ☑️膠囊設計，低調霸氣不外露 *詳細資訊請到官網查看 🐟讓你不斷晉升、效率制霸前輩的【武倍魚油】 ☑️搭配EPA+DHA+ESF ☑️劑量高達 1	https://player.soundon.fm/p/954689a5-3096-43a4-a80b-7810b219cef3/episodes/e6b92a1b-0490-44e9-aa8c-13fb24b6a207
578	2025-07-26	EP578 | 🐎	50.0	我會煎荷包蛋 本集節目由眠豆腐贊助 眠豆腐涼感組合以合理的價格為你家臥室帶來封頂的涼感價值 眠豆腐涼被 嬰兒肌膚般的滑溜觸感！以90% 高針數尼龍混紡 +10% 優涼彈性纖維，獨門特殊織法，給你Q-Max0.515碾壓級的涼感！ 一躺下就給你來個全身冰涼控場！ 豆腐冰棒 用涼被同款冰紗製成的巨型抱枕，有軟、硬兩種選擇，除了表面超滑涼，還是睡姿矯正器，側睡無尾熊夾抱、仰睡墊膝蓋下都超好用！ 把你的不良睡姿一棒破防！ 涼滑冰沙床包 也是涼被同款涼感材質製成，讓眠豆腐一秒變身涼感床墊，拆卸換洗都方便。而且尺寸全開，不管是單人雙人加大特大，或是I牌M牌全部都有！給入睡的全家人降下無差別AOE冰凍魔法！	https://player.soundon.fm/p/954689a5-3096-43a4-a80b-7810b219cef3/episodes/8147ed67-376e-41d2-8493-35cbe190fa09
577	2025-07-23	EP577 | 🪿	50.4	週二先試膽大會預演 年過30，感覺身體狀態跟以前有差嗎？ 想要維持年輕狀態，就要給身體豐富的養分！ 善存有22種人體必需關鍵營養素，更針對男女需求增量配方，給你6大年輕狀態*： 好氣色💖 好代謝💫 好活力💪 好入睡💤 思緒清晰💡 好精神🤩 9成愛用者 真實感受！^^ 📣現在買有股癌聽眾驚喜價！ 🛒男女善存 https://reurl.cc/Mz13O3 🛒男女銀寶善存 https://reurl.cc/koNnOb ---------------- *青春美麗、增強體力、幫助入睡、促進新陳代謝、維生素B1有助神經系統正常功能、精神旺盛 ^^根據 IQVIA Solutions Asia Pte	https://player.soundon.fm/p/954689a5-3096-43a4-a80b-7810b219cef3/episodes/ff26504c-1420-4098-80e3-4a698ce045e2
576	2025-07-19	EP576 | 🐛	50.0	頭也不回是怎樣 本集節目由【NordVPN】贊助 現在搜尋 https://nordvpn.com/gooaye 或結帳時輸入股癌的專屬優惠碼【gooaye】 購買2年方案＋送四個月 一個月只要一杯咖啡的價格就能取得VPN服務 還有30天試用期，不滿意可隨時取消 #NordVPN 股癌傳送門：http://linktr.ee/gooaye -- Hosting provided by SoundOn	https://player.soundon.fm/p/954689a5-3096-43a4-a80b-7810b219cef3/episodes/68d1eb6f-cf80-4628-9b7a-ec69481eb84a
575	2025-07-16	EP575 | 🥝	49.9	失而復得 本集節目由 Saily 贊助 現在只要下載 Saily APP 在結帳時輸入優惠代碼 [gooaye] 或透過資訊欄專屬連結：https://saily.com/gooaye 購買方案即享有 85 折的專屬優惠 #Saily 股癌傳送門：https://linktr.ee/gooaye -- Hosting provided by SoundOn	https://player.soundon.fm/p/954689a5-3096-43a4-a80b-7810b219cef3/episodes/008a57a0-df97-4527-a4ee-bde95568cd57
574	2025-07-12	EP574 | 🐋	50.6	聒聒 一吐一吸之間，漲跌好像都不重要了 現代人追求身心靈平衡，你一定需要尼泊爾正宗瑜伽！ 🧘早上醒腦、下班舒壓、睡前放鬆🧘‍♀️ 跟一般傳統純動作瑜伽不同 結合體式 x 呼吸法 x 冥想 不用跑到喜馬拉雅山腳下 在台灣就能體驗來自發源地的正宗瑜伽！ 🔥3萬人都在練這堂 從基礎的 #瑜伽理論 開始 到進階的呼吸法與 #導引練習 幫助另一半產後身體放鬆恢復 20～60分鐘客製化設計 全家大小都能練！ 直男巧虎真心推薦 👉https://hi.sat.cool/5qglY 【尼泊爾正宗瑜伽】#部分課程已上架 #即買即學 ✴︎ 35個體式正位教學：包含動作意義、用途、正位引導與常見錯誤糾正，學習最正確	https://player.soundon.fm/p/954689a5-3096-43a4-a80b-7810b219cef3/episodes/b8bda44a-9b42-479e-b93e-cc1c98f3e3be
573	2025-07-09	EP573 | 🐻‍❄️	50.7	想留不能留才最寂寞 本集節目由【SAHOLEA森歐黎漾】贊助 別再看K線焦慮到抓頭髮了，給頭皮一點基本面 讓髮根站回技術線上，穩住髮根、就像穩住你的投資信心！ 風險控管靠股癌，頭皮控管靠森歐黎漾 #髮界小棕瓶 #咖啡因豐盈養髮液 就是專屬頭皮的保養品 ▸活絡頭皮 強健髮根 使用前再搭配 #咖啡因淨化液 ▸溫和淨化頭皮角質 #咖啡因健髮洗髮精 ▸打造髮根蓬鬆髮絲強韌 乾性/油性髮質兩款可選 全系列配方含德國咖啡因與植萃胜肽 ✨溫和0矽靈，搭配清新木質香氣 👌簡單3步驟: 1淨2洗3養髮 快速完成頭皮養護! #森歐黎漾 全系列洗沐產品優先使用天然或有機認證植萃 🏆獲得世界肯定的MIT洗沐品牌 即日	https://player.soundon.fm/p/954689a5-3096-43a4-a80b-7810b219cef3/episodes/9f231aef-172c-4a21-af43-720011b8d6a3
572	2025-07-05	EP572 | 🐌	50.7	2025 過一半了== 本集節目由【NordVPN】贊助 現在搜尋 https://nordvpn.com/gooaye 或結帳時輸入股癌的專屬優惠碼【gooaye】 購買2年方案＋送四個月 一個月只要一杯咖啡的價格就能取得VPN服務 還有30天試用期，不滿意可隨時取消 #NordVPN 股癌傳送門：http://linktr.ee/gooaye -- Hosting provided by SoundOn	https://player.soundon.fm/p/954689a5-3096-43a4-a80b-7810b219cef3/episodes/53a007f4-9f0c-4f92-88f8-6d2941b97250
571	2025-07-02	EP571 | 🦑	50.0	亂槍打鳥 本集節目由【Roichen】贊助播出 https://s.add.one/5edf3u Roichen iCUT 微波專用減醣料理鍋（新品上市！） ☑ 微波低壓設計，白飯降糖（SGS認證） ☑ 白飯、泡麵、包子 5～12 分鐘搞定，宵夜早餐神隊友 Roichen iVACUUM 真空保鮮盒（新品上市！） ☑ 韓國熱銷90億、雙設計獎加持（紅點 & Good Design） ☑ 一鍵抽真空，保鮮延長5倍 ☑ 通過連續31天真空 & 抗菌測試 ☑ 微波冷凍洗碗機都OK，出門也能保鮮 Roichen優雅椅 ☑ 人體工學坐墊 + 升降設計，維持正確坐姿不費力 ☑ 價格親民，效果直逼高階辦公椅	https://player.soundon.fm/p/954689a5-3096-43a4-a80b-7810b219cef3/episodes/3082fb1a-8198-4dd5-bb57-b86f146eec30
570	2025-06-28	EP570 | 🐗	49.3	搬貨 歡慶 AWS 區域級資料中心（AWS Asia Pacific (Taipei) Region）在台灣正式啟用，特別舉辦限定活動，新戶註冊即送贈品，數量有限，越早完成註冊 + 登記領取，即有機會拿到 AWS 保溫瓶！ 「直男巧虎粉」專屬連結：https://reurl.cc/yRVa2E 2025 AWS 台灣雲端高峰會即將登場，邀請您一起深入探討最新推出的 AWS 亞太（台北）區域相關應用，活動當天重點將包含來自全球與本地關鍵企業領袖的 主題演講，超過 70 場分堂議程，並設有 ExecLeader 論壇、實作工作坊與新創 AI 賦能日及多項 AI 互動專區，歡迎有興趣的各位即刻報名。	https://player.soundon.fm/p/954689a5-3096-43a4-a80b-7810b219cef3/episodes/c4de3c28-ee75-47d3-91fa-01dcd3b639b4
569	2025-06-25	EP569 | 🐦‍🔥	53.7	搞電 最近是否吃飯配工作，三餐總是外食，擔心消化道機能嗎? 善存3效順暢益生菌，每天一包，好消化、好代謝、青春好體質* 另外，善存舒眠益生菌，食品級植萃成份，擁有五大晚安因子，天天吃好安心，讓你想睡就睡^^! 6/25~7/8購買善存3效順暢益生菌40包入兩盒只要$1443，現省$355，主委加碼再送4包1盒！ 舒眠益生菌同步有加碼優惠，趕快點下方連結了解更多！ 📣主委專屬優惠在這裡： 善存3效順暢益生菌: https://reurl.cc/vQM54y 善存舒眠益生菌: https://reurl.cc/VY93lZ *青春美麗，調整體質 #改變細菌叢生態、維持消化道機能、調整體質 ^係指L	https://player.soundon.fm/p/954689a5-3096-43a4-a80b-7810b219cef3/episodes/1d4dead1-e21c-4da2-8ee1-6e2978013a1d
568	2025-06-21	EP568 | 🐧	51.8	三高了才懂得 本集節目由 Saily 贊助 現在只要下載 Saily APP 在結帳時輸入優惠代碼 [gooaye] 或透過資訊欄專屬連結：https://saily.com/gooaye 購買方案即享有 85 折的專屬優惠 股癌傳送門：https://linktr.ee/gooaye -- Hosting provided by SoundOn	https://player.soundon.fm/p/954689a5-3096-43a4-a80b-7810b219cef3/episodes/40e73f80-2b68-465f-b08e-95902c915673
567	2025-06-18	EP567 | 🦒	50.0	原來底褲就是財庫 本集節目由【NordVPN】贊助 現在搜尋 https://nordvpn.com/gooaye 或結帳時輸入股癌的專屬優惠碼【gooaye】 購買2年方案＋送四個月 一個月只要一杯咖啡的價格就能取得VPN服務 還有30天試用期，不滿意可隨時取消 #NordVPN 股癌傳送門：https://linktr.ee/gooaye -- Hosting provided by SoundOn	https://player.soundon.fm/p/954689a5-3096-43a4-a80b-7810b219cef3/episodes/538bbecd-f91a-4955-94b5-c5f07d4921fd
566	2025-06-14	EP566 | 🌵	49.9	無遠弗屆 身為市場猛男，最需要它📈 https://reurl.cc/bW8ZGv 面對市場波動和無數報表壓力 只能靠它，牢牢將『魅力』鎖在頂上 壓力大，作息不穩定，營養跟不上 頂上開始鬆脫，整個人看起來疲憊又沒精神 每天工作12小時 常常焦慮到睡不好， 飯後兩顆－夏初生法蓬蓬 輔助調理體質 補足營養 股市大跌也好 盤勢波動也罷 頂上的狀況卻越來越穩定 茂密得讓人驚艷😲 這份安心感在高壓環境下更有自信！ 你是不是常常有這種感覺👇 ✔️ 頂上膚色處看得越來越清楚 ✔️ 抓一把總是好幾戳 ✔️ 量的多寡已經造成容貌焦慮 ⠀ 不是只有你，高效生活下的精英 往往最容易忽略營養補給 每天在市場節奏中穿梭	https://player.soundon.fm/p/954689a5-3096-43a4-a80b-7810b219cef3/episodes/3e0a2c07-ea04-490c-8c47-332bec480af4
565	2025-06-11	EP565 | 🦛	51.0	出門在外總得被埋個幾次 本集節目由 SHARP 夏普 贊助 https://s.add.one/7pztw8 💥 夏普 2025 新品＋人氣家電 俗甲扣八線上特賣開始！ 全系列機種都搭載獨家黑科技「自動除菌離子」——就是那顆長得像葡萄的 LOGO 🍇！世界首次實證可抑制新冠變異株，同時釋放正負離子，主動打擊空氣中的病毒、細菌、黴菌、過敏原，淨化還原成健康的水分子，讓你家呼吸品質 Level Up！ 主委幫大家介紹幾款超實用家電： 🔹 除濕機：梅雨季最有感神器，開下去晾衣時間縮短一半，濕度還能自己調，對人跟毛孩都健康！有 6L、8.5L、12L 三種容量，其中最推 8.5L，CP 值爆表，節能退	https://player.soundon.fm/p/954689a5-3096-43a4-a80b-7810b219cef3/episodes/2c22f8cb-acc4-475f-9624-ee095f5b717c
564	2025-06-07	EP564 | 🍙	50.0	：boys will be boys 本集節目由【NordVPN】贊助 現在搜尋 https://nordvpn.com/gooaye 或結帳時輸入股癌的專屬優惠碼【gooaye】 購買2年方案＋送四個月 一個月只要一杯咖啡的價格就能取得VPN服務 還有30天試用期，不滿意可隨時取消 #NordVPN 股癌傳送門：https://linktr.ee/gooaye -- Hosting provided by SoundOn	https://player.soundon.fm/p/954689a5-3096-43a4-a80b-7810b219cef3/episodes/e0129ef0-bea3-4485-9aae-d50f61c392bc
563	2025-06-04	EP563 | 🕸️	49.5	外面在講說打過星海的都是大叔 《神州M》x《活俠傳》逆天改命當大俠! 宇峻奧汀於2002年推出至今2025年還仍在營運的「神州Online」 台灣最長壽武俠，正統續作《神州M》6月18日即將上市啦 神州可以說是武俠遊戲 經典中的經典， 首波上市更與《活俠傳》深深深深度聯動，強強聯手 不論是新玩家或是資深玩家們 一起踏入《神州M》浩瀚武林、喚醒你對江湖廝殺的熱血記憶！ 現在只要6/17(二) 17:00 前完成遊戲預約，並在貼文留言「我要逆天改命，當大俠」 就有機會抽《活俠傳》Steam遊戲序號，共20名。 中獎名單會在《神州M》官方粉絲團發佈，大家記得去關注： https://www.face	https://player.soundon.fm/p/954689a5-3096-43a4-a80b-7810b219cef3/episodes/0e64deb8-758b-4b83-ab11-36b087a08c1a
562	2025-05-31	EP562 | 🫛	50.0	榨出汁 現在購買 TAIZAKU 火星生技的【決醒 B 群】，就抽 LINE POINTS 一萬點 股癌聽眾專屬組合單入就送武倍魚油隨手包、三入送理財書籍、買五送一再加送蔡司德國水晶杯👉 https://tzk.one/gooaye1 從韭菜散戶到S級操盤手，差的就是「決斷力」 火星生技 TAIZAKU【決醒 B 群】讓你即刻升級🔥 🏆日本TTFD B群科技 x 美國專利決醒技術 🔥7種維生素 B 全方位補充 💥12小時長效能量釋放 ⚡30分鐘快速吸收 體力、爆發力、耐力 、決斷力，一次補給，全面升級 讓你在每一個投資轉折點，都能保持最佳狀態！ ✅30天不滿意無條件退費 真正有感 才敢保證👍 	https://player.soundon.fm/p/954689a5-3096-43a4-a80b-7810b219cef3/episodes/b43a07ab-581e-4061-ae25-208d4db5e534
561	2025-05-28	EP561 | 🦝	50.7	遇到發作的 本集節目由喬致庸國際有限公司贊助 炎熱夏季，酷暑難耐！好想要風起來！ Igrass強力靜音隨身風扇，讓你狂風整個夏天！ 2025 Igrass3款隨身風扇全新到位， 制冷、安靜、長效讓你隨時隨地涼個暢快。 3款皆有BSMI認證，使用安全又放心。 近期股市起起跌跌，適逢炎熱夏季，整個火氣都上來了， 打開Igrass制冷風扇，把火氣吹掉，讓股價漲起來！ 股癌盤後抄底價$490起，優惠只到6/15，愛您消暑清涼！ Igrass強力靜音隨身風扇系列：https://gbf.tw/gxmgo 股癌傳送門：https://linktr.ee/gooaye -- Hosting provided	https://player.soundon.fm/p/954689a5-3096-43a4-a80b-7810b219cef3/episodes/6a1e0ca2-0ee6-45a8-b837-afb2fec16f07
560	2025-05-24	EP560 | 🪹	51.4	I 人應許地 買房花了兩千萬，結果牆上掛一張淘寶印刷畫？氣氛直接掉價。 你需要的，是一面「走進來就會被稱讚的牆」， 推薦【Enjoy the Wood｜3D 木質世界地圖】給你。 不是泡棉地圖，不是壁貼貼紙， 是來自烏克蘭職人一片片雷射雕刻製成的實木地圖， 不只是裝飾，掛上牆的那一刻，你家中立刻有了主視覺。 有三種版本： ✔️畫框航海款｜有海洋名稱、擬真海面質感，像環過世界的男人 ✔️畫框海風款｜框好框滿，一掛就帥、懶人最愛 ✔️無框經典款｜極簡派必收、低調穩重，尺寸可以自己挑選 無框版可以自己拼，也可以跟老婆小孩一起拼， 邊聊回憶、未來想去的國家， 重點是這種質感，老婆絕對不會唸你浪費錢。 	https://player.soundon.fm/p/954689a5-3096-43a4-a80b-7810b219cef3/episodes/416374a2-9069-4bd1-9055-08cffb4cd4ef
559	2025-05-21	EP559 | 🫴	49.9	我全都要 Apple Watch 每天戴，不管是健身、看通知還是要看盤，結果常常用到一半就沒電… 尤其出差、出去玩，手機充電線都會記得帶，但是錶的充電線？他媽的一定忘。 主委今天推薦一條神級錶帶【EnergyLink 能充電錶帶】，超級靠譜 🔥 為什麼說它神？四個字：懶人救星，！ ✔️ 一條搞定：內建 Type-C 接頭，插上豆腐頭、行動電源就能幫 Apple Watch 補電， 再也不用那顆難帶又愛斷線的原廠磁吸盤！ ✔️ 超帥隱形裝備：外觀看起來低調簡約，實際上是內藏充電模組的黑科技神器。 ✔️ 快又不煩：不用喬角度、不用對磁、不用繞線，手錶電力秒速回血！ ✔️ 全世界都在買：無論國內還是	https://player.soundon.fm/p/954689a5-3096-43a4-a80b-7810b219cef3/episodes/7e0fb049-5344-4bb7-849e-767ab687707f
558	2025-05-17	EP558 | 🌷	51.0	我又再度依戀上昨天 本集節目由喬致庸國際有限公司贊助 旅遊旺季到來，行李箱需求大增！ 趕快看看自已的行李箱是否改汰換升級了呢？ 擁有好的旅行箱，是您旅遊行程最佳良伴！ 超夯熱賣Lojel前開式擴充旅行箱，絕對是您最佳選擇。 升級款Lojel行李箱，絕美外型不變，貼心細節超用心！ 更新海關鎖規格，保護更安全！ 內裝布料製作更環保，加入可拆設計，清潔更方便！ TPU靜音輪具不易水解，使用更長久。 箱殼耐用度加強，長期不易壞！ 擴充拉鍊加強防護，使用不易脫落！ 這次新增19寸及28寸全新尺寸，搭乘廉航也能通！ 上掀蓋式行李箱設計，不用擔心旅館空間狹小！ 減少對開行李箱的不便性，整理收納衣服更方便。 	https://player.soundon.fm/p/954689a5-3096-43a4-a80b-7810b219cef3/episodes/41ef3f68-3c32-4d5a-9fed-0cacb9d8ca8e
557	2025-05-14	EP557 | 🐠	50.0	中東接盤俠再次登場 本集節目由【NordVPN】贊助 現在搜尋 https://nordvpn.com/gooaye 或結帳時輸入股癌的專屬優惠碼【gooaye】 購買2年方案＋送四個月 一個月只要一杯咖啡的價格就能取得VPN服務 還有30天試用期，不滿意可隨時取消 #NordVPN 股癌傳送門：https://linktr.ee/gooaye -- Hosting provided by SoundOn	https://player.soundon.fm/p/954689a5-3096-43a4-a80b-7810b219cef3/episodes/c9ad4a0f-9ecb-4508-a0cd-2857087b1b5d
556	2025-05-10	EP556 | 🦣	49.6	你老媽才一百公斤 本集節目由 Saily 贊助 現在只要下載 Saily APP 在結帳時輸入優惠代碼 [gooaye] 或透過資訊欄專屬連結：https://saily.com/gooaye 購買方案即享有 85 折的專屬優惠 股癌傳送門：https://linktr.ee/gooaye -- Hosting provided by SoundOn	https://player.soundon.fm/p/954689a5-3096-43a4-a80b-7810b219cef3/episodes/e2f14a16-7d54-4165-bb8d-830a1d7d0d68
555	2025-05-07	EP555 | 🐥	49.5	巴巴·庫克 本集節目由【zZSLEEPER 忘憂枕】贊助 https://s.add.one/5hyycc 一下跌、一下彈，國際盤走比你翻身還快，但你翻個身卻落枕，那到底是要盯盤還是看醫生？晚上不是關機，而是另一場戰鬥，盤後財報、法說重播、都是資訊差的關鍵，這種生活節奏，高品質睡眠遠比長時間睡眠重要。 忘憂枕專為了高品質睡眠設計：雙弧度＋三種高度，從正躺沉澱交易策略，到側睡滑手機追盤後分析，不論什麼姿勢，它都能穩穩支撐你的肩頸，讓你醒來不再鐵脖子。選用涼感親水棉聚氨酯，結合記憶枕的支撐力、乳膠枕的柔軟度、羽絨枕的透氣感，通過歐盟197項檢驗標準，安全、舒適、耐用。 成為聰明投資人，先當會休息的	https://player.soundon.fm/p/954689a5-3096-43a4-a80b-7810b219cef3/episodes/834890eb-296f-4c25-9c29-7b618ae8921b
554	2025-05-03	EP554 | 🐺	50.0	部隊起床 本集節目由【NordVPN】贊助 現在搜尋 https://nordvpn.com/gooaye 或結帳時輸入股癌的專屬優惠碼【gooaye】 購買2年方案＋送四個月 一個月只要一杯咖啡的價格就能取得VPN服務 還有30天試用期，不滿意可隨時取消 #NordVPN 股癌傳送門：https://linktr.ee/gooaye -- Hosting provided by SoundOn	https://player.soundon.fm/p/954689a5-3096-43a4-a80b-7810b219cef3/episodes/2f7b3c2c-ee0a-411d-8314-7433551423be
553	2025-04-30	EP553 | 🦨	50.0	逐漸發酵 一年一度的母親節又來了 你準備好老婆、岳母、媽媽的母親節禮物了嗎？ 別再亂買香水包包了，這次直接送會「發光」的保養品才是王道！ 📦 股癌專屬賣場 👉https://reurl.cc/aeqMG4 股癌限定優惠： 🔥 股癌專屬連結 限時9折起 🔥 精選禮盒76折起 🔥 滿15,000再送「時尚美妝小冰箱」 🔥 下單送B5保濕精華4ml 🕰 限時提醒！錯過會哭 📈 5月即將調漲價格 → 最晚4/30下單最划算（就是今天） 🎁 限量禮盒包裝，買到直接當禮物送（賣完沒得補） Happy Wife, Happy Life 修麗可真的是我老婆的愛（今年母親節禮物直接由修麗可贊助了） 明星商品！超	https://player.soundon.fm/p/954689a5-3096-43a4-a80b-7810b219cef3/episodes/cfec7721-b0f0-4b0a-8b7b-0c5d11c1ece9
552	2025-04-26	EP552 | 🪭	50.0	生個影片書房變烤箱 生活節奏太逼人，體力與代謝常常跟不上嗎? 超級食物&黑科技加持的「悠活原力微米薑黃+朝鮮薊」 「4/26-5/11股癌獨家薑黃2入組60粒$888」，【加贈葉黃素10粒+88mo幣】 🍑momo專屬賣場 → https://yohopower.net/H4373 🏆有別於傳統薑黃，悠活原力用專利微米化技術， ✅做到「100%溶解、35倍超強吸收率!」 🏆國內外實力掛保證 ✅Monde Selection世界品質評鑑金獎 ✅SNQ國家高品質認證 🏆被封為「蔬菜之皇」的朝鮮薊 ✅添加來自德國百年大廠Finzelberg ✅促進新陳代謝 ✅5國製成專利 🏆多元複方滋補強身 ✅榖胱	https://player.soundon.fm/p/954689a5-3096-43a4-a80b-7810b219cef3/episodes/3d3a2c68-b7d1-426e-87b5-0a8beeb3c568
551	2025-04-23	EP551 | 🐦	50.0	錢包出現了== 川普砸盤、關稅碾壓，市場跌的跟屎一樣 你可能不只是結屎面，肚子裡的也是結屎累累 卡關的朋友，現在把煩惱全部清除 #FutureSalad全清高纖新沙拉飲 ✅一包等於5碗傳統沙拉的膳食纖維量與營養 ✅12種純天然成分、25種營養素 ✅32.7大卡，低卡無負擔 ✅無中西瀉藥 無論是你整天坐在電腦桌前的全職投手 還是窩在辦公室裡的股市小菜雞 吃飯不固定、飲食不均衡 就靠全清幫你補充 一進廁所迅速暢通 另外小孩吃菜要他命，上廁所哭天搶地 現在還有 #全清兒童新沙拉飲，全家一起暢行無阻 4/23-5/4 即享限定85折優惠 👉 https://fstw.pse.is/7g6caq 股癌傳	https://player.soundon.fm/p/954689a5-3096-43a4-a80b-7810b219cef3/episodes/085d4b10-2f18-4b4f-b761-a089b2a9b397
550	2025-04-19	EP550 | ⛳	47.7	阿嬤你會健康 本集節目由喬致庸國際有限公司贊助 炎熱夏季，酷暑難耐！隨時都想來一杯清涼飲料， 原裝澳洲進口賓德寶水果氣泡飲是您消暑最佳選擇！ 澳洲當地水果釀造、絕無添加人工香料及色素， 口感沁涼、氣泡細緻不嗆口，大人小孩都喜歡。 搭配餐食或是當調酒基底也都超百搭！ 近期股海翻騰，股市收盤前心情都起起伏伏，讓人口乾舌燥， 來一瓶澳洲賓德寶水果氣泡飲，解你的渴也降您的火氣！ 股癌盤後消暑價$1980，本團免運費，優惠只到5/5，愛您消暑清涼！ BUNDABERG澳洲賓德寶水果氣泡飲：https://gbf.tw/ufwvl 股癌傳送門：https://linktr.ee/gooaye -- Hos	https://player.soundon.fm/p/954689a5-3096-43a4-a80b-7810b219cef3/episodes/aaaf7b78-a27d-4309-a2d6-3937b69e3ecc
549	2025-04-16	EP549 | 🍄‍🟫	49.9	三天小循環，七天大循環 本集節目由【NordVPN】贊助 現在搜尋 https://nordvpn.com/gooaye 或結帳時輸入股癌的專屬優惠碼【gooaye】 購買2年方案＋送四個月 一個月只要一杯咖啡的價格就能取得VPN服務 還有30天試用期，不滿意可隨時取消 #NordVPN 股癌傳送門：https://linktr.ee/gooaye -- Hosting provided by SoundOn	https://player.soundon.fm/p/954689a5-3096-43a4-a80b-7810b219cef3/episodes/a68b4dbf-7d30-435b-8980-11c05fb04b32
548	2025-04-12	EP548 | 🌋	50.0	可以喊 no lower 了嗎… 本集節目由 Saily 贊助 現在只要下載 Saily APP 在結帳時輸入優惠代碼 [gooaye] 或透過資訊欄專屬連結：https://saily.com/gooaye 購買方案即享有 85 折的專屬優惠 股癌傳送門：https://linktr.ee/gooaye -- Hosting provided by SoundOn	https://player.soundon.fm/p/954689a5-3096-43a4-a80b-7810b219cef3/episodes/db25c021-8d4f-4c9a-8aab-0bc565c10517
547	2025-04-09	EP547 | 🚞	49.7	想起了那個打 LOL 什麼都不會只會往前衝的隊友 本集節目由【Roichen優雅椅&正脊坐墊】贊助 https://s.add.one/5edf3u 股市一片慘綠，什麼AI、什麼高股息，帳上通通變韭菜，但就算資產重挫，我們也不能讓自己的脊椎先破產！ Roichen優雅椅，讓您在風雨中穩住基本面，長時間坐著用電腦、唸書、工作，坐姿歪掉，比錯殺好股還慘，這時候就靠優雅椅的6度傾斜底座加無扶手設計，幫你撐腰護腿，坐得端正又舒服。價格只有人體工學椅的1/6，CP值就像低點進場撿到會飛的成長股，根本就是用打折價買到績優股，不進場會後悔！ 正脊坐墊則像是你的健康小台指，方便攜帶又彈性使用，不管你在辦公室、	https://player.soundon.fm/p/954689a5-3096-43a4-a80b-7810b219cef3/episodes/5d85561f-c32e-490f-a8d7-f67dba74017d
546	2025-04-05	EP546 | 🕶️	49.9	黑夜降臨別害怕我愛你 「被工作榨乾？你的身體需要這組黑科技！」💥 多次返場照樣秒殺的 #體力黑卡組合 主委掛保證回購率95%→ https://reurl.cc/9R9keV ▌為什麼精英都在偷吃這組？ ✅ 錄音前吞一包，3小時不累不卡彈 ✅ 深夜趕工像裝金頂電池，老婆都害怕 ✅ 溫和不上火，沒有一般瑪卡的燥熱感 【MIHONG®司令黑紅瑪卡膠囊】 🏆 祕魯特種部隊同款MacaPro原料 🏆 600%超濃縮技術=市面6倍吸收力 🏆 網友實測：「開會連戰8小時不厭世」 【MIHONG®極濃瑪卡粉包】 💣 6770mg業界最高劑量！相當於： • 3份提案的續航力 • 5次會議的專注力 • 7天熬夜	https://player.soundon.fm/p/954689a5-3096-43a4-a80b-7810b219cef3/episodes/c5f96b5a-af6f-4694-8fb1-b64a9f3ab883
545	2025-04-02	EP545 | 💥	50.7	晚上那個男人要講話了 本集節目由【NordVPN】贊助播出 現在搜尋 https://nordvpn.com/gooaye 或結帳時輸入股癌的專屬優惠碼【gooaye】 購買2年方案＋送四個月 一個月只要一杯咖啡的價格就能取得VPN服務 還有30天試用期，不滿意可隨時取消 #NordVPN 股癌傳送門：https://linktr.ee/gooaye -- Hosting provided by SoundOn	https://player.soundon.fm/p/954689a5-3096-43a4-a80b-7810b219cef3/episodes/7144a806-a199-4db9-8c1a-f5fc4de34c9d
544	2025-03-29	EP544 | 🐋	53.2	brace for impact 伊萊克斯新一代完美管家無線hepa吸塵器，下殺37折!!! hepa等級濾網：過濾效果更強大，有效對抗塵蟎等過敏源 500g無重力手感：清潔非常省力，男女老幼都能輕鬆的使用。 毛髮截斷功能：不需徒手清理，即可輕易解決吸頭被毛髮纏繞的困擾 可自行站立設計，走到哪站到哪，不需要另購收納架! 【母親節優惠賣場】 1、吸塵器下殺37折!，現省$6,000元 2、滿額再送！「韓國damda美型摺疊購物車」 3、另外搭配「伊萊克斯空氣清淨機」、「清淨除溼機」等，一起買最優惠! 現在下單快速出貨，母親節跟著主委買準沒錯，活動只到4/30 快來送家人一個專業的清潔小幫手吧 購	https://player.soundon.fm/p/954689a5-3096-43a4-a80b-7810b219cef3/episodes/a08841c0-b0a2-4a7c-9f85-08c01fb65a91
543	2025-03-26	EP543 | 🎁	50.8	等等我 不可能保溫杯可以這麼輕！只有 1.5 顆蘋果重🍎 帶杯子出門，這是我目前最聰明的選擇👀 即刻選購，我的愛用保溫杯>> https://lihi.cc/ic2v9 【WOKY 純鈦 Ti 渾圓杯】超乎想像羽量級輕盈 使用美國 ASTM 規範 TA1 高等級純鈦 鈦材質是目前最適合用來做食器的材質 除了『貴』，我找不到任何缺點了！ 這次WOKY團購專案優惠加上NASA系列首發 只能說：超！級！帥！ 一次帶走兩杯絕對最划算！ ➫ 340g 輕到無感，旅遊、上班輕鬆帶 ➫ 9 成有感不留味卡色，封存飲品原味 ➫ 咖啡．茶飲．檸檬汁都能裝 ➫ 770 ml 大容量超過 9 成飲料店裝得下 ➫ 3	https://player.soundon.fm/p/954689a5-3096-43a4-a80b-7810b219cef3/episodes/906e5ff0-2744-4fcc-ae87-cc44542e1b9f
542	2025-03-22	EP542 | 🤡	50.3	有聽眾說想放這個 emoji 行情迷途才知返，錢包有失才能得 在這種時刻，更要感謝生命中 默默支持你的那兩位女性 今年母親節，預購蛋糕，也預購豆腐 軟硬適中床墊界的第一指名： 6年來我獨自升級的眠豆腐2.0 中鋼獨立筒從五環半，升級到六環半，讓躺感更 Q 彈，支撐力更強韌！ 泡綿密度提升 22％，舒適接住身形，扎實度提升有感！ 100%天絲面料，絲滑柔順、降低悶熱，奢侈到不講功效！ 點選眠豆腐邊框版，神奇Z字型邊框，是坐床邊族的救星，結構簡潔卻有效提升邊緣支撐力，不會像泡綿護邊使用大量膠水，造成悶熱或脫膠問題，老婆老媽都能輕鬆起立鼓掌！ 軟硬適中派請選眠豆腐2.0 主委硬漢派請選芝麻豆腐或全熟	https://player.soundon.fm/p/954689a5-3096-43a4-a80b-7810b219cef3/episodes/95aaef11-bfaf-4e8c-a3bd-49221a7ec261
541	2025-03-19	EP541 | 🦊	50.0	576/4=144, 72*2=144 做好有神保養，精準投資，不再股海茫茫！ 善存葉黃素，3週看見不同+! 好吸收** 高17%*** 3/19-3/31股癌獨家Momo限時專屬優惠組合! 購買善存葉黃素2入組，就加碼送【星巴克】$100飲料券兩張！ 這麼好康！立馬手刀買進！👉 https://www.momoshop.com.tw/goods/GoodsDetail.jsp?i_code=9192944 +係指葉黃素原料經科學研究發現， 葉黃素濃度改變可在第21天看出顯著差異 *此產品為游離型葉黃素，分子量大約為酯化型葉黃素之1/2。 游離型葉黃素為 人體可直接吸收之型式。 **指葉黃素吸	https://player.soundon.fm/p/954689a5-3096-43a4-a80b-7810b219cef3/episodes/28072f0d-ce73-4916-9007-02dfd4062964
540	2025-03-15	EP540 | 🧋	49.8	下周靠綠軍維持走廊寬度 本集節目由 Saily 贊助 現在只要下載 Saily APP 在結帳時輸入優惠代碼 [gooaye] 或透過資訊欄專屬連結：https://saily.com/gooaye 購買方案即享有 85 折的專屬優惠 股癌傳送門：https://linktr.ee/gooaye -- Hosting provided by SoundOn	https://player.soundon.fm/p/954689a5-3096-43a4-a80b-7810b219cef3/episodes/657f32b0-4f7b-49de-9c50-d93395980cd4
539	2025-03-12	EP539 | 🕊️	50.0	前有人道走廊 本集節目由【NordVPN】贊助播出 現在搜尋 https://nordvpn.com/gooaye 或結帳時輸入股癌的專屬優惠碼【gooaye】 購買2年方案＋送四個月 一個月只要一杯咖啡的價格就能取得VPN服務 還有30天試用期，不滿意可隨時取消 #NordVPN 股癌傳送門：https://linktr.ee/gooaye -- Hosting provided by SoundOn	https://player.soundon.fm/p/954689a5-3096-43a4-a80b-7810b219cef3/episodes/83754cfd-d719-48c2-85ce-f02b25455794
538	2025-03-08	EP538 | 🐟	49.8	水下的世界有你有我 本集節目由 佳銥國際 贊助 六星級港點易牙居 https://s.add.one/78xcnl 過年有推薦的易牙居回來了，你們有沒有發現，易牙居根本就是港點界的ETF！組合多元、風險分散，叉燒包、燒賣、蝦餃全都吃得到，放滿整桌穩定獲利，不怕踩雷！ 根本是最強標的，它是五星飯店、宴會餐廳的供應商，很多餐廳根本就是拿它的貨加熱直接賣你！ 與其去外面被割韭菜，不如自己買回家，少繳一層手續費，還能多吃一籠！ 五星飯店、宴會餐廳的供應商，甚至很多港點餐廳根本就是拿它的貨加熱直接賣你！ 那你與其去外面被割韭菜，不如自己買回家，少繳一層手續費，還能多吃一籠！ 這次大盤滿手貨，來幾個重點個	https://player.soundon.fm/p/954689a5-3096-43a4-a80b-7810b219cef3/episodes/72994924-3799-4214-bdff-966cf26adc35
537	2025-03-05	EP537 | 🪱	50.1	a great guy in the us 最近環境多變化，保護力夠嗎? 善存有22種人體必需關鍵營養素，提升保護力+， 更針對男女需求增量配方，給你6大年輕狀態*： 好氣色💖 好代謝💫 好活力💪 好入睡💤 思緒清晰💡 好精神🤩 9成愛用者 真實感受！^^ 📣現在買有股癌聽眾驚喜價！再送善存甜嚼錠30錠 🛒男女善存 https://reurl.cc/Q5Q6bb 🛒男女銀寶善存 https://reurl.cc/p9ExMl ---------------- +善存提供維生素與礦物質，幫助營養補給、維持健康 *青春美麗、增強體力、幫助入睡、促進新陳代謝、維生素B1有助神經系統正常功能、精神旺盛	https://player.soundon.fm/p/954689a5-3096-43a4-a80b-7810b219cef3/episodes/33f4b3e7-5831-46ed-a2f1-a780e4c601ba
536	2025-03-01	EP536 | 🪼	49.9	各路放雷 本集節目由【NordVPN】贊助 現在搜尋 https://nordvpn.com/gooaye 或結帳時輸入股癌的專屬優惠碼【gooaye】 購買2年方案＋送四個月 一個月只要一杯咖啡的價格就能取得VPN服務 還有30天試用期，不滿意可隨時取消 #NordVPN 股癌傳送門：https://linktr.ee/gooaye -- Hosting provided by SoundOn	https://player.soundon.fm/p/954689a5-3096-43a4-a80b-7810b219cef3/episodes/5910869a-588f-4562-ab56-d4c7f0c9f6cb
535	2025-02-26	EP535 | 🛟	49.9	快沒呼吸了 📢 你的冰箱需要進化！ ZENOMI 小鮮封限時開賣！ 打開冰箱，每天都在上演「生鮮懸案」？ 🥩 這包牛排是哪年哪月買的？ 🥦 蔬菜已經變標本，葉子都乾到可以拿來做書籤？ 🐟 魚肉結霜成極地冰層，吃起來乾柴到懷疑人生？ 恭喜你，你家冰箱正式踏入「考古級」狀態。 但問題來了—— 👉 你明明省錢買大包裝，卻因為放壞丟掉，反而虧更多！ 👉 冷凍庫空間有限，沒封好，雜亂又占位！ 👉 你就算當個哈嘎您（客家人），這些「遺跡級食材」真的還能吃嗎？ 不用擔心！ZENOMI 小鮮封直接解決你的冰箱混亂問題！ 🔥 這台封口神器，讓你的食材保鮮期延長五倍，不再變廚餘！🔥 ✅ COSTCO 買的牛排、雞	https://player.soundon.fm/p/954689a5-3096-43a4-a80b-7810b219cef3/episodes/fcadc5aa-e4e5-463d-8aa3-bd7f66f1952b
534	2025-02-22	EP534 |🍋	50.0	599...? 新品上市永遠讓人期待！ 反場介紹多次的台灣必喝乳清9款 #新口味推出 💪 https://pse.is/769x6e 再次寵粉，小SIZE #隨身乳清 重磅登場🥛 https://pse.is/769xgk 財富自由的第一前提是擁有健康的身體 沒有健康，哪談得上財富與快樂 趁還握有本錢，就該每天好好補給營養 向來只推薦最好的給大家 ＼詢問度第一名，上萬粉絲真心好評🏆／ 【MIHONG®冠軍小農乳清蛋白】 【清淡系、純素系口味全新上市!】 ☑嚴選歐美純淨乳源，濃純香的首選 ☑100卡高飽足! 簡單沖泡好營養 ☑多口味選擇，隨心自由搭 ☑堅持台灣在地食材，支持台灣小農 ☑八大無添加	https://player.soundon.fm/p/954689a5-3096-43a4-a80b-7810b219cef3/episodes/30045575-f329-4aae-ad13-ca30304be64b
533	2025-02-19	EP533 | 👾	50.0	激烈的碰碰:) 本集節目由 Easy Life 十月被 贊助 投資講究部位配置，睡眠也是！睡得好，才能賺得久！ 選對一條好被子，就像選對核心資產，讓你每天睡得安穩，精神滿滿，迎接市場與生活的各種挑戰。 Easy Life 十月被 輕盈透氣，剛剛好的保暖感，不論秋冬、春天，甚至冷氣房，都能讓您睡得剛剛好，不再因為被子太厚或太薄影響休息。 最重要的是，它可機洗、不用被套，洗完快乾，清潔超方便，不像一般棉被那麼麻煩，省下的時間還能多研究市場趨勢！ ✅輕盈透氣，剛剛好的溫暖感 ✅可機洗、免被套，清潔超方便！ ✅顏色選擇多，輕鬆融入居家風格！ ✅輕薄好收納，旅行、出差都能帶著走！ 十月被，睡得穩，才能賺	https://player.soundon.fm/p/954689a5-3096-43a4-a80b-7810b219cef3/episodes/e0da590f-032a-4778-a5b0-4e5b55641f36
532	2025-02-15	EP532 | 😽	50.0	可以考慮不要瞄得太準 本集節目由【NordVPN】贊助 現在搜尋 https://nordvpn.com/gooaye 或結帳時輸入股癌的專屬優惠碼【gooaye】 購買2年方案＋送四個月 一個月只要一杯咖啡的價格就能取得VPN服務 還有30天試用期，不滿意可隨時取消 #NordVPN 股癌傳送門：http://linktr.ee/gooaye -- Hosting provided by SoundOn	https://player.soundon.fm/p/954689a5-3096-43a4-a80b-7810b219cef3/episodes/6139b6bb-9ada-4d3d-9951-3ee818cb5122
531	2025-02-12	EP531 | 🪿	50.0	川川又要出招了 本集節目由【zZSLEPER 忘憂枕】贊助 每天盯盤、分析財報，睡不好導致注意力下降，怎麼可能抓住最佳機會？正躺思考市場走勢，側睡回顧交易紀錄，普通枕頭根本無法支撐這種變換的姿勢，忘憂枕的雙弧度設計完全能勝任！ 忘憂枕由 物理治療師與醫師 設計，選用 涼感親水棉聚氨酯材質，結合 記憶枕的支撐、乳膠枕的柔軟、羽絨枕的透氣，還通過 歐盟197項檢測，快速讓您進入深層睡眠，醒來精神飽滿，決策更精準！ 💤忘憂枕是涼感親水棉聚氨酯材質 💤集合支撐、柔軟和透氣度3大優點 💤通過最嚴格歐盟檢驗標準197項 💤兼具男女不同體型設計的枕頭 交易決策，從睡眠開始升級！主委聽眾52折愛您優惠 ：ht	https://player.soundon.fm/p/954689a5-3096-43a4-a80b-7810b219cef3/episodes/831fbab5-caa0-409f-b3d2-2546caac3d07
530	2025-02-08	EP530 | 🍪	51.4	巨頭好有錢阿 本集節目由 Saily 贊助 現在只要下載 Saily APP 在結帳時輸入優惠代碼 [gooaye] 或透過資訊欄專屬連結：https://saily.com/gooaye 購買方案即享有 85 折的專屬優惠 股癌傳送門：https://linktr.ee/gooaye -- Hosting provided by SoundOn	https://player.soundon.fm/p/954689a5-3096-43a4-a80b-7810b219cef3/episodes/d959f21d-7790-4aa5-80f0-2220bfc7b6e8
529	2025-02-05	EP529 | 🥏	49.9	而當你以為沒事了他又有新創意 市場上的猛男，不論是白天或是夜晚，都必須要是巔峰狀態！ 這時候你需要男人的魚油，王陽明代言的武倍魚油 ‣ 股癌專屬賣場下單，再送磁吸式名片盒、UCC 濾掛咖啡 武倍魚油一入組+磁吸式名片盒 現省 $261👉 https://tzk.one/男性魅力靠這瓶 武倍魚油三入組+UCC 濾掛咖啡三入 現省 $976 👉 https://tzk.one/戰力加乘超有感 下單還有機會抽到日本免費機票、iPad 🏆挑戰巔峰劑量 EPA+DHA+ESF 1800毫克 💥世界初NO.1科技 ESF激能性循環複方： ■ 日本專利BNN蕉護活性 ■ 95%黑紅瑪卡 ■ 99%精胺酸 ■	https://player.soundon.fm/p/954689a5-3096-43a4-a80b-7810b219cef3/episodes/2d46ce5e-6fe9-4940-bf97-7b17462dba6b
528	2025-02-01	EP528 | 🦖	51.8	大川投顧上線啦 本集節目由【NordVPN】贊助 現在搜尋 nordvpn.com/gooaye 或結帳時輸入股癌的專屬優惠碼【gooaye】 購買2年方案＋送四個月 一個月只要一杯咖啡的價格就能取得VPN服務 還有30天試用期，不滿意可隨時取消 #NordVPN 股癌傳送門：http://linktr.ee/gooaye -- Hosting provided by SoundOn	https://player.soundon.fm/p/954689a5-3096-43a4-a80b-7810b219cef3/episodes/efc8da5e-9c4f-4fce-936f-a78b0584d3a0
527	2025-01-29	EP527 | 🐾	50.0	要發唷 衣服皺巴巴出門被同事笑？忙到沒時間燙衣服，衣櫃裡全是「摺疊藝術品」？ 主委推薦你一台超狂神器！【Morus V6 手持式電子衣櫥】！ 這台掛燙機是什麼來頭？日本賣爆！熱銷破 2,000 萬台幣的「世界首款自動貼合掛燙機」，現在終於來台灣了！ 為什麼這麼神？三個字：快、狠、準！ ✔️ 快：高溫蒸氣直接滲透纖維，皺摺消失得像我存款一樣快！ ✔️ 狠：真空吸附功能，燙衣服再也不用手忙腳亂，單手搞定超輕鬆。 ✔️ 準：不只燙衣服，還能去除異味、殺菌，讓火鍋味、汗臭味直接掰掰！ 還有高溫殺菌去除過敏原功能！家裡有小孩、毛小孩的朋友，根本是生活救星！ 現在在嘖嘖預購中，輸入聽眾專屬優惠碼「GOOA	https://player.soundon.fm/p/954689a5-3096-43a4-a80b-7810b219cef3/episodes/7a5b480b-75ba-4205-8a97-b4328c80721b
526	2025-01-25	EP526 | 🦤	50.0	專業職訓中心 本集節目由 Saily 贊助 現在只要下載 Saily APP，在結帳時輸入優惠代碼 [gooaye]， 或透過資訊欄專屬連結：https://saily.com/gooaye 購買方案即享有 85 折的專屬優惠。 股癌傳送門：https://linktr.ee/gooaye -- Hosting provided by SoundOn	https://player.soundon.fm/p/954689a5-3096-43a4-a80b-7810b219cef3/episodes/6b12e6c3-97e9-4c76-901d-b8d5491fbcb8
525	2025-01-22	EP525 | 🐍	49.6	蛇出來了 新年玩樂 Level Up！準備好你的 PS5 主機，迎接 2025 年豐富的遊戲陣容吧，2 月 17 前購買期間購買 PS5，在活動期間首次開機並完成登記報名，就有機會贏得包括價值高達 NTD$ 99,900 元 Sony BRAVIA 電視等豪華獎品，此外 2 月 2 日前入手 PS5 Slim 光碟版 / 數位版主機還能享 1,600 元折扣，包含控制器等其它週邊也同步優惠中。 活動網站：https://pse.is/7283ayG 股癌傳送門：https://linktr.ee/gooaye -- Hosting provided by SoundOn	https://player.soundon.fm/p/954689a5-3096-43a4-a80b-7810b219cef3/episodes/21c7eaef-449f-4382-bc26-75085a3bd3cc
524	2025-01-18	EP524 | 🎾	49.9	餅又變大啦 本集節目由 地標網通- 挑戰手機最低價 贊助 開箱王 Joeman 都去哪買手機？ ❌蘋果官網 ❌蘋果直營店 💁‍♂️答案是 #地標網通 ✅ 驚不驚喜～意不意外～🤩 買手機到地標最放心 就算是對手機完全不懂的長輩 也能很放心地送來地標 ❤️ 地標價格真的很漂亮 #iPhone16現在已經比蘋果官網便宜好幾千 ♻️回收價再比蘋果官方多好幾千 輕鬆就省了超多張小朋友 沒有理由不去地標買！ 孝順的 Joeman 這次幫媽媽換新機i16 Pro Max 親身購買實測省錢撇步 並分享這樣買讓他輕鬆省超過萬元💰💰💰 👉https://lihi3.com/rYKYu 🎉癌粉專屬福利 🔹2025/	https://player.soundon.fm/p/954689a5-3096-43a4-a80b-7810b219cef3/episodes/a1539aaf-e50e-4c13-8e81-0f8da3cb24ca
523	2025-01-15	EP523 | 🥶	53.0	可不可以放進去一下下就好 本集節目由【NordVPN】贊助 現在搜尋 nordvpn.com/gooaye 或結帳時輸入股癌的專屬優惠碼【gooaye】 購買2年方案＋送四個月 一個月只要一杯咖啡的價格就能取得VPN服務 還有30天試用期，不滿意可隨時取消 #NordVPN 股癌傳送門：http://linktr.ee/gooaye -- Hosting provided by SoundOn	https://player.soundon.fm/p/954689a5-3096-43a4-a80b-7810b219cef3/episodes/dadc93c4-ebed-4f24-bd53-aef86ed3addd
522	2025-01-11	EP522 | 🦔	50.7	每天都想喊救命 本集節目由眠豆腐贊助 股市封關倒數14天 你是否決定好了今年的封關策略？ 不管是偏空手還是偏滿手 還在觀望眠豆腐的建議先持有 因為1月14前下單 保證春節前送達 產品滿意度超過95% 十則業配有八則，來自kol來信自薦 十則業配也有八位，會自動回購送親友 網購床墊不難，選對品牌而已 眠豆腐不玩雙十一、不玩年終慶各種慶 買豆腐不用問何時有折 隨時上豆腐套餐頁面 當季組合購都在上面 眠豆腐的房間套餐 眠豆腐的家套餐 裸床包洗香香套餐 各種套餐一律95折有夠簡單 沒有期限、時時更新、隨時想到 就上眠豆腐優惠組合頁面去看看 只repeat一次： 1月14號前下單 保證春節前送達 讓台灣	https://player.soundon.fm/p/954689a5-3096-43a4-a80b-7810b219cef3/episodes/dfadb073-ee69-4221-8a25-c6aa4d66291c
521	2025-01-08	EP521 | 🥝	48.9	這個人好狠 本集節目由【橘子工坊洗衣膠囊】贊助 一向重視天然健康的橘子工坊，推出了全新的 #去味洗衣膠囊，這是台灣首創第一支具備生產檢驗履歷的洗衣膠囊，各種報告全部網路透明公開超安心！ 三大特色： #天然制菌洗淨病毒 最安心超強99.9%制菌力，可有效洗淨A型(H1N1)/B型流感病毒、人類冠狀性病毒，及包含大腸桿菌、白色念珠菌在內的常見五大致病菌，24小時全天候保護親愛的家人。 #真正健康洗淨臭味 20倍微胞橘油瓦解髒汙，真正深入纖維中和臭味，而非一般洗衣球只是用化學香精掩蓋臭味，無論是小朋友汗臭、廚房油煙都能輕鬆搞定，室內曬衣也不怕。 #無毒環保寶寶也適用 不含任何螢光劑、香精等有害物質，	https://player.soundon.fm/p/954689a5-3096-43a4-a80b-7810b219cef3/episodes/e0c7fd7d-50af-498b-9a10-9281cdb50a1c
520	2025-01-04	EP520 | 🥯	51.3	小孩開大車 本集節目由美國經典行李箱ZERO HALLIBURTON贊助 從諾蘭《全面啟動》到阿波羅 11 號月球任務都能看到它的身影，實力超硬的 ZERO HALLIBURTON 美國老牌經典行李箱登台啦! 從高端品味的鋁鎂合金材質行李箱，PC超輕量的各式尺寸行李箱到符合都市人商務休閒的包款，都可以在ZERO HALLIBRUTON，融合經典和現代需求的設計中找到屬於你的優異移動夥伴。 投資聽股癌 旅行日常用ZERO HALLIBURTON 官網結帳輸入主委專屬優惠碼 gooaye (全小寫) 整單即享8折 (活動即日起至2/2) 加會員送購物金$1000可同時使用 訂單購買任一行李箱即贈旅	https://player.soundon.fm/p/954689a5-3096-43a4-a80b-7810b219cef3/episodes/e9096f54-ebfa-4f3e-8e8d-b3984874cfc6
519	2025-01-01	EP519 | 💐	52.1	新年快樂~~~~ 本集節目由【NordVPN】贊助 現在搜尋 nordvpn.com/gooaye 或結帳時輸入股癌的專屬優惠碼【gooaye】 購買2年方案＋送四個月 一個月只要一杯咖啡的價格就能取得VPN服務 還有30天試用期，不滿意可隨時取消 #NordVPN 股癌傳送門：http://linktr.ee/gooaye -- Hosting provided by SoundOn	https://player.soundon.fm/p/954689a5-3096-43a4-a80b-7810b219cef3/episodes/092169eb-38be-40d6-a574-0646b21ad644
518	2024-12-28	EP518 | 🌴	50.0	佛山工廠 本集節目由【 Honeywell 太空人 RO 濾淨瞬熱飲水機】 贊助 📌Honeywell 為美國太空總署NASA的合作夥伴 📌4種溫度及不同水量選擇，取水方便又直覺 📌可直接加自來水變RO飲用水 📌濾芯4in1只要一隻濾芯一年換一次 📌加熱管材質為SUS444，超越業界規格，安全耐熱耐腐蝕。 📌80％超高淨水比，4杯淨水：1杯廢水比他牌RO技術省水4-16倍 📌節能省電又安全：比一級能效開飲機省電97% 📌UVC循環殺菌：滅菌率99.99%的第二道防護 主委聽眾折愛您優惠7折 ：https://s.add.one/65wnzx 再送價值$3290百靈歐樂b電動牙刷 （品牌限定優惠	https://player.soundon.fm/p/954689a5-3096-43a4-a80b-7810b219cef3/episodes/dddbacee-8f4d-49c0-bdf0-7909ecb7d5e4
517	2024-12-25	EP517 | 🐧	50.9	波動，更多的波動～～ 孟恭聖誕老公公來送幸福、報好康🎅 iHerb是全美最大保健品電商平台，高達5萬多種產品讓你挑，而且保證是正品，價錢也絕對讓你感到超級實惠 此外，半年內同一人跨境購物不超過6次還可以享免稅 🎁除了台灣之外，港澳、東南亞以及美國和紐澳的癌寶們，都可以輸入股癌限定優惠碼「GOOAYE」享75折優惠 🎄馬上去結帳 https://maac.io/3bTQQ 股癌傳送門：https://linktr.ee/gooaye -- Hosting provided by SoundOn	https://player.soundon.fm/p/954689a5-3096-43a4-a80b-7810b219cef3/episodes/5ea123f3-2644-42ee-9fc1-e92aaaf28f0a
516	2024-12-21	EP516 | 🐤	50.0	卵蛋爆掉邊緣 本集節目由【NordVPN】贊助播出 現在搜尋 nordvpn.com/gooaye 或結帳時輸入股癌的專屬優惠碼【gooaye】 購買2年方案＋送四個月 一個月只要一杯咖啡的價格就能取得VPN服務 還有30天試用期，不滿意可隨時取消 #NordVPN 股癌傳送門：http://linktr.ee/gooaye -- Hosting provided by SoundOn	https://player.soundon.fm/p/954689a5-3096-43a4-a80b-7810b219cef3/episodes/07ae1a38-bc11-4183-bba4-15e48a7da5b8
515	2024-12-18	EP515 | 🥓	49.9	先吹高再自戳 本集節目由【佳銥國際】贊助 2025最強年菜伴手禮大亂鬥 https://s.add.one/6uehhq 捏軟陣線聯盟一定要聽！！年夜飯不要再讓老婆累，2025最強年菜伴手禮大亂鬥，​​24間名店60道年菜任你選擇，老婆想吃什麼買什麼，不用整套買，通通可以併運出貨，這次的名店有日本連續10年榮獲米其林一星的分店「台北鳥喜」、錦霞樓、鰻魚四代目菊川、國宴主廚阿基師、溫國智、臺菜王子黃景龍，胡同燒肉，市民大道名店一品花雕雞、五星級飯店遠東香格里拉、台北晶華酒店、長榮鳳凰酒店、涵碧樓酒店、寬心園素食、上海江浙菜上海鄉村、紅豆食府、米、連續8年外銷日本的小林山川烏魚子、基隆百年名店『連	https://player.soundon.fm/p/954689a5-3096-43a4-a80b-7810b219cef3/episodes/3045de17-968a-46ec-b489-0fb398505f5a
514	2024-12-14	EP514 | 🦎	50.8	hock 的重大勝利 本集節目由臺灣銀行 #數位帳戶 贊助 臺灣銀行也有數位帳戶，不分新舊戶全年度10萬元以內同享新臺幣2.075%高利活存，網銀跨轉99次免手續費，現在還有數存推薦碼活動只到114.3.31 參加推薦碼活動首先你需要有臺銀新臺幣數存帳戶，接著： A) 登入臺銀網銀或是APP，產生專屬你的數存活動推薦碼後分享給你的好友 B) 好友需在開數存過程中填入你的專屬推薦碼，並完成開立數位帳戶後綁定臺銀支付，你跟好友都可以獲得回饋金100元 *注意，推薦碼需於開戶過程中輸入正確，填錯或漏填都無法補填 除了推薦回饋金100元，你跟好友還可以抽臺銀吉祥物BUBI辦公療癒系列好禮，有隨行保溫杯	https://player.soundon.fm/p/954689a5-3096-43a4-a80b-7810b219cef3/episodes/0a10a004-e9c5-46c4-a0c8-1c4f96c2fe6c
513	2024-12-11	EP513 | 🦭	50.4	我們需要存更多的片片 搭飛機久坐, 讓你感到不適嗎? ✈️搭飛機、火車、巴士甚至是在追劇，一個好的頸枕必不可少！ 全球120個機場銷售第一的「Travel Blue寧靜頸枕」推薦給你 ✅符合人體工學的設計，提供卓越的支撐力和極致的親膚感 讓你在旅途中也能像在家一樣舒適入眠 | 高級慢回彈記憶棉與親膚天鵝絨表布 | 舒適透氣，久用不悶熱 | 人體工學設計，五星級的睡眠享受 | 駝峰專利設計，柔軟支撐臉頰與頸部 | 專屬收納盒，節省行李空間 🎁聖誕節交換禮物選好了嗎? 新年要出國買好頸枕了嗎? "孟恭專屬禮盒"限量1,000組，與孟同行 原價$2,999，進入主委專屬賣場再享53折 與孟同行，只到	https://player.soundon.fm/p/954689a5-3096-43a4-a80b-7810b219cef3/episodes/397da922-b448-43ae-89c4-be6dadd3ec4d
512	2024-12-07	EP512 | 🚀	50.6	超大一管 👑巔峰回歸，體力界的超充瑪卡!!! 米鴻瑪卡月銷17萬顆👉 https://reurl.cc/KdknWM 股癌五星認證💯【MIHONG®極濃司令黑紅瑪卡】 「只有MIHONG才能超越MIHONG」 【MIHONG®司令B群黑紅瑪卡💊】 #膠囊版 #日常保養 💪專利祕魯95%高純度MacaPro黑紅瑪卡 💪600%高濃縮技術萃取，吸收UP！ 💪多項草本精華調節生殖機能 💪足量L-精胺酸，幫助增強體力 💪兩顆膠囊2400mg濃縮萃取瑪卡精華 💪七大無添加，通過第三方檢驗 【MIHONG®極濃司令黑紅瑪卡】 #粉包版 #應急保養 🏆瑪卡增量6770毫克，濃縮萃取好吸收 🏆增量添加人蔘皂甘	https://player.soundon.fm/p/954689a5-3096-43a4-a80b-7810b219cef3/episodes/a7448dbe-1776-4608-936c-de5e08735755
511	2024-12-04	EP511 | 🍸	49.8	不妨賣給奧特曼 本集節目由【NordVPN】贊助播出 現在搜尋 nordvpn.com/gooaye 或結帳時輸入股癌的專屬優惠碼【gooaye】 購買2年方案＋送四個月 一個月只要一杯咖啡的價格就能取得VPN服務 還有30天試用期，不滿意可隨時取消 #NordVPN 股癌傳送門：http://linktr.ee/gooaye -- Hosting provided by SoundOn	https://player.soundon.fm/p/954689a5-3096-43a4-a80b-7810b219cef3/episodes/95450e3e-b084-4326-87b1-b06a031e5867
510	2024-11-30	EP510 | 🪅	49.5	爭寵 bad 本集節目由Paula’s Choice 寶拉珍選贊助 相信大家對寶拉珍選這個品牌不陌生，他們家的明星產品「1% A醇逆齡精華乳」人人愛 這款高效精華含有高濃度的1% A醇，搭配多種抗氧化成分，可以有效撫平細紋、緊緻肌膚，讓你膚觸細滑有彈性。再來，面對腋下危機或狐臭的尷尬場景，寶拉珍選的2%水楊酸真的救了不少人！雖然是都市傳說，但確實有用。它能調理油脂分泌，預防痘痘粉刺，深入毛孔溶解阻塞，改善粗糙肌膚膚觸 最後，還有10%果酸，溫和去除粗糙老廢角質，提亮暗沉膚色，讓肌膚更均勻透亮 本次大禮包有「水楊酸、果酸、A醇」這三大王牌成分，精選了4組超值組合，搭配起來效果滿分，讓你的肌膚直升	https://player.soundon.fm/p/954689a5-3096-43a4-a80b-7810b219cef3/episodes/d19002a1-1710-4c10-8fc1-52190489e1e9
509	2024-11-27	EP509 | 🍟	51.4	我愛速食 本集節目由喬致庸國際有限公司贊助 飛利浦放心充2.0，主打防摔、快充、高效於一體！ 搭載PHILIPS獨家溫控晶片、支援MagSafe、PD3.0及QC3.0極速快充、多台設備同時充電 過載斷電機制、通過1.2公尺掉落測試，並提供最高2年產品保固 LED螢幕顯示掌握剩餘電量，自帶AC插頭，插上插座輕鬆為行動電源充電，100V-240V的寬幅電壓，搭配贈送的萬國插頭，讓你走遍世界，隨充即用，真的很可以！ 股癌優惠價$1650，免運還送萬國轉接頭，優惠只到12/10，愛您永不缺電！ 飛利浦行動電源下單：https://gbf.tw/dwove 股癌傳送門：http://linktr.ee	https://player.soundon.fm/p/954689a5-3096-43a4-a80b-7810b219cef3/episodes/41421cc3-09ea-47dd-8bff-2818c56060b6
508	2024-11-23	EP508 | 🐆	55.7	欣賞並喜歡你所擁有的唷 本集節目由漁人生醫有限公司贊助 你是不是常常唱歌高音上不去大破音、遇到公司提案簡報就鎖喉，或是聊個Podcast 動不動就要清喉嚨？不要都推給年紀大、不要都說只是小問題，這些都是平常沒在保養、自然呼吸不夠有力道，你必需要注意。 有這些狀況，尤其是聲音工作者，推薦天天飲用「津舒護養聲飲」，百年藥廠專業科研，草本漢方萃取15種珍貴藥材，無論老人小孩還是直男巧虎都能安心喝，從根本打造養護體質，讓你呼吸更清新的法寶。 不只天天保養好用，小小一包隨身攜帶，遇到緊急狀況直接開來喝， 高音上得去、簡報提得順、講話有力道，根本呼吸都有愛，比喉糖更有感、更養護的養聲小紅包，喝過就知道。 	https://player.soundon.fm/p/954689a5-3096-43a4-a80b-7810b219cef3/episodes/ea82d1ce-26dc-41c2-a08c-812c45c39ed2
507	2024-11-20	EP507 | 🌻	49.5	我是一朵花 本集節目由【NordVPN】贊助 現在搜尋 nordvpn.com/gooaye 或結帳時輸入股癌的專屬優惠碼【gooaye】 購買2年方案＋送四個月 一個月只要一杯咖啡的價格就能取得VPN服務 還有30天試用期，不滿意可隨時取消 #NordVPN 股癌傳送門：https://linktr.ee/gooaye -- Hosting provided by SoundOn	https://player.soundon.fm/p/954689a5-3096-43a4-a80b-7810b219cef3/episodes/0836c7ef-538c-4ddd-8902-227e544d16e2
506	2024-11-16	EP506 | 🔫	49.9	結果我大台股才是領先指標啊？ 股票要投資！肌膚也要投資！自己跟小孩的肌膚健康可交給理膚寶水B5+全面修復霜！ 有敏感、過敏體質的父母，要從小注意孩子的肌膚！小朋友出門接觸到外在環境刺激因子，如果沒建立起健康的肌膚屏障，就容易引發各種肌膚問題。 B5+全面修復霜含獨家專利成分複合益生精粹+維生素原B5，可平衡肌膚微生態，強化肌膚屏障，並有效舒緩、修復肌膚不適，應天天使用，隔絕保護肌膚！家裡常備一條B5，敏感泛紅、痘疤瑕疵、醫美術後也能修復，大人小孩都適用！ 蝦皮獨家優惠來了！【 B5+全面修復霜200ml 6件組】 買1送5 限時 58 折！再贈超萌手提媽媽保冷包 超划算快入手： https:/	https://player.soundon.fm/p/954689a5-3096-43a4-a80b-7810b219cef3/episodes/4935ff4c-e605-493d-8f36-9cce679ed93f
505	2024-11-13	EP505 | 🪂	51.3	誠心祈禱下背痛患者都能解脫 相簿滿了不爽繳雲端月費？小孩的照片塞滿相簿捨不得刪？主委推薦你試試看 📣【 Maktar 嘖嘖限定禮盒 】📣 室內備份用 Qubii Power，戶外備份用 Piconizer，一網打盡所有備份困擾！ 由台灣團隊團隊 Maktar 打造的 Qubii 系列，全球每分鐘賣出 24 顆，累計總銷售超過 100 萬顆，全新跨世代作品【 Qubii Power 超能備份 】幫你把備份變得「不知不覺」，無論是出國住飯店，還是日常在家充電，只要手機在「充電」就同時完成「備份」，省時省力，輕輕鬆鬆！ ✅ 全自動智慧備份 ✅ 無限擴充容量 ✅ 高效 45W 快充 ✅ 外接讀卡機功能	https://player.soundon.fm/p/954689a5-3096-43a4-a80b-7810b219cef3/episodes/8acfc705-a038-4ddf-9b4f-b51598cf4c84
504	2024-11-09	EP504 | 🛒	49.6	身體離開了，心還在公園 本集節目由負責人是直男巧虎忠實粉絲的飛利浦電鬍刀贊助 很多人覺得電鬍刀刮不乾淨，其實是沒有選對正確的電鬍刀，也沒有用正確的方式刮鬍。 大家都以為鬍鬚都是垂直於皮膚筆直生長，但仔細觀察，其實鬍鬚是往四面八方亂向生長，有些還會捲曲，甚至是平躺於皮膚。當毛髮與刀片平行時，當然不容易根除鬍渣。 飛利浦電鬍刀，特殊刀網設計搭配在臉上「畫圓刮」的方式，能讓鬍鬚根根直立，刀片就能俐落剃除，是真正能做到0渣感的電鬍刀。 雙11與股癌優惠價$10,888，比MOMO一般賣場再降3000: https://reurl.cc/bYLp6y 買再限時送Airpods 2，全機荷蘭製比出國買更划	https://player.soundon.fm/p/954689a5-3096-43a4-a80b-7810b219cef3/episodes/35a32ab9-0ddb-4272-abc5-eb7fb31d634d
503	2024-11-06	EP503 | 👶	49.0	我是覺得，不可能這麼難抽吧 本集節目由【NordVPN】贊助 現在搜尋 nordvpn.com/gooaye 或結帳時輸入股癌的專屬優惠碼【gooaye】 購買2年方案＋送四個月 一個月只要一杯咖啡的價格就能取得VPN服務 還有30天試用期，不滿意可隨時取消 #NordVPN 股癌傳送門：https://linktr.ee/gooaye -- Hosting provided by SoundOn	https://player.soundon.fm/p/954689a5-3096-43a4-a80b-7810b219cef3/episodes/8502b5c6-c4da-4434-8e7e-ff44a3150ede
502	2024-11-02	EP502 | 🎇	49.5	內外兼濕 精準投資的遠見王者就靠 #明守對策 全台首創日夜雙膠囊葉黃素 現代3C人必備葉黃素全日科技配比 游離型+酯化型 雙重搭配 快速吸收長效釋放 日間守護 夜間休護 從早到晚都能維持晶亮有神！ 😃晶亮清晰組： 明守對策+魚油隨身包2包 只要$1290 股癌專屬賣場 ➡️ https://tzk.one/晶亮清晰 🤩晶亮升級組：限量75組 明守對策3入+股癌推薦書單1本(隨機) 只要$3870 股癌專屬賣場 ➡️ https://tzk.one/晶亮升級 ✨超有感黃金配方✨ 葉黃素：玉米黃素 10：2 高劑量 德國金盞花萃取葉黃素120g 日本專利超級葉酸 4倍吸收提升 橙苷晶澈載體 幫助循	https://player.soundon.fm/p/954689a5-3096-43a4-a80b-7810b219cef3/episodes/79646d00-824c-4dc4-8d69-b1d3ad795b87
501	2024-10-30	EP501 | 🫎	52.0	明天颱風要平安喔 #ALUXE 亞立詩 — 台灣首席婚戒品牌 主委寵妻推薦股 選擇#ALUXE,投資你人生中最重要的“潛力股”! 最多最齊全的婚戒選擇 提供 1,213 款女戒 和 470 款男戒 高品質工藝與貼心服務 公開透明價格,提供求婚戒外借服務 獨家珍稀粉紅鑽石 ROSÉ MY LOVE 系列 見證永恆承諾藍鑽設計 戀人系列 全客製德國精品工藝 acredo 系列 少女心爆棚 迪士尼聯名婚嫁系列 ALUXE 為你的愛情故事 訂製專屬婚戒,成就兩人對未來的美好想像。 超狂年終慶優惠 期日起,ALUXE 超狂年終慶 滿 4 萬抵$9,000,滿 7 萬抵$15,500,預約就送排鑽手鍊,再	https://player.soundon.fm/p/954689a5-3096-43a4-a80b-7810b219cef3/episodes/ebab81f2-d87c-4b00-afe3-89d54da6787c
500	2024-10-26	EP500 | 🦀	54.3	渣男又回頭送暖了該不該再信他一次 股癌傳送門：https://linktr.ee/gooaye -- Hosting provided by SoundOn	https://player.soundon.fm/p/954689a5-3096-43a4-a80b-7810b219cef3/episodes/8ff4a1b1-ba50-4eb5-9323-21f878bd91c0
499	2024-10-23	EP499 | 🃏	51.5	三天的全職卡店店員 本集節目由【NordVPN】贊助 現在搜尋 nordvpn.com/gooaye 或結帳時輸入股癌的專屬優惠碼【gooaye】 購買2年方案＋送四個月 一個月只要一杯咖啡的價格就能取得VPN服務 還有30天試用期，不滿意可隨時取消 #NordVPN 股癌傳送門：https://linktr.ee/gooaye -- Hosting provided by SoundOn	https://player.soundon.fm/p/954689a5-3096-43a4-a80b-7810b219cef3/episodes/035384a0-8d93-4e17-ade7-94e7e1c1e94b
498	2024-10-19	EP498 | 🩴	50.5	蛋清 本集節目由【Roichen優雅椅&正脊坐墊】贊助 #Roichen優雅椅 坐墊+工作椅的形式呈現，獨家6度傾斜底座+升降設計+靜音輪。 #市售唯一依男女體型設計的正脊坐墊 它牌只有分大人和小孩的尺寸，但其實男女體型骨盆角度不同，需要專屬尺寸設計，市售唯一有男、女和兒童3種專屬尺寸可選購。 #獨家支撐設計 坐墊不易滑動，即使不搭配椅子，直接在地面或者平面使用，當作和室椅都可以。 #韓國第一入口網站NAVER家飾配件使用滿意高度認證 榮獲200多項專利、認證、設計以及系統認證的殊榮，其中包括紅點設計大獎、Good Design、PIN UP等獎項。 #通過SGS檢測不含有毒物質與安全性測試 	https://player.soundon.fm/p/954689a5-3096-43a4-a80b-7810b219cef3/episodes/7d9a356b-64ea-4a87-90b0-6970e354e3cb
497	2024-10-16	EP497 | 🧤	50.9	我是覺得難度該降低一點點 本集節目由【zZSLEPER 忘憂枕】贊助 忘憂枕我已經睡了一年，真的非常好睡，你知道睡不好跟枕頭有很大的關係嗎？枕頭影響睡眠品質通常會有4個因素，支撐、柔軟、透氣、形狀，但市售枕頭大部分前3項只能滿足2項，原因是單一材質的矛盾性，「忘憂枕」為物理治療師與醫師設計製作 ，為涼感親水棉聚氨酯材質，集結市售常見三大枕頭的優點，記憶枕支撐度、乳膠枕柔軟度、羽絨枕透氣度。 忘憂枕上下兩邊以不同弧度設計，以符合男女不同的肩寬，左右兩邊適合側睡，不管是正躺、側睡及男女不同體型，都能讓您的頸椎在最舒適角度，是一顆集結各種優點的全方位枕頭。 💤忘憂枕是涼感親水棉聚氨酯材質 💤集合支撐	https://player.soundon.fm/p/954689a5-3096-43a4-a80b-7810b219cef3/episodes/805e3a51-ff7c-42a8-b21c-fef68ef864b3
496	2024-10-12	EP496 | 😁🤖🥳✌️🚗💥🪦	50.8	難道只有我覺得 各位市場猛男美女們，平日盯著上衝下洗的浮動數字， 出國旅行就放過自己，享受心安又穩定的旅宿房價吧！ ​ 來自日本，HafH 赫夫™ 是世界最大的訂閱制旅宿服務 ✧ 嚴選世界 2000 間優質的旅宿，給你更穩定且合理的價格 ✧ ​ 獲得星野集團與日本海內外投資的 HafH 赫夫，挺過疫情寒冬在日本已獲得超過 10 萬名訂閱會員。 ​ 現在就加入訂閱 HafH 的行列，讓你擁有： ➀ 安心：平假日穩定價格，不任意劇烈浮動 ➁ 便利：直到入住前一天都可以免費取消，魔改行程完全 OK ➂ 優惠：持續訂閱，成為最高等 VIP 每筆預約皆享 9 折！ ​ 現在就開始每月訂閱，每月累積 Ha	https://player.soundon.fm/p/954689a5-3096-43a4-a80b-7810b219cef3/episodes/5b794ebc-ba11-4b8e-8c7c-807f4e7639eb
495	2024-10-09	EP495 | 🔥	50.1	不准笑 本集節目由【NordVPN】贊助 現在搜尋 nordvpn.com/gooaye 或結帳時輸入股癌的專屬優惠碼【gooaye】 購買2年方案＋送四個月 一個月只要一杯咖啡的價格就能取得VPN服務 還有30天試用期，不滿意可隨時取消 #NordVPN 股癌傳送門：https://linktr.ee/gooaye -- Hosting provided by SoundOn	https://player.soundon.fm/p/954689a5-3096-43a4-a80b-7810b219cef3/episodes/42469573-a21e-4a5f-874c-c30f9e96f75e
494	2024-10-05	EP494 | 🍮	49.8	犯罪現場善後一把罩 本集節目由喬致庸國際有限公司贊助 地表超強「日本IRIS除塵機大拍6.0」灰塵小碎屑剋星！ 針對沙發、床鋪、棉被、抱枕…等任何織品材質內的皮屑、碎屑和毛髮連根拔起！ 冬季即將到來，整天蓋著被子窩在沙發，直接與棉製品共存亡。家中又有小孩，在沙發上快樂吃餅掉屑，過敏體質者渾身不舒服 趕快使用日本IRIS 6.0除塵機，能有效降低過敏源，減少呼吸道的不適，讓你安心好眠一整晚。 ✔️擁有最高15000次拍打，邊震邊吸，徹底吸走惱人屑屑！ ✔️智慧感應顯示燈號，除塵除棉絮清楚看的見！ ✔️業界最寬 30cm 吸頭＋20cm 拍打器，減少往復時間，輕鬆又省力！ ✔️HEPA13 清淨機	https://player.soundon.fm/p/954689a5-3096-43a4-a80b-7810b219cef3/episodes/96079f5f-c2b5-4b11-91f7-7c83fc35390b
493	2024-10-02	EP493 | 🌊	52.9	不如就湊五天連假吧 本集節目由 TS6私密保養專家 贊助 股癌專屬賣場7折up： https://bit.ly/3xdRjf2 各位市場上的猛男們，除了在股市上衝刺以外，也要記得投資下面小老弟的健康和自信。「TS6男士極淨私密沐浴露」+「極戰私密噴霧」，就是一個絕佳的長線投資標的！ 特別添加「專利益菌精華」，該邊清爽舒適解決悶騷難耐， 沐浴露有木質調沉穩香氣，與體溫完美融合成獨特氣息； 私密噴霧清爽不黏膩，添加祕魯馬卡激發能量！ 現在就是你成為魅力猛男的最佳機會！ 11/1前下單滿1800加碼贈官網$500購物金 (請登入再下單，紅利購物金於訂單結案後匯入) ✦官方網站－股癌專屬賣場7折up→	https://player.soundon.fm/p/954689a5-3096-43a4-a80b-7810b219cef3/episodes/a6b1990c-3809-4905-857f-b01a8be248a1
492	2024-09-28	EP492 | 🍌	50.2	學喊救命 直男巧虎 主委豆腐 全熟芝麻 直送到府 專屬連結：https://link.sleepytofu.com/gooaye 主委參與的國產3A大作，還要等等⋯ 依照硬漢孟恭個人喜好調教的床墊，搶先問世！ 眠豆腐內部測試會，每個同事躺上去都是： 1.噗呲笑出來！ 2.直問：謝孟恭家裡的真的這麼硬嗎？ 2年多前特殊訂製的超硬床墊，經過無數次硬度、舒適性、新材質測試，終於完成了最終版本 眠豆腐產品中的支撐力擔當———「芝麻豆腐」 新增為兩種硬度： 一般硬派男女，請服用原版 芝麻豆腐 遍尋市場找不到滿意硬床的特異體質男女，請服用 全熟芝麻 這是一款在支撐力點滿的前提下，保有些微舒適感受的極致床墊	https://player.soundon.fm/p/954689a5-3096-43a4-a80b-7810b219cef3/episodes/7dce5acc-d27e-4310-a35e-9a0e4a36aef2
491	2024-09-25	EP491 | 🦘	54.7	終究也是個氣氛仔 做好有神保養，精準投資，不再股海茫茫！ 善存葉黃素，3週看見不同+! 好吸收** 高17%*** 9/25-10/1股癌獨家Momo限時專屬優惠組合! 購買善存葉黃素2入組，就加碼送【星巴克】飲料券(面額價值$135)一張！ 這麼好康！立馬手刀買進！👉 https://shorturl.at/GXsTt +係指葉黃素原料經科學研究發現， 葉黃素濃度改變可在第21天看出顯著差異 *此產品為游離型葉黃素，分子量大約為酯化型葉黃素之1/2。 游離型葉黃素為 人體可直接吸收之型式。 **指葉黃素吸收程度上差異。游離型葉黃素不須經水解步驟即被人體吸收。 ***游離型與酯化型葉黃素在食用	https://player.soundon.fm/p/954689a5-3096-43a4-a80b-7810b219cef3/episodes/0068c6ee-f0c5-44d9-9946-ed3c8b42bbfe
490	2024-09-21	EP490 | 🐛	52.4	金龍海嘯 本集節目由【NordVPN】贊助 現在搜尋 nordvpn.com/gooaye 或結帳時輸入股癌的專屬優惠碼【gooaye】 購買2年方案＋送四個月 一個月只要一杯咖啡的價格就能取得VPN服務 還有30天試用期，不滿意可隨時取消 #NordVPN 股癌傳送門：https://linktr.ee/gooaye -- Hosting provided by SoundOn	https://player.soundon.fm/p/954689a5-3096-43a4-a80b-7810b219cef3/episodes/1b733282-8607-4dc2-a680-6fc8b8da8e23
489	2024-09-18	EP489 | 🪔	50.0	J包放過我 我們無法影響美國利率決策，但可以掌握自己的養髮決策！ 隨著年紀增長，發現頭髮變細軟更顯老 #質進化咖啡因 洗後頭髮會有蓬鬆豐盈感 看起來變健康有型，輕鬆掌握自己的視覺年齡！ 【風險控管靠股癌，頭皮控管靠森歐黎漾】 🏆 #森歐黎漾 連續三年榮獲世界美妝大獎 質進化咖啡因豐盈養髮組，喚醒髮根求生欲！ 配方含嚴選咖啡因與植萃胜肽 全系列溫和0矽靈，搭配清新木質香氣 簡單3步驟: 1淨2洗3養髮 洗髮精可依髮質挑選 豐盈健髮款x控油健髮款 呵護頭皮，強健髮根，輕鬆重拾豐盈蓬鬆的自信秀髮！ 即日起至官網購買股癌粉絲限定【質進化咖啡因30日養髮基礎組】 每組最高現折$150買兩組最高現折$30	https://player.soundon.fm/p/954689a5-3096-43a4-a80b-7810b219cef3/episodes/5fa1df39-201a-4831-9f12-f7d74e34410d
488	2024-09-14	EP488 | ✨	56.8	終於吸到空氣了 主委推薦🌱夏初生法蓬蓬→ https://reurl.cc/g64rYb 米鴻生醫「夏初生法蓬蓬」拒絕赤裸感‼️ 吃出無死角的視覺豐盈。㊙️維持自信健康的秘密! 檢視自己是否也習慣… 🕳️ 出門就要戴帽子遮、 🕳️ 不太敢低頭、拍照、 🕳️ 經常清排水孔 🕳️ 經常性染燙 🕳️ 三餐飲食不正常 空空的地方希望被填補，看起來蓬蓬的! 是許多人的心聲，別到空洞危機才開始做功課， #精華足量相容性高 #溫和保養做緩衝 ＼預購破萬盒の口碑推薦🏆／ 【MIHONG®夏初生法蓬蓬💊】 #膠囊一天兩顆 #日常保養 #滋養萌生建構 ☑每份5000μg的生物素，維持能量與代謝 ☑鋅&亞鐵，幫助皮	https://player.soundon.fm/p/954689a5-3096-43a4-a80b-7810b219cef3/episodes/984c1d2d-69b1-436a-8f11-87b4f4f899fe
487	2024-09-11	EP487 | 🍎	50.0	可惜你不是 Rain 最機能的 iPhone 16 手機殼，工作、外出自由切換 2024 iPhone 新機發表會後，相信很多人正在尋找防摔、機能兼具的手機殼 MAGEASY 推出 ✨Odyssey Ultra M 終極防摔磁吸支架掛繩手機殼✨ 防摔最高可達 25 英尺，比去年更升級， 還有 4 角彈性防摔邊角設計，真空結構吸收衝擊，達到最高保護力 4 個角的防摔邊角都可以換成可拆式掛鉤，搭配 25mm Fidlock 機能掛繩 Fidlock 磁吸快扣輕鬆獨立拆卸手機，機能性超強，很適合平常出門喜歡拍照的人 360 度旋轉支架的設計，更滿足吃飯愛追劇，或是工作需要多螢幕使用的人 隱藏式的支架	https://player.soundon.fm/p/954689a5-3096-43a4-a80b-7810b219cef3/episodes/7ef1da76-85ac-417b-be90-3c294f06e499
486	2024-09-07	EP486 | 🕷️	49.3	我們不一樣 本集節目由【NordVPN】贊助 現在搜尋 nordvpn.com/gooaye 或結帳時輸入股癌的專屬優惠碼【gooaye】 購買2年方案＋送四個月 一個月只要一杯咖啡的價格就能取得VPN服務 還有30天試用期，不滿意可隨時取消 #NordVPN 股癌傳送門：https://linktr.ee/gooaye -- Hosting provided by SoundOn	https://player.soundon.fm/p/954689a5-3096-43a4-a80b-7810b219cef3/episodes/5ef1fc92-e7d8-4d48-8ebe-191cb04f7776
485	2024-09-04	EP485 | 🌵	52.1	吃飯 祈禱 深呼吸 有史以來最強大的電腦，微軟全新 Copilot+ PC！ 本集節目由【台灣微軟】贊助 💻Surface Pro 第11版結合加速效能及領先業界AI，解鎖對新筆電的思維 💻Surface Laptop 第7版搭載新的Snapdragon® X Elite和Snapdragon® X Plus處理器，釋放閃電般的速度和AI加速能力，實現終極多工處理 ✨Copilot+ PC 帶來全新 AI 體驗✨ ✦微軟 Copilot+ PC 擁有當今PC中最強大的NPU，可在每秒執行超過45兆個任務的效能 ✦Cocreator：運用文字或圖像描述繪製你的想像，然後交給 Cocreator 	https://player.soundon.fm/p/954689a5-3096-43a4-a80b-7810b219cef3/episodes/ecc1dbdb-da55-4b45-bd36-e71796882f8c
484	2024-08-31	EP484 | 🩲	50.7	他就很皮 本集節目由等著買國際有限公司贊助 Acer墨爾本質感對開行李箱下單：https://gbf.tw/3f9ts 全球旅遊熱度不減！1個好的用的行李箱帶您走遍全世界。 Acer宏碁墨爾本質感對開行李箱是最好的選擇！ 這次推薦的Acer 宏碁墨爾本行李箱，不僅時尚耐用， 更結合了多項實用設計，讓您的每次出行都更加輕鬆自在。 重要的是，價格非常實惠！ 誰說好的旅行箱就要花大錢呢？ Acer宏碁墨爾本行李箱，讓您花小錢也能享有高質感又實用的旅行箱！ ⭕️安全防護：4枚鋁合金防撞包角，全方位保護行李箱，美觀更耐用。 ⭕️TSA海關鎖：讓您在旅途中，不怕海關查驗時，行李箱被強制打開！ ⭕️分層設計	https://player.soundon.fm/p/954689a5-3096-43a4-a80b-7810b219cef3/episodes/32080760-9fce-4d5e-b6f8-47ebd8df05fb
483	2024-08-28	EP483 | 🛖	50.1	四隻手改變人生軌道 本集節目由【NordVPN】贊助 現在搜尋 nordvpn.com/gooaye 或結帳時輸入股癌的專屬優惠碼【gooaye】 購買2年方案＋送四個月 一個月只要一杯咖啡的價格就能取得VPN服務 還有30天試用期，不滿意可隨時取消 #NordVPN 股癌傳送門：https://linktr.ee/gooaye -- Hosting provided by SoundOn	https://player.soundon.fm/p/954689a5-3096-43a4-a80b-7810b219cef3/episodes/30069b8f-9f56-4770-a3ff-ae891cc1601c
482	2024-08-24	EP482 | ❤️	51.8	J包嘴巴連張開都還沒有 Dr.情趣 獨家代理 性徒會長 桌下奇緣 R-20原廠日本對子哈特推出2024最新力作！ 滿足男人對於桌底下的各種幻想情節😍 讓會長大人陪著你體驗何謂欲仙欲死，共同探索桌底的秘密與愉悅吧！ 輸入股癌的專屬優惠碼「GOOAYE」 即享全館滿千折百，買越多省越多！ 牙拜傳送門：https://drqqtoys.tw/YiENt 本網站需年滿18歲才可瀏覽與購買 股癌傳送們：https://linktr.ee/gooaye -- Hosting provided by SoundOn	https://player.soundon.fm/p/954689a5-3096-43a4-a80b-7810b219cef3/episodes/84c68cc7-165f-4d3e-ab06-531496bb36b1
481	2024-08-21	EP481 | 🐯	49.9	直男巧虎我就收下了 你要的凱基銀行通通都有！ 【凱基銀行】Karry數位存款帳戶推推！ 💰臺外幣高利活存年息 7.88%起 💰跨提轉30次免手續費 💰臺股交易手續費銅板價 💰臺股抽籤手續費回饋每月3次 💰基金申購0元手續費 開戶選凱基，滾出一桶金！ 凱基銀行Karry數位存款帳戶申辦傳送門👉 https://bit.ly/45X03TQ 凱基銀行雙幣哩程卡更多優惠👉 https://bit.ly/3SDAodC ⚠️ 本節目內容僅供參考，不構成任何投資建議。投資有風險，請謹慎評估。 謹慎理財 信用至上 信用卡循環信用年利率6.25%~15%(定期依本行電腦評等而定)，預借現金手續費(依預借現金	https://player.soundon.fm/p/954689a5-3096-43a4-a80b-7810b219cef3/episodes/8f515a2b-4d4a-464f-86cd-94230f54a02b
480	2024-08-17	EP480 | 🎨	51.1	復活 全新旗艦摺疊機 Galaxy Z Fold6！ 結合升級版的 Galaxy AI，智能程度讓你嚇一跳！ 即日起到2024年9月30日購買手機，登錄還能獲得一年期全星守護螢幕意外損失保險，配件購物金最高 NT$2,000。8/31前在三星商城購機享Samsung Rewards 3%點數回饋(1點=1元)來體驗看看全新 Galaxy Z Fold6 的魅力吧～ @samsung #GalaxyZFold6 #GalaxyAI #TeamGalaxy 更多資訊請參考：https://www.samsung.com/tw/smartphones/galaxy-z-fold6/ 股癌傳送門：ht	https://player.soundon.fm/p/954689a5-3096-43a4-a80b-7810b219cef3/episodes/c6d76d22-f777-4c01-af7a-d793fe4c0f7f
479	2024-08-14	EP479 | 🍦	51.7	單純的美好 本集節目由【NordVPN】贊助 現在搜尋 nordvpn.com/gooaye 或結帳時輸入股癌的專屬優惠碼【gooaye】 購買2年方案＋送四個月 一個月只要一杯咖啡的價格就能取得VPN服務 還有30天試用期，不滿意可隨時取消 #NordVPN 股癌傳送門：https://linktr.ee/gooaye -- Hosting provided by SoundOn	https://player.soundon.fm/p/954689a5-3096-43a4-a80b-7810b219cef3/episodes/3a34048a-91b4-4375-b1f9-ced5d5427b79
478	2024-08-10	EP478 | 🍔	49.9	這個阿珠媽有點狠 【如邑堂】台灣蟬聯五屆太陽餅冠軍 嚴選食材、口味創新、使用「海藻糖」全面降低甜度 ╲ 股癌獨家優惠只到 9月17日 ╱ 🏆 餡金流蛋黃酥｜濃郁的鹹蛋黃流沙甜鹹交融，好吃到停不下來 🏆 太陽餅｜嚴選高品質食材，傳承與創新兼具 股癌獨家優惠 中秋送禮超有面子 ✸ 結帳輸入 GOOAYE 享滿千折百 ✸ 滿額最高再折 $300 ✸ 全館滿 $1500 超取免運 下單連結 https://ruyi-sunnycake.com/GOOAYE 股癌傳送門：http://linktr.ee/gooaye -- Hosting provided by SoundOn	https://player.soundon.fm/p/954689a5-3096-43a4-a80b-7810b219cef3/episodes/bb21c1cc-9fd9-470f-b5b6-823227b14aec
477	2024-08-07	EP477 | 👽	49.9	整組紫色 最近是否吃飯配工作，三餐常常外食，擔心消化道機能嗎? 善存3效順暢益生菌，每天一包，好消化、好代謝、青春好體質* 另外，全新舒眠益生菌，食品級植萃成份，擁有五大晚安因子，天天吃好安心，讓你想睡就睡^^! 8/5~8/12購買善存益生菌系列，滿$1580送KINYO摺疊USB衝電風扇。滿$2500送250 mo幣 📣主委專屬優惠在這裡：https://centrum.pse.is/69nr5e *青春美麗，調整體質 #改變細菌叢生態、維持消化道機能、調整體質 ^係指Lactobacillus paracasei、Bifidobacterium lactis、Lactobacillus 	https://player.soundon.fm/p/954689a5-3096-43a4-a80b-7810b219cef3/episodes/4741e9de-67e4-42bf-91da-8ffe593cca43
476	2024-08-03	EP476 | 🌼	49.9	維持san值 本集節目由【火星生技有感品牌慶 全年最殺66折起】贊助。 新朋友專屬優惠只要$1099，老司機必購全館4送1起！ 滿額即贈德國蔡司威士忌酒杯，下單不限金額再抽日本雙人來回機票！ 武倍對策｜解放男人戰鬥力！強，還要更強！ 💪日本專利成分 10種核心複方 💪熱銷破億 💪SGS安檢合格，安心食用 💪1週超有感，92%使用回饋超高好評 ✅15天不滿意 無條件退費 真正有感 才敢保證👍 🔥主委專屬優惠🔥 武倍對策1入+TENGA尊爵真空杯*1入 只要$1099 股癌專屬賣場 ➡️ https://tzk.one/熱浪巴黎鐵塔 武倍對策1入+武倍對策GOLD 1入+TENGA尊爵真空杯*1入	https://player.soundon.fm/p/954689a5-3096-43a4-a80b-7810b219cef3/episodes/6a46a949-daac-4a6a-8584-9c8e9b176523
475	2024-07-31	EP475 | 🌥️	51.2	淋雨還是吹風 本集節目由【NordVPN】贊助 現在搜尋 nordvpn.com/gooaye 或結帳時輸入股癌的專屬優惠碼【gooaye】 購買2年方案＋送四個月 一個月只要一杯咖啡的價格就能取得VPN服務 還有30天試用期，不滿意可隨時取消 #NordVPN 股癌傳送門：https://linktr.ee/gooaye -- Hosting provided by SoundOn	https://player.soundon.fm/p/954689a5-3096-43a4-a80b-7810b219cef3/episodes/cd0a69a9-c7db-4691-a542-267f5df1494d
474	2024-07-27	EP474 | 🦉	50.0	你很勇喔 立即預購 PD49 享受極致高速的體驗 : https://r.zecz.ec/VYSm 全球領先的電競顯示器品牌 AGON 推出與 Porsche Design 的聯名典藏款PD49 專業級曲面電競顯示器 🏎️飆速抵達創新的顯示巔峰 QD-OLED 利用量子點的力量實現無與倫比的色彩精度和亮度。 🏎️高清視線,抓住勝利的每一個先機 5K (5120 x 1440) DQHD超高解析度,相當於兩個QHD顯示器,展現完美的畫面品質,強化你的電競體驗。 🏎️清晰極速,反應同步 240Hz更新頻率及0.03ms極速反應時間將遊戲清晰度、流暢程度達到無人能比的境界,將您的遊戲能力提升到另一個	https://player.soundon.fm/p/954689a5-3096-43a4-a80b-7810b219cef3/episodes/952ebe33-ce92-4467-b6d7-bc26e2cf9a46
473	2024-07-24	EP473 | 🌀	50.0	答應我，放一天就好 #台灣曼哈頓，#台中中央公園特區， 富華創新【之序】，邀請您以最好時機， 優先享受國際公共建設，帶來地段增值潛力， 串連台中七期、中科園區，推動台中最強黃金三角。 富華創新【之序】近3000坪四面臨路基地， 住宅環繞四座公園帶來的20萬坪綠意， 捷運步行三分鐘，直達台中國際機場。 【之序】創造新奢生活風格， 打造中央公園特區唯一獨立公設會館，獨立門廳規劃 邀請您，入主國際新奢寓所，一同定義新奢世代。 主委真誠推薦，透過資訊欄股癌專屬連結： https://forms.gle/Rg9NFnx3WmcBQbxr9 線上預約賞屋，不僅可享下午茶招待， 更有訂簽好禮（詳情請洽現場人	https://player.soundon.fm/p/954689a5-3096-43a4-a80b-7810b219cef3/episodes/51f83974-b0ed-4fa9-85d4-f14f9c9f770a
472	2024-07-20	EP472 | 🦏	51.5	唉踢仔的幸福周五 本集節目由【NordVPN】贊助播出 現在搜尋 nordvpn.com/gooaye 或結帳時輸入股癌的專屬優惠碼【gooaye】 購買2年方案＋送四個月 一個月只要一杯咖啡的價格就能取得VPN服務 還有30天試用期，不滿意可隨時取消 #NordVPN 股癌傳送門：https://linktr.ee/gooaye -- Hosting provided by SoundOn	https://player.soundon.fm/p/954689a5-3096-43a4-a80b-7810b219cef3/episodes/31433d54-2c75-4dd3-a018-da5312ce0250
471	2024-07-17	EP471 | 🐴	50.0	作文戰局 part2 本集節目由【輝葉按摩椅 】贊助 全｢芯」進化的 #AI追夢椅 讓你體驗 ｢舒爽漲停板｣ 主委推薦絕對是好物💯 → https://tinyurl.com/6nhzw7ap ✦業界首創 ｜ #AI智能旋鈕 如同真人的AI互動，根據想按的手法/力道/部位， 迅速運算比對，輕鬆訂製專屬完美按壓行程！ ✦獨家專利｜ V-Motion搖擺拉伸模式 全球首創16度左右搖擺，就像泰式古法牽引拉伸， 從小腿延伸到腰部的極致放鬆！ ✦研發升級｜ #半月輪 半月形的斜面設計完美貼合身形， 就像真人以虎口抓捏，角度靈活輕柔卻力道十足！ 股癌限時優惠 寵粉價45% OFF 愛您送溫感按摩墊(市價	https://player.soundon.fm/p/954689a5-3096-43a4-a80b-7810b219cef3/episodes/69591539-bccf-4dff-becc-77c28491c913
470	2024-07-13	EP470 | 🌽	49.7	二哥…還好嗎 俗話說不帥有三，字醜為大。讓【日本 Signus】為你打造個人特色簽名，4 種風格從正式商務體、兼具個性與實用的一筆簽、強調設計感的速寫體，到傳統禮俗場合必備的直式簽名，輕鬆應對各種時刻。 除了設計好的電子圖檔，每一款簽名會再附上筆順教學的 MP4 影片。打開來、握好筆，練個半小時你一定學得會！圖檔完全授權個人以及商務使用，隨便找個線上去背網站一丟，四款電子簽直接搞定，簽合約、簽報價單，名字好看氣勢先贏一半。 ✍️ 風格多樣｜從商務體到華麗款式 ✍️ 輕鬆上手｜影片方便回放和練習 ✍️ 電子簽名｜無紙化也要簽的漂亮 ✍️ 專業團隊｜累積為 4,200+ 人設計 【Signus 客	https://player.soundon.fm/p/954689a5-3096-43a4-a80b-7810b219cef3/episodes/dd5f10d9-b274-42a5-a2ba-aa72cadfea5f
469	2024-07-10	EP469 | 🐦‍⬛	50.0	苦工仔的春天 本集節目由【 Honeywell 太空人 RO 濾淨瞬熱飲水機】 贊助 感情問題一律建議分手，投資問題一律建議All-飲，飲水的飲。多飲多贏多健康。 Honeywell是美國Fortune 100的公司，也是Nasdaq的上市公司，是航太、通訊公司，也是美國太空總署NASA的合作夥伴。阿姆斯壯登陸月球時搭乘的太空梭使用的就是Honeywell的維生系統。 Honeywell把航太級RO瞬熱飲水機帶進你家，只需A4空間擺放的飲水機，包含淨水、加熱、殺菌等功能，使用美國GE逆滲透膜的 4合1長效濾芯，一年換一次，可去除99.99%水中有害物質，直接把自來水變RO飲用水，而且不需安裝、	https://player.soundon.fm/p/954689a5-3096-43a4-a80b-7810b219cef3/episodes/9cc11fe7-4ea7-4ab2-b0fb-e67f2bea5160
468	2024-07-06	EP468 | 🤓	50.6	矽谷仔還沒上車阿 【國泰證券】美股手續費大降價 💰個股手續費買賣超優惠，無低消門檻 💰ETF超優惠均一價👌 💰定期定額均一銅板價，10美元輕鬆進場 美股選國泰，每股都划算！ 即日起至7月底前完成交易，再抽美國雙人來回機票！ 馬上開始投資旅程：https://cathaysec.tw/wlvBZwj 股癌傳送門：https://linktr.ee/gooaye -- Hosting provided by SoundOn	https://player.soundon.fm/p/954689a5-3096-43a4-a80b-7810b219cef3/episodes/150c8c2a-dc74-4b40-8a05-49574ed5f9c7
467	2024-07-03	EP467 | 🐟	52.0	謝活 \ 商業圈熱門課程「峰值體驗2」，你跟上了嗎？ // 今天要跟大家分享的是最近商業圈很熱門的一堂課，不少企業老闆上完課都在社群上推薦，這堂課就是汪志謙老師的「峰值體驗2」，彙整汪老師過往協助超過200多個品牌，80個產業的豐厚品牌增長經驗（包含：華航、cama、Vacanza、D+AF）是一堂結合體驗設計、品牌定位的商業思維課，教你深度洞察消費者心理，精準投入資源，抓住獲利增長的關鍵時刻。 〚峰值體驗2｜商業思維Ｘ品牌定位Ｘ體驗設計〛 ✨超過3000位老闆、高管報名！上班族更該學習！ ◼️ 16大底層邏輯｜你才知道消費者在買什麼？你該賣什麼？ ◼️ 4個視角提問｜你的視角中有幾種消費者?	https://player.soundon.fm/p/954689a5-3096-43a4-a80b-7810b219cef3/episodes/6c54358b-28f9-4751-8d39-7755e6ccf409
466	2024-06-29	EP466 | 🍥	49.9	好了啦乾脆說說誰不會被取代？ 雨傘王是全台最大連鎖雨具品牌，不僅只賣好傘，我覺得最屌的是雨傘王還有提供終身免費維修的服務，傘壞了不用擔心都可以找他們！ 股市天天創新高，氣溫也是天天創新高，熱死人天氣，雨傘王推出「降溫12度」系列的傘，讓你遮陽防曬涼爽舒適。 午後突然的傾盆大雨，雨傘王有無敵傘、超人傘、型男傘、羽毛傘、反向傘、瞬收傘、拐杖傘，不管男女老少帥哥美女通通可以找到最適合自己的傘！ 除了終身免費維修之外，雨傘王服務更加強化，在台北捷運18家門市裡也推出了租傘服務，租傘10元起，核心理念不但為大家遮陽擋雨，更希望讓好傘能不斷循環運用，降低廢傘量，更友善我們的生活環境。 股癌專屬優惠連結 👉	https://player.soundon.fm/p/954689a5-3096-43a4-a80b-7810b219cef3/episodes/f6bb8a9d-a4fa-4787-b8cb-63be15891e1b
465	2024-06-26	EP465 | 🪿	50.3	可以阿順順的 本集節目由【紐西蘭Skin Technology瑞斌長效防蚊系列】贊助 ．世界衛生組織WHO跟美國疾病管制中心CDC建議使用的有效防蚊成分 ．長達12小時的長效保護,防止飛行和爬行昆蟲叮咬 ．不刺激皮膚、不引起過敏 ．能有效防止埃及斑蚊、白線斑蚊及小黑蚊叮咬,是相對安全及有效的防蚊產品! ．本產品不含薄荷及樟腦，蠶豆症患者也可使用！ ．物理性防曬/抵禦UVA/UVB/清爽好推不泛白/海洋有善配方防水長達80分鐘 主委聽眾折愛您優惠8折起 ：https://s.add.one/64ce5h （品牌限定優惠，請使用 Fb、Line、手機號碼 登入，即可看到專屬優惠價） 本集與菱俐國際	https://player.soundon.fm/p/954689a5-3096-43a4-a80b-7810b219cef3/episodes/8d32f297-357c-493f-bbdb-2fcb5a7e8937
464	2024-06-22	EP464 | 🧈	50.0	軟硬兼施！ 本集節目由亞昕集團贊助 AI浪潮席捲而來，您知道嗎， 亞洲首座 #NVIDIA_Inception_AI新創基地 早已入駐 #林口新創園！ 輝達執行長 #黃仁勳 受訪更鬆口： 將在台灣設立新研發中心，選址靠近台北， 綜觀開出條件，#林口呼聲最高！ 📈 千億資金挹注、兆元產值榮景，就在林口！ 📈 亞洲最大AI聚落，黃金第一線，就在林口！ 📈 ASML艾司摩爾在台最大投資，就在林口！ 【亞昕天匯】#林口國際AI城、#正文化二路， 鎖定中心商業區，建設利多、交通樞紐聚焦， 30層住商共榮擎天地標，#70至435坪都匯商務， 台商佈建、企業升格、出租共享⋯創富首選！ -----------	https://player.soundon.fm/p/954689a5-3096-43a4-a80b-7810b219cef3/episodes/bf223ded-2558-40cc-9974-d3d4c3a51266
463	2024-06-19	EP463 | 📹	50.0	這不是 simcity 本集節目由【NordVPN】贊助 現在前往專屬連結： nordvpn.com/gooaye ，或結帳時輸入股癌的專屬優惠碼【gooaye】購買獨家優惠方案享贈送四個月，還有30天退款保證完全零風險！ 股癌傳送門：https://linktr.ee/gooaye -- Hosting provided by SoundOn	https://player.soundon.fm/p/954689a5-3096-43a4-a80b-7810b219cef3/episodes/6160ebd2-284f-4295-8518-a2ebef6b447b
462	2024-06-15	EP462 | 🐊	50.0	178 - 2600 成為下一個傳說勇者那你一定需要：王者的魚油_武倍魚油！ 世界初NO.1科技 ESF激能性循環複方，打破魚油既定的單一選項， 給你滿滿的武倍戰力、更有武倍清澈思緒！ 養成勇者的王者之力！ 🔥武倍魚油+2入魚油增量包 只要$1830 股癌專屬賣場 ➡️ https://tzk.one/g王者魚油 輸入【gooaye5000】滿$5000再送武倍對策一盒🉐 加碼福利 輸入【g7731】滿$7731就送武倍對策Gold一盒🎉 武倍魚油 🏆挑戰巔峰劑量 EPA+DHA+ESF 1800毫克 💥世界初NO.1科技 ESF激能性循環複方： 📍日本專利BNN蕉護活性 📍95%黑紅瑪卡 📍	https://player.soundon.fm/p/954689a5-3096-43a4-a80b-7810b219cef3/episodes/6f8d147f-497a-469a-b632-e5438937a506
461	2024-06-12	EP461 | 🍘	48.2	醫生的臉就紅了 風險控管靠股癌，頭皮控管靠【森歐黎漾】 🚨悶熱潮濕 頭皮出油失控中 想要解決頭油、悶感、頭皮味？ 🌿超人氣控油救星【淨平衡洋甘菊系列】來了！ ▸第1步 淨平衡控油淨化液 | 軟化角質 擺脫頭油悶味 ▸第2步 淨平衡控油洗髮精 | 油水平衡 清爽蓬鬆 ▸第3步 淨平衡輕感護髮素 | 清爽修護 油頭也愛用 無論男女都可輕鬆做好頭皮管理📋 📈將髮肌保養提升到更高層次，重拾頭皮清爽，髮根蓬鬆頂立！ 即日起至2024/07/12止 官網結帳原價單瓶$799優惠任選三件組$1099 【股癌粉絲限定】每組再折$109！ 森歐黎漾官方旗艦館➡https://mwf.one/G1qud MOMO	https://player.soundon.fm/p/954689a5-3096-43a4-a80b-7810b219cef3/episodes/ad9d7aa9-ae60-44a1-89cc-db03e1a7092b
460	2024-06-08	EP460 | 🍟	49.8	以後都給你做就好 本集節目由【Future Salad 全清高纖新沙拉飲】贊助 股市上漲滿漢大餐，下跌吃損饅頭大餐 每天盯盤壓力大，看股市上上下下 坐在馬桶想未來，想不到未來也上不出來？ 不管你是捏卵陣線聯盟，還是陽光肥宅 喝了Future Salad 全清高纖新沙拉飲 12種純天然成分無瀉藥、芭樂果香不飄菜味 喝完8-12小時輕鬆排空、順暢有感 管他月線季線還是走勢K線 喝全清搭配運動讓你今年夏天秀出結實腰線 一堆鄉民羨慕我是炫富帥宅 喝完換我羨慕你是炫腹型男！ 不要信詐騙叫你加群買股 現在聽主委開示，買五星好評的排便神器才是真心不騙 6/8-6/20 點擊連結立即享有85折獨家優惠 讓你真	https://player.soundon.fm/p/954689a5-3096-43a4-a80b-7810b219cef3/episodes/832759c6-bee7-47dd-b85b-c82de97a65ac
459	2024-06-05	EP459 | 🪶	49.5	這些機會不屬於我 本集節目由【NordVPN】贊助 現在前往專屬連結： nordvpn.com/gooaye ，或結帳時輸入股癌的專屬優惠碼【gooaye】購買獨家優惠方案享贈送四個月，還有30天退款保證完全零風險！ 股癌傳送門：https://linktr.ee/gooaye -- Hosting provided by SoundOn	https://player.soundon.fm/p/954689a5-3096-43a4-a80b-7810b219cef3/episodes/3ec2f985-fe0a-4468-8537-dbfe5f7c40b0
458	2024-06-01	EP458 | ♊	51.2	很像自己很會一樣 感謝四面八方熱烈迴響，米鴻吃過都說讚🤙 N次返場推薦的體力組合又來了！ 主委推薦絕對是好物💯→ https://reurl.cc/9R9keV 有時疲勞不是單純的累，而是人體三力減弱 最重要的「體力」，我持續補充「它」 ＼三次返場不間斷の主委推薦頂奢組合🏆／ 【MIHONG®司令B群黑紅瑪卡💊】 #膠囊版 #日常保養 ☑專利祕魯95%高純度MacaPro黑紅瑪卡 ☑600%高濃縮技術萃取，吸收UP！ ☑多項草本精華調節生殖機能 ☑足量L-精胺酸，幫助增強體力 ☑兩顆膠囊2400mg濃縮萃取瑪卡精華 ☑七大無添加，通過第三方檢驗 【MIHONG®極濃司令黑紅瑪卡】 #粉包版 #	https://player.soundon.fm/p/954689a5-3096-43a4-a80b-7810b219cef3/episodes/3e120014-c045-40d1-9885-c021b46b149a
457	2024-05-29	EP457 | 🪵	50.0	水果成熟時 NISSAN 全新改款 ALL NEW SENTRA 外觀、安全、內裝，三方全面升級，一次滿足所有願望 駕馭完美，成為榜樣 換你上! 外觀超有型｜最帥沒有之一 全新設計V-Motion鍍鉻格柵水箱護罩、17吋雙色切削式鋁圈、鷹眼式LED尾燈 內裝超有感｜移動享受操之在手 12.3吋影音主機、BOSE音響系統、E-PKB電子駐煞車系統附Auto Hold功能 科技超有料｜安心駕馭盡情馳騁 ProPILOT LV2半自動輔助駕駛、PFCW超視距車輛追撞警示系統、3D AVM 360° HD高畫質立體環景影像系統 智選首購專案：低月付9,990元起，再享延長保固 https://a.am	https://player.soundon.fm/p/954689a5-3096-43a4-a80b-7810b219cef3/episodes/39bf0b68-94be-426f-a907-4f46d4acae7d
456	2024-05-25	EP456 | 🍇	50.0	自體增生越賣越多 眠豆腐是國內第一個推出100晚試睡、不滿意全額退費的床墊品牌。我家的芝麻豆腐，已經躺了超過 955 天了 小孔徑獨立筒設計，單位密度增加 3 倍，滿滿 2000 顆彈簧，給你源源不絕的支撐力。再鋪上 5 公分厚的義大利進口天然乳膠，以及自主研發的低反發記憶棉，保有舒適 Q 彈之餘，增添安定感與下沉阻力，這就是芝麻豆腐扎實躺感的秘密 一起感受硬 Q 綿密，6 月 16 日前，結帳輸入股癌專屬折扣碼「gooaye」，可享芝麻豆腐 95 折優惠 https://link.sleepytofu.com/gooaye 股癌傳送門：https://linktr.ee/gooaye -- 	https://player.soundon.fm/p/954689a5-3096-43a4-a80b-7810b219cef3/episodes/6f12fb3f-3ab3-467c-8df6-7b3d0364928e
455	2024-05-22	EP455 | ⛲	52.3	小畫家資深用戶狂喜 誰說水壺只能拿來喝水？主委推薦你一定要試試看【 RINGO 磁吸太空瓶 】不只是水壺，還能拿來拍照，手機「啪嗒！」吸上去，腳架直接原地誕生，舒舒服服，磁巴拉吸～ 【 RINGO 磁吸太空瓶 】是全球首款「磁吸水壺」，由美國團隊於 2022 年研發設計， 2023 年 1 月正式啟動 KICKSTARTER 全球首發集資計畫，成功募集破千位贊助人支持，至今全球熱銷破億好評，無論是拍小孩、拍狗狗、追劇、看盤都很好用，非常推薦入手。 🌟 2-in-1 設計｜水壺 + 支架完美結合 🌟 解放雙手｜超廣角度 0-90 度皆可調 🌟 穩固磁吸｜空瓶狀態也能站得四平八穩 🌟 無毒材質｜3	https://player.soundon.fm/p/954689a5-3096-43a4-a80b-7810b219cef3/episodes/138b4969-89ff-4a85-a096-848de84730a8
454	2024-05-18	EP454 | 🥝	50.0	當時就挺突然的 《艾爾登法環》以遼闊的黑暗奇幻世界為舞台，能令人沉浸其中、享受高自由度的冒險 ── 囊括最具指標意義的 TGA 遊戲大獎「年度最佳遊戲」最高殊榮肯定、再加上 Steam 玩家評價超過 60 萬筆「極度好評」，都在在證明了這款動作 RPG 遊戲不可動搖的經典地位。 全新大型資料片《黃金樹幽影》在經過 2 年後將以「幽影之地」為舞台，伴隨著多種新增要素，包含令人戰慄的地下迷宮、充滿威脅性的敵人，以及新增的武器、防具等等，交織出另一段故事。 探索未知、挑戰困難，享受克服困境時的成就感吧。登場角色之間的利害關係譜成的群像劇，更是不容錯過。6 月 21 日於 PS5、PS4、Xbox S	https://player.soundon.fm/p/954689a5-3096-43a4-a80b-7810b219cef3/episodes/3daab061-2b8a-4f7c-b152-39afebc176b2
453	2024-05-15	EP453 | 🦭	51.2	普遍級 Samantha 本集節目由【NordVPN】贊助 現在前往專屬連結： nordvpn.com/gooaye ，或結帳時輸入股癌的專屬優惠碼【gooaye】購買獨家優惠方案享贈送四個月，還有30天退款保證完全零風險！ 股癌傳送門：https://linktr.ee/gooaye -- Hosting provided by SoundOn	https://player.soundon.fm/p/954689a5-3096-43a4-a80b-7810b219cef3/episodes/52a7f1f3-a843-4570-91b7-595ccb79b1c3
452	2024-05-11	EP452 | 🍎	49.7	讓啦哪次不讓 每個人都一定要有一支的🇯🇵日本國民筋膜槍 從頭皮到腳底一支包辦【MINI220迷你筋膜槍】：https://atex.tw/SC336 今天推薦給大家的是日本銷售破32億日圓的國民筋膜槍，MINI220獨家『不求人設計』，讓你輕鬆自己定位腰背，不用請別人幫忙～不論你是上班族，還是勞動量大的人，都可以隨時隨地精準舒緩勞累部位。 👉附贈5種按摩頭 獨家『氣墊頭』高彈吸震，不小心打到骨頭也不吃痛；特製『頭皮刷』讓你軟化頭皮，徹底紓緩壓力；『凸點廣角頭』按摩腿部效率更高，久站久坐的人一定要試試。 👉迷你羽量220克 是目前台灣市面上最輕的機型，搭配巴掌大小的尺寸，用久不會讓手更酸，方便隨	https://player.soundon.fm/p/954689a5-3096-43a4-a80b-7810b219cef3/episodes/651929f8-d8d1-431d-9d58-59e7ff655eca
451	2024-05-08	EP451 | 🦧	50.0	貴不是他的問題，是我的問題 本集節目由【zZsleeper 忘憂枕】贊助播出 你知道睡不好跟枕頭有很大的關係嗎？枕頭影響睡眠品質通常會有4個因素，支撐、柔軟、透氣、形狀，但市售枕頭大部分前3項只能滿足2項，原因是單一材質的矛盾性，「忘憂枕」為物理治療師與醫師設計製作 ，為涼感親水棉聚氨酯材質，集結市售常見三大枕頭的優點，記憶枕支撐度、乳膠枕柔軟度、羽絨枕透氣度。 忘憂枕上下兩邊以不同弧度設計，以符合男女不同的肩寬，左右兩邊適合側睡，不管是正躺、側睡及男女不同體型，都能讓您的頸椎在最舒適角度，是一顆集結各種優點的全方位枕頭。 💤忘憂枕是涼感親水棉聚氨酯材質 💤集合支撐、柔軟和透氣度3大優點 💤通	https://player.soundon.fm/p/954689a5-3096-43a4-a80b-7810b219cef3/episodes/18faa2db-65db-4c72-b5d0-a5b228594b3e
450	2024-05-04	EP450 | 🍙	52.1	苗栗好鄰居 \ 好友「股乾爹 Sean」開總體經濟學課程了// 今天要跟大家推薦的是我覺得今年投資人必學的課程，從這兩三年會發現股市、債市的波動往往與聯準會的動向、各國貨幣政策、升息降息通膨有關，不論你是做美股、台股都需要了解總體經濟學的全球脈動，才能建立市場洞察的獨立思考力。 Sean是我少數覺得分析總經內容很扎實且精準的人，他的YT頻道每週分析的總經時事更是許多銀行專員、財經金融人會固定收看的週報，而這次他在知識衛星開的這堂「分析師的總經應用學」已經超過5000人購買！會從初階的總經指標到進階的投資產品應用完整教學，最後也會教大家如何透過經濟循環的歷史軌跡看見未來市場機會與潛在風險，我認為	https://player.soundon.fm/p/954689a5-3096-43a4-a80b-7810b219cef3/episodes/b43a26ae-8394-41cb-9326-04e65e8a6000
449	2024-05-01	EP449 | 😸	50.0	林口好鄰居 本集節目由【NordVPN】贊助 現在前往專屬連結：nordvpn.com/gooaye， 或結帳時輸入股癌的專屬優惠碼【gooaye】購買獨家優惠方案享贈送四個月，還有30天退款保證完全零風險！ 股癌傳送門：https://linktr.ee/gooaye -- Hosting provided by SoundOn	https://player.soundon.fm/p/954689a5-3096-43a4-a80b-7810b219cef3/episodes/f7806461-1b4a-424f-8d77-3c3625113d07
448	2024-04-27	EP448 | 🌭	50.0	都很好ㄚ 本集節目由 Cooler Master｜Hybrid M 贊助 想按摩家裡沒空間，這張幫你解決！：https://r.zecz.ec/s4q9 酷碼電競專家與masa按摩職人聯手打造 全新電競工學按摩椅Hybrid M 辦公椅、電競椅就是按摩椅，又省了一個空間。配備一顆獨立14400mAh行動電源，不用拉一條線，原地開按！ #內建按摩模組🤩沒事就按，邊看股邊按，要不要太舒服！ #APP預設手法🤩還能自定按摩，力道、位置自己調，各種身高都按得到你要的位置，輕鬆回覆最佳狀態～ #人體工學設計🤩磁吸腰靠無段調整，3D扶手，不同身型全滿足 不只給你安穩包覆感，超大椅面乘坐感再升級，穩穩接住你	https://player.soundon.fm/p/954689a5-3096-43a4-a80b-7810b219cef3/episodes/53b8d116-0844-4a0b-938b-b6e5d8668221
447	2024-04-24	EP447 | 🪂	50.0	彈彈 V-TEX 超機能防水休閒鞋 乾濕分離科技 春夏最新 Soulmade系列 繽紛清爽配色，三色隨選！ V字俐落線條，百搭耐看 依舊是最高規格防水力 x 三密度氮氣大底 真正防水 久站耐走皆合適 #晴雨兩用 #防水排汗 #12大機能 🎁母親節禮物準備了嗎！？ 送上這雙準沒錯👇真的超實用！ 讓媽媽不論是雨天外出、逛街購物、趴趴走 都能保持雙腳乾爽 大步邁前 【官網限定】即日起至5/20，使用癌大專屬優惠碼： 🌹「LOVEMA」滿$4500 現折$600+木漿棉1組（不累贈） 🌹「LOVEMOM」滿$6000 現折$1000+木漿棉1組（不累贈） 💋癌粉獨家加碼💋 5/24額外再抽出一位 獲得	https://player.soundon.fm/p/954689a5-3096-43a4-a80b-7810b219cef3/episodes/eba1b127-155b-4452-b266-88da6e549d5b
446	2024-04-20	EP446 | 🫐	49.5	捏 本集節目由【Roichen優雅椅&正脊坐墊】贊助 #Roichen優雅椅 坐墊+工作椅的形式呈現，獨家6度傾斜底座+升降設計+靜音輪。 #市售唯一依男女體型設計的正脊坐墊 它牌只有分大人和小孩的尺寸，但其實男女體型骨盆角度不同，需要專屬尺寸設計，市售唯一有男、女和兒童3種專屬尺寸可選購。 #獨家支撐設計 坐墊不易滑動，即使不搭配椅子，直接在地面或者平面使用，當作和室椅都可以。 #韓國第一入口網站NAVER家飾配件使用滿意高度認證 榮獲200多項專利、認證、設計以及系統認證的殊榮，其中包括紅點設計大獎、Good Design、PIN UP等獎項。 #通過SGS檢測不含有毒物質與安全性測試 最	https://player.soundon.fm/p/954689a5-3096-43a4-a80b-7810b219cef3/episodes/255e4329-77c2-4d20-833a-6fbd34c6ccf3
445	2024-04-17	EP445 | 🥂	50.3	電子垃圾產品+1？ 本集節目由【NordVPN】贊助 現在前往專屬連結：nordvpn.com/gooaye 或結帳時輸入股癌的專屬優惠碼【gooaye】購買獨家優惠方案享贈送四個月，還有30天退款保證完全零風險！ 股癌傳送門：https://linktr.ee/gooaye -- Hosting provided by SoundOn	https://player.soundon.fm/p/954689a5-3096-43a4-a80b-7810b219cef3/episodes/099a78cc-d065-49b9-b166-57bce67c013a
444	2024-04-13	EP444 | 🤌	50.0	我沒了 本集節目由喬致庸國際有限公司贊助 炎夏大作戰，電風扇趕緊準備起來！ 推薦PHILIPS 飛利浦 DC塔式風扇，陪你度過涼夏 飛利浦 DC塔式風扇下單：https://gbf.tw/hslhp 經典塔式外觀，無葉設計，不僅送風柔和，使用上更安全 選用直流變頻電機，除了低耗電外，噪音降低，讓你好眠一整夜 12檔風速任意調整，60度大廣角，任何角落都任你涼 具負離子淨化，感受大自然般清新空氣 搭配冷氣使用，將空調的冷氣快速均衡的送到家裡角落， 快速降低室溫，讓清涼流轉滿屋 股癌優惠價$3790，本團免運費，優惠只到4/27，愛您清涼一夏！ 股癌傳送門：http://linktr.ee/goo	https://player.soundon.fm/p/954689a5-3096-43a4-a80b-7810b219cef3/episodes/bc6e61bc-8da7-40bf-b55f-da111b2a44b2
443	2024-04-10	EP443 | 🎩	49.7	小蘇要努力 今年母親節要送媽媽、老婆、岳母的進貢品準備好了嗎？ 這裡搶 https://reurl.cc/77Obml 主委推薦台灣萊雅集團去年新上市 「NO1頂級科學護膚品牌_修麗可」早在歐洲、韓國就大流行 品牌創辦人是發明「維他命C之父」博士 「想抗老！要先抗氧！」你到現在都不知道吧！你連呼吸都會變老？氧化會讓肌膚加速老化！ 修麗可擁有「黃金抗氧參數專利」 1.精純左型維他命C、2.濃度介於10%-20%、3. pH值小於3.5 聽博士的準沒錯！ 👉 有黃金抗氧參數的明星CE抗氧精華 就是我老婆的愛 !「頂級抗老_亮到發光組」 https://reurl.cc/VNK2Eb 勻亮、緊緻、澎	https://player.soundon.fm/p/954689a5-3096-43a4-a80b-7810b219cef3/episodes/540f615f-f3ad-4252-bb7a-54fb285f3e70
442	2024-04-06	EP442 | 🤞🏻	49.9	好在每次壞事都有新契機啊 本集節目由喬致庸國際有限公司贊助 飛利浦行動電源下單：https://gbf.tw/cebff 飛利浦立架式磁吸無線快充行動電源，10000mAh大容量，加上超穩固折疊式支架，讓你輕鬆盡情追劇 支援magsafe，磁吸力超越他牌20%，牢牢吸住手機，不易脫落 搭載20w快充，讓手機快速擁有滿滿電力，加上智慧溫控芯片，使用上更安心 同場加映飛利浦迷你口袋行動電源，小體積大容量，重量只有97.8g，小小一顆真的會忘了它的存在 股癌聽眾優惠價$999起，本團免運費，優惠只到4/20，愛您永不缺電！ 股癌傳送門：https://linktr.ee/gooaye -- Host	https://player.soundon.fm/p/954689a5-3096-43a4-a80b-7810b219cef3/episodes/6401533c-a90f-43a0-b54f-7f7c2e7ab05a
441	2024-04-03	EP441 | 🙀	49.9	祝大家搖搖平安，愛您 本集節目由【NordVPN】贊助 現在前往專屬連結：nordvpn.com/gooaye 或結帳時輸入股癌的專屬優惠碼【gooaye】購買獨家優惠方案享贈送四個月，還有30天退款保證完全零風險！ 股癌傳送門：https://linktr.ee/gooaye -- Hosting provided by SoundOn	https://player.soundon.fm/p/954689a5-3096-43a4-a80b-7810b219cef3/episodes/dc9cb36e-e58f-41bd-8700-f002a380efd4
440	2024-03-30	EP440 | 🛌🏼	49.9	彈上彈下 本集節目由 PlayStation 台灣贊助 重返 19 世紀末期幕府時代的日本，化身為無主的武士，也就是浪人，舉起手中的刀劍在《浪人崛起》這款開放世界動作 RPG 中形塑日本的未來。現已在 PlayStation 5 平台獨佔推出， 官方網站：https://siet.pse.is/5jzslx #浪人崛起 #PS5 #PlayStation5 #PlayStation_TW 股癌傳送門：http://linktr.ee/gooaye -- Hosting provided by SoundOn	https://player.soundon.fm/p/954689a5-3096-43a4-a80b-7810b219cef3/episodes/57e49cb5-7d5c-4daa-85c2-f70585d86fbd
439	2024-03-27	EP439 | 🫃🏾	52.9	一直洗澡 本集節目由 拜耳力度伸 贊助 拜耳力度伸愛您健康方案💖 誠心獻上維他命C+D+鋅 發泡錠 30錠x3盒(柳橙口味) 55折優惠，只要$1,674 → https://reurl.cc/j3ODnm ❤️買就送304不鏽鋼吸管旅行組 ❤️關注蝦皮拜耳力度伸官方旗艦店，再領滿$499現折$100 ❤️消費滿$1,699享8%蝦幣(最高回饋150) ㊙️股癌聽眾限定：3/27-3/31期間，滿$1,999享15%蝦幣回饋🔥無上限 ㊙️3/27(三)限定優惠活動，早上9點 & 晚上8點 蝦皮賣場手刀搶滿1元打1折優惠券，最高再折$350 內審字號：內審字號: CH-20240313-31 股	https://player.soundon.fm/p/954689a5-3096-43a4-a80b-7810b219cef3/episodes/b867dac5-0319-4c9a-82af-0250c1fbc563
438	2024-03-23	EP438 | 🏐	49.9	拿破崙到底是沙小== 純正台灣製造的眠豆腐床墊，現在美國也買得到 眠豆腐 2.0 是專為東方睡眠習慣設計的床墊，採用台灣特產的超粗壯 2.3mm 線徑中鋼獨立筒，提供本土硬床超強支撐力，告別軟式床墊對腰背造成的不適，再結合 6cm 獨家高分子彈力泡綿的舒適度，徹底放鬆你在異鄉的緊繃神經，躺感柔中帶剛，絕對是夜深人靜，讓你含淚入眠的台灣味 🚛全美配送免運費(不包括關島、夏威夷) 💯100晚試睡計畫，不滿意，專人回收，全額退費，購買零風險！ https://link.sleepytofu.com/gooaye_usa 股癌傳送門：https://linktr.ee/gooaye -- Hostin	https://player.soundon.fm/p/954689a5-3096-43a4-a80b-7810b219cef3/episodes/6eaa41c8-08e2-470a-8554-f3df667b1537
437	2024-03-20	EP437 | 🧳	50.0	GR003 本節目由 程式交易的領導者 - 優式資本 贊助 優質的團隊合作，搭配創意和程式輔助交易，造就優式資本 優式資本是專注於程式交易的卓越團隊，以精準的交易策略和對市場變化的靈敏洞察，搭配先進的科技技術，迅速而準確地捕捉市場脈動，展現出卓越的績效，在金融市場持續擁有領先地位 夢幻轉職最佳選擇-優式資本，打造您在金融領域的璀璨未來 優式資本提供全台金融業最好的薪酬與豐富的學習機會，讓您能夠不斷提升技術能力，同時與業界頂尖的人才共事 優式資本目前正在招聘【帳務系統開發工程師 與 基金會計】，特別歡迎在券商、投信及銀行 有相關經驗的優秀人才加入 如果您渴望在充滿活力和創造力的工作環境中，並為金	https://player.soundon.fm/p/954689a5-3096-43a4-a80b-7810b219cef3/episodes/4401bfef-986c-4402-a220-f52d931e60e1
436	2024-03-16	EP436 | 🤖	52.4	又一個殺手來報到ㄌ 本集節目由【NordVPN】贊助 現在前往專屬連結：nordvpn.com/gooaye 或結帳時輸入股癌的專屬優惠碼【gooaye】購買兩年方案，享贈送四個月及額外好康，還有30天退款保證完全零風險！ 股癌傳送門：https://linktr.ee/gooaye -- Hosting provided by SoundOn	https://player.soundon.fm/p/954689a5-3096-43a4-a80b-7810b219cef3/episodes/8abbcc53-fb7c-48a4-9c5a-11da7b71af48
435	2024-03-13	EP435 | 🌲	50.0	刀刀 茫茫股海，保持高度清晰才能不踩雷 樂敦V葉黃素，提升晶亮5大關鍵成分 黃金比例的葉黃素20毫克與玉米黃素4毫克、 日本專利魚油、 義大利頂級山桑子、 獨家雞肉萃取粉 100%消費者滿意推薦*！ 3/13~3/19 momo獨家優惠，購買樂敦V葉黃素3入組，主委加碼再送mo幣100塊，以及麥當勞勁辣雞腿堡+中杯冰檸檬風味紅茶即享券一張。 📣主委加碼優惠在這裡：https://reurl.cc/54bjyv 資料來源 *2023/03/05~2023/04/03達聯行銷顧問公司執行之50位消費者使用調查 股癌傳送門：http://linktr.ee/gooaye -- Hosting pro	https://player.soundon.fm/p/954689a5-3096-43a4-a80b-7810b219cef3/episodes/ae7705a5-4aeb-4222-9203-0d5af9bef1b2
434	2024-03-09	EP434 | 🅰️	49.9	AAAAAAAA 人生就像耐力賽，除了經驗與智慧的累積 選擇米鴻，體力超充就是一切的根本💪 奢華享受，持續有感💋 https://reurl.cc/9R9keV 股癌五星認證💯-瑪卡雙組合🉐 【MIHONG®司令B群黑紅瑪卡膠囊💊】 ☑專利祕魯95%高純度MacaPro黑紅瑪卡 ☑600%高濃縮技術萃取，吸收UP！ ☑多項草本精華調節生殖機能 ☑足量L-精胺酸，幫助增強體力 ☑兩顆膠囊2400mg濃縮萃取瑪卡精華 ☑七大無添加，通過第三方檢驗 【MIHONG®極濃司令黑紅瑪卡粉包】 🏆瑪卡增量6770毫克，濃縮萃取好吸收 🏆增量添加人蔘皂甘，總含量高達40毫克 🏆專利南非醉茄及重要成分L-精氨	https://player.soundon.fm/p/954689a5-3096-43a4-a80b-7810b219cef3/episodes/107c2efe-1058-4706-b006-209b44d4a49c
433	2024-03-06	EP433 | 🐦	49.2	鳥來了 本集節目由喬致庸國際有限公司贊助 飛利浦行動電源，主打防摔、快充、高效於一體 下單：https://gbf.tw/cmvey 搭載PHILIPS獨家溫控晶片、支援MagSafe、22.5W極速快充、最多五台同時充電 過載斷電機制、更通過1.2公尺掉落測試，並提供最高2年產品保固 LED螢幕顯示掌握剩餘電量，自帶AC插頭搭配贈送的萬國插頭，讓你走遍世界 優惠價$1580只到3/19，愛您永不缺電！ 股癌傳送門： https://linktr.ee/gooaye -- Hosting provided by SoundOn	https://player.soundon.fm/p/954689a5-3096-43a4-a80b-7810b219cef3/episodes/294a370f-08a7-43b8-805d-f9956dfb1643
432	2024-03-02	EP432 | 😍	49.8	愛了 本集節目由【NordVPN】贊助 現在前往專屬連結：nordvpn.com/gooaye 或結帳時輸入股癌的專屬優惠碼【gooaye】購買兩年方案，享贈送四個月及額外好康，還有30天退款保證完全零風險！ 股癌傳送門：https://linktr.ee/gooaye -- Hosting provided by SoundOn	https://player.soundon.fm/p/954689a5-3096-43a4-a80b-7810b219cef3/episodes/f52243f0-5f82-4765-8889-b01e168ccebd
431	2024-02-28	EP431 | 🪸	50.1	流湯ㄌ 本集節目由亞昕集團贊助 還在緊盯著股票、看著財報嗎？ 別忘了起身活動，喝杯茶放鬆一下～🍵 來林口走走，#感受繁榮與慢活並存的自在， 工作vs生活，#在這裡真正取得平衡！ 📈 千億資金挹注、兆元產值榮景，就在林口！ 📈 亞洲最大AI聚落、國際媒體重鎮，就在林口！ 📈 密度最高明星學區、公園綠帶，就在林口！ 站在時代的尖端，比別人搶先佈局， 林口國際都心全盛榮景，為您揭開無限未來！ 和 #全球半導體大廠ASML艾司摩爾 當鄰居， 和 #富貴、#吉祥3000坪雙公園 當鄰居， 【亞昕森匯】絕對比您想得更完美！ 👍 主委真誠推薦，透過資訊欄股癌專屬連結： https://forms.gle/Z	https://player.soundon.fm/p/954689a5-3096-43a4-a80b-7810b219cef3/episodes/03bc716f-c666-4407-afa6-908793ec849b
430	2024-02-24	EP430 | ✨	51.0	100b 50惠 X 股癌 2/22 - 4/17 購買連結：https://lihi.cc/6SF2V 屈臣氏官網獨家折扣碼：Gooaye 適用產品：50惠養髮精華 / 50惠黑髮精華 / 50惠男士激活養髮精華 股癌傳送門：http://linktr.ee/gooaye -- Hosting provided by SoundOn	https://player.soundon.fm/p/954689a5-3096-43a4-a80b-7810b219cef3/episodes/7a24f802-6a41-404d-9f78-d4be4c1967d7
429	2024-02-21	EP429 | 🥲	49.9	要注意防滑== 今天來介紹自己平常也在使用▼網友票選No.01-大戶投APP▼ 算出財報亮點，聰明下單迎接穩健報酬，享受一站式服務，從選股、交易、理財知識到帳戶管理一機搞定！ * 提供交易、選股、理財知識及個人化盤前智慧解析一個APP幫你搞定 * 初期理財新手或是忙碌的上班族所面臨到沒空盯盤、錯失下單時機等問題一次解決 * 揭露財報亮點，聰明下單迎接穩健報酬 * 非永豐金用戶可先以社群帳號登入試用 現在設定永豐銀行大戶交割戶的存款利率還有1.5%喔！ 了解更多：https://dmp.sinotrade.com.tw/t/bja 股癌傳送門：https://linktr.ee/gooaye -	https://player.soundon.fm/p/954689a5-3096-43a4-a80b-7810b219cef3/episodes/7a773278-206f-497a-941f-81073f42bd90
428	2024-02-17	EP428 | 🌻	50.0	不是拉怎麼算ㄉ 先講結論，輸入折扣碼：『 先謝孟恭 』 有序延長線「 快充版 / 一般版 」全部 85 折，愛您❤️ 快充版購買連結：https://unipapa.co/iAPgx 一般版購買連結：https://unipapa.co/nBdmL ​ 家裡延長線都換成這條了！ 不只是延長線，更是一條整線神器～ 幫你梳理桌面，還自帶 65W 快充。 ​ 傳統延長線孔距太擠、容易晃來晃去、東倒西歪，這條都解決了！因為： ​ ⓵ #加大孔距 的設計可以容納更大的變壓器、充電頭，完全不浪費孔洞。 ⓶ 背後的 #壁貼背扣 讓延長線固定不亂動，桌上、牆上都攬牢牢。 ⓷ 邊邊的 #180度轉軸，遇到邊角不	https://player.soundon.fm/p/954689a5-3096-43a4-a80b-7810b219cef3/episodes/c65d26dd-31a1-4984-8d49-e1285ed112c6
427	2024-02-14	EP427 | 🥽	49.7	瑟蘭督伊== 本集節目由【NordVPN】贊助 現在還有NordVPN週年優惠，前往專屬連結： nordvpn.com/gooaye 或結帳時輸入股癌的專屬優惠碼【gooaye】購買兩年方案，可額外加贈四個月，還有30天退款保證完全零風險 股癌傳送門：https://linktr.ee/gooaye -- Hosting provided by SoundOn	https://player.soundon.fm/p/954689a5-3096-43a4-a80b-7810b219cef3/episodes/fc915249-0f20-4f82-8c2d-dc0bdefcb60f
426	2024-02-10	EP426 | ⭐	49.4	我變泰粉了 除夕一路吃吃吃到開工，過完年要重啟減脂計畫了嗎？ tokuyo 八點傳感體脂計 和你一起 ✨ 數據降肉 ✨ 在家測量 48 項身體組成數據！ 善用 #數據化 提升對身體的覺察力，增肌/減脂成效如何，數據攤開就知道。還能手、腳左右節段分開測量，分析慣用邊與待加強側，讓訓練計畫找對方向。 八點式傳感測量 × 雙頻測量技術 通過手腳共八個電極點接觸，加上高頻和低頻 #雙頻 分析細胞，測量更精準。不只省下上健身房測量的錢，還能在家天天量、全家一起量！ 特點一次看： 🎖️ 數據降肉｜48 項身體組成分析 🎖️ 高精準度｜四肢、軀幹分開追蹤 🎖️ 雙頻測量｜分析細胞與肌肉質量 🎖️ 藍牙連接｜	https://player.soundon.fm/p/954689a5-3096-43a4-a80b-7810b219cef3/episodes/1aae55af-e579-4a18-9d42-e00e797a4c66
425	2024-02-07	EP425 | 🫶	51.8	又倒轉了 無論市場怎樣浪，有我一直艇你。 無論曲線怎樣晃，有我一直艇你。 華語天團動力火車代言的全新海盜題材策略游戲《征服之海：海盜榮耀》火熱公測中！ 《征服之海》找寶藏，新年大發財！親手打造專屬於你的可移動船隻基地。贏取藏寶圖，集結傳奇海盜團，尋找遺失寶藏。開拓黃金航線，自由貿易賺取財富，提升聲望與戰力。 不要急，要爲你保駕護航，我還要來了專屬福利碼：GOOAYELOVEYOU 與我一起駕馭每一道海浪，用自己的實力發家致富，做一名爲所欲爲的海盜，成爲海上傳説！ 現在立即下載《征服之海：海盜榮耀》，浪再大，兄弟艇你！ 下載傳送門：https://mothmpre.onelink.me/3BgG	https://player.soundon.fm/p/954689a5-3096-43a4-a80b-7810b219cef3/episodes/b305acd8-d716-4c05-ba1a-e75a53ab0b16
424	2024-02-03	EP424 | 🍳	50.8	37B! 本集節目由【NordVPN】贊助 現在還有NordVPN週年優惠，前往專屬連結： nordvpn.com/gooaye 或結帳時輸入股癌的專屬優惠碼【gooaye】購買兩年方案，可額外加贈四個月，還有30天退款保證完全零風險 股癌傳送門：https://linktr.ee/gooaye -- Hosting provided by SoundOn	https://player.soundon.fm/p/954689a5-3096-43a4-a80b-7810b219cef3/episodes/35f5b134-5e92-4da0-8fde-686d4a130fc7
423	2024-01-31	EP423 | 🦷	50.9	預期自己推得高高 本集節目由喬致庸國際有限公司贊助 Lojel 前開擴充式行李箱下單：https://gbf.tw/etuq2 Lojel 全新改款行李箱，內裝細節大升級 * 更新海關鎖規格，保護更安全 * 內裝布料加入可拆設計，清潔更方便 * TPU 靜音輪具，使用更長久 * 箱殼耐用度加強，長期不易壞 * 擴充拉鍊加強防護，使用不易脫落 使用過上掀蓋式行李箱，就回不去了， 優惠價最低$9,040起，還享免運費，優惠只到 2/14 止 股癌傳送門：https://linktr.ee/gooaye -- Hosting provided by SoundOn	https://player.soundon.fm/p/954689a5-3096-43a4-a80b-7810b219cef3/episodes/17ba84a5-e6ce-4fa1-9fb7-633a1fa2fc12
422	2024-01-27	EP422 | 🕸️	49.3	好玩^^ 【如邑堂】台灣蟬聯五屆太陽餅冠軍 🌞 傳承、創新、食材升級，使用海藻糖全面降低甜度 ╲ 股癌獨家優惠只到 2月8日 ╱ 最後一波春節送禮，點選連結即享 🥮 全館 9 折優惠！ 🥮 全館滿 $1000 超取免運 🥮 不限金額下單再抽「餡金流蛋黃酥 9入禮盒」五名 手刀下單 https://ruyi-sunnycake.com/GOOAYE 股癌傳送門：https://linktr.ee/gooaye -- Hosting provided by SoundOn	https://player.soundon.fm/p/954689a5-3096-43a4-a80b-7810b219cef3/episodes/c47747cb-d456-4a85-86c6-fd548bf4c7d8
421	2024-01-24	EP421 | 🪻	50.3	異想天開ㄟ 風險控管靠股癌，頭皮控管靠【森歐黎漾】 日夜溫差大，搔癢頭皮屑大爆發 快試試「淨平衡茶樹系列」【雙重抗屑成分】x【天然茶樹精油】 🌱皮屑搔癢先止停，髮根蓬鬆秒回升，潔淨無屑打造清爽魅力！ 解放悶感，頭皮深層潔淨超暢快～ 洗髮精可任選「控油雙效款」或「勁涼蓬鬆款」 還有「勁涼洗前淨化液」抗屑PLUS，終結頭皮屑反覆出現！ 即日起至2024/02/24止 官網結帳原價單瓶$799優惠任選三件組$1099 【股癌粉絲限定】每組再折$109！太划算了吧 森歐黎漾官方旗艦館➡️ https://mwf.one/2kVcC MOMO購物網同步優惠中➡️ https://mwf.one/u9h2	https://player.soundon.fm/p/954689a5-3096-43a4-a80b-7810b219cef3/episodes/d146f06f-d5fe-4697-8ad3-3d13bad08b95
420	2024-01-20	EP420 | 🌿	51.4	方唐鏡ㄟ 拜耳力度伸年節獻禮【力度伸Ｘ鎮瀾宮維他命C＋D＋鋅發泡錠禮盒】 媽祖加持、每天一錠守護全家人平安健康 現在入手只要63折$1,299：https://reurl.cc/77jj2Q 1/19-1/31 主委加碼，送禮自用一次買足趁現在 🎁買一組即贈發泡錠正品15錠（口味隨機） x1 🎁滿$1,699現折$180、滿$2299再折$300！ 🎁滿$1,999贈力度伸C+D+鋅發泡錠30錠（黑醋栗口味） x1 ＊內審字號：CH-20240110-01 股癌傳送門：https://linktr.ee/gooaye -- Hosting provided by SoundOn	https://player.soundon.fm/p/954689a5-3096-43a4-a80b-7810b219cef3/episodes/ce99f034-9268-4397-baae-ff953e232e22
419	2024-01-17	EP419 | 🤮	50.8	99.…taojo… 🔥V-TEX超機能防水休閒鞋🔥 一雙讓投資人不用煩惱天氣走勢的晴雨兩用鞋 防水防風防寒、排汗透氣…等12大機能一次擁有 最高工藝呈現「WAGASHI 系列」 🧡V-TEX獨家氮氣大底→舒適穩固，給予腳底不同硬度回饋 🧡4.5公分厚底設計→高緩震高回彈，支撐雙腳全面緩衝 🧡搭配V-TEX RSID EX鞋墊→依據人體工學完美貼合腳型 🧡巧思外型設計→輕鬆駕馭不同造型 超值愛您優惠📣 1) 結帳輸入專屬優惠碼「LOVEYOU」直接享88折&每筆訂單加贈木漿棉一組（官網限定） 2) 會員享鞋類2%紅利回饋&滿額再贈限量旅行組 3) 官網加入新會員再享100紅利現折抵 💥更多詳情	https://player.soundon.fm/p/954689a5-3096-43a4-a80b-7810b219cef3/episodes/40699e19-d20e-4e83-bb59-a8e2968adaae
418	2024-01-13	EP418 | 🤖	53.7	嘻嘻 我有斷網小恐龍 【股癌Gooaye x WOKY】年終團 這裡下單～愛您：https://pse.is/5j93ca 💘渾圓杯770的新年限量禮盒有夠澎湃 包裝很時尚，所有配件一次滿足 💘獨家推薦！超人氣明星商品渾圓杯770＋恰恰鍋組合 好評大推！只會後悔買太晚，不要錯過！！ ✨下單就送品牌紅包袋(限量50名) ✨滿1500元送一體成型零死角矽膠杯刷(限量200個) ✨滿5000送輕量隨行陶瓷保溫瓶(限量100個) ＃渾圓杯770 火紅一整年的渾圓杯 嘖嘖募資超過三千萬，深獲市場好評，紅點設計團隊獨家設計，喝茶、喝咖啡，不容易沾附味道，容量770ml超大容量一杯就足夠。 • 可拆式止水塞	https://player.soundon.fm/p/954689a5-3096-43a4-a80b-7810b219cef3/episodes/2dcee985-49e4-4bbc-9299-993b224fb352
417	2024-01-10	EP417 | 🐻‍❄️	51.9	外掛時代ㄟ 本集節目由【zZsleeper 忘憂枕】贊助播出 你知道睡不好跟枕頭有很大的關係嗎？枕頭影響睡眠品質通常會有4個因素，支撐、柔軟、透氣、形狀，但市售枕頭大部分前3項只能滿足2項，原因是單一材質的矛盾性，「忘憂枕」為物理治療師與醫師設計製作 ，為涼感親水棉聚氨酯材質，集結市售常見三大枕頭的優點，記憶枕支撐度、乳膠枕柔軟度、羽絨枕透氣度。 忘憂枕上下兩邊以不同弧度設計，以符合男女不同的肩寬，左右兩邊適合側睡，不管是正躺、側睡及男女不同體型，都能讓您的頸椎在最舒適角度，是一顆集結各種優點的全方位枕頭。 💤忘憂枕是涼感親水棉聚氨酯材質 💤集合支撐、柔軟和透氣度3大優點 💤通過最嚴格歐盟檢驗	https://player.soundon.fm/p/954689a5-3096-43a4-a80b-7810b219cef3/episodes/c6a7bcb0-e816-4517-bf59-8da044e0f362
416	2024-01-06	EP416 | 🦜	53.5	鬼煞是怎樣== 【掌握職場問題解決力｜OGSM X 哈佛逆境思維】 覺得自己在職場上很容易卡關？SOP失靈不知如何應對？ 面對變動時代，一線員工到決策領導者必學的一堂商業課！ ▋學習應對各種職場困境，提升 #韌性 與 #問題解決力 🔸 工作執行：問題分析、決策判斷、突發應對… 🔸 團隊溝通：衝突管理、資源分配、團隊激勵… 🔸 管理領導：目標管理、危機控管、士氣維繫… 🔸 人生決策：職涯選擇、心理韌性、求援能力… ▋25單元線上課，帶你系統性培養職場危機應變能力 ✅ 法/日/美外商經理人，傳授20年以上商管經驗 ✅ 獨家OGSM一頁計畫表，快速規劃應對策略 ✅ 仿照EMBA學習模式，解析哈佛商學	https://player.soundon.fm/p/954689a5-3096-43a4-a80b-7810b219cef3/episodes/1f0e5eca-93bf-42a8-b89c-00ae9a978f08
415	2024-01-03	EP415 | 😶‍🌫️	50.3	今天來當個線仙 地方婦女與捏卵聯盟的各位照過來 主委推薦，不想曬衣服的每一天， 交給美國最受信任洗乾衣機第一品牌惠而浦。 美國原裝進口瓦斯型滾筒乾衣機， 20分鐘速乾、99.9%除菌、 每次運轉瓦斯+電費不到$2元！ ➊ 到蝦皮惠而浦旗艦館賣場 ➋ 加入會員抽烤箱 ➌ 品牌會員雙券蝦幣20%回饋(上限1萬) ➍ 蝦皮券+店家券疊加GET驚喜價 蝦皮惠而浦旗艦店逛逛👉 https://reurl.cc/Qe9XWZ ✨1/4 惠而浦蝦皮超級品牌日限定✨ ✔️洗乾衣機堆疊領蝦皮券+主委加碼券爆殺 ✔️揪團關注加粉絲，第一快手截圖送微波爐 ✔️組團消費滿$20,000元，登記回饋666蝦幣 ✔️買指	https://player.soundon.fm/p/954689a5-3096-43a4-a80b-7810b219cef3/episodes/b9d77168-7865-43ec-9b3b-ed7cd31baae2
414	2023-12-30	EP414 | 🎆	56.2	最好是要花很多時間的QA最後出現== 【 房地產買賣攻略課 】 ❝ 無論想要租屋、自住或投資，教你選出會增值的房子！ ❞ 想買房卻總是覺得錢不夠、買不到理想中的房子？ 由全方位的房地產問題解決專家，透過 #知識Ｘ#秘訣Ｘ#方法 帶大家找到符合需求的理想房子！ 課程將從房地產的核心知識開始，並提供實用易懂的獲利技巧和秘訣，且透過超過10年的紮實房地產買賣實戰經驗，一步步買到高CP值的物件。帶大家從無房到有房，從有房到好房，買到符合不同人生階段需求的理想房！ ⌂ 即日起至 1/28 早鳥限時優惠低於5折，了解更多：https://hi.sat.cool/C8QmD 結帳輸入專屬優惠碼 「股癌350	https://player.soundon.fm/p/954689a5-3096-43a4-a80b-7810b219cef3/episodes/2fbf9b57-d59e-4fdf-b6ef-1098bda576f9
413	2023-12-27	EP413 | 🧑	50.4	剩下幾個排在後面 本集節目由 Dr.情趣❤️台灣第一情趣領導商城 贊助 股癌傳送門：https://linktr.ee/gooaye -- Hosting provided by SoundOn	https://player.soundon.fm/p/954689a5-3096-43a4-a80b-7810b219cef3/episodes/8cfaafe7-6f92-4d5e-bf55-4fd9134b7ef7
412	2023-12-23	EP412 | 🫴	51.1	魔高一丈R 本集由#不斷噴射的【火星生技 武倍對策】贊助 武倍對策+熱感保險套 熱愛限定只要$1069 專屬賣場 ➡️ https://tzk.one/gooayelove 武倍對策｜解放男人戰鬥力！強，還要更強！ ✅15天不滿意無條件退費 ✅ 💪 日本專利成分 10種核心複方 💪 市佔第一 藥局銷售破百萬盒 💪 SGS安檢合格，安心食用 💪 1週超有感，92%使用回饋超高好評 💪 體力、魅力、戰鬥力 直接開外掛 🎁12/31前下單就抽 ‣ TESLA Model Y ‣ iPhone15 Pro 📣更多優惠請至官網查看 #武倍對策 #強要更強 #火星生技 ——以上為 FMTaiwan Pod	https://player.soundon.fm/p/954689a5-3096-43a4-a80b-7810b219cef3/episodes/040377de-98b6-490e-b51d-22c1d64fb506
411	2023-12-20	EP411 | ⛄	51.0	鐵蛋== 犀牛盾GRIP O：https://url.rhinoshield.tw/gooaye_2312 #犀牛盾 #rhinoshieldtw #犀牛盾GRIPO #是悠遊卡也是手機架 RHINOSHIELD 犀牛盾手機支架再進化，推出全新產品 GRIP O，同步推出專屬 GRIP O 的 SuperCard 超級悠遊卡，不僅使用起來更加輕巧，便利體驗也升級！ 體積更輕巧、更方便攜帶 GRIP O是手機支架也是隨身悠遊卡 一秒更換不同MagSafe手機配件 高於Apple原廠2倍磁吸力 獨家專利轉設計支援不同使用情境 股癌傳送門：http://linktr.ee/gooaye -- Hos	https://player.soundon.fm/p/954689a5-3096-43a4-a80b-7810b219cef3/episodes/589b0311-9d5a-486f-bd76-5d943f1c6593
410	2023-12-16	EP410 | 💯	49.9	最好是每一年都是猿年 本集節目由【國泰人壽自由配系列】贊助 國泰人壽自由配是一款可以透過網站，自己組合保障的人身保險系列商品，備有7主約、6附約，組合起來大多年繳不到萬元，特別適合正在衝刺財富的投資猛男/靓女。 保障範圍涵蓋壽險、醫療險、意外險、重大傷病及長期照顧等8大保障類型，網站內容好懂、操作簡單、保費一秒試算，保險瞬間變得很簡單。 如果你是那種喜歡自己做功課的type，【自選保障傳送門】： https://cathaylife.tw/Vw986Vv 如果你是不想做功課的跟單仔，可以參考網頁下方人氣套餐範本，幫你省下大把時間，專注成為投資猛男/靓女： 👉捏卵聯盟 👉小白入門 👉單身標配 👉	https://player.soundon.fm/p/954689a5-3096-43a4-a80b-7810b219cef3/episodes/8a77a31b-e61f-4dfe-bfe8-df32bdb9f572
409	2023-12-13	EP409 | 🐪	50.2	luna 送出拉 本集節目由喬致庸國際有限公司贊助 飛利浦行動電源下單：https://gbf.tw/ohsqo 寒假即將到來，出遊怎麼可以少了一顆好用的行動電源呢？！ 飛利浦行動電源，一上市就引爆話題！不僅功能強大，防摔快充，真的很可以！人手一顆，出門就帶它。 這款飛利浦行動電源，主打防摔、快充、高效於一體！ 搭載PHILIPS獨家溫控晶片、支援MagSafe、22.5W極速快充、最多五台同時充電！想充就充，真的很可以！ 擁有過載斷電機制、更通過1.2公尺掉落測試，並提供最高2年產品保固，安心真的很可以！ LED螢幕顯示掌握剩餘電量，自帶AC插頭，直接插上插座輕輕鬆鬆為行動電源充電，100V	https://player.soundon.fm/p/954689a5-3096-43a4-a80b-7810b219cef3/episodes/bf492e30-c6e2-4fa6-848a-aac8cc0f0656
408	2023-12-09	EP408 | 🦓	52.0	拉升滿快的阿 本集節目由喬致庸國際有限公司贊助 台灣浴室大多沒有暖房設備，每到冬天洗澡就成了苦差事。 尤其家中有長輩及小寶貝的，真的更要注意保暖！ PHILIPS 飛利浦壁掛電暖器下單：https://gbf.tw/1uegn 這款飛利浦電暖器，整機一體化防水設計，沐浴更衣過程都很溫暖~ 多種擺放方式，可平放或壁掛，完全可以依浴室空間放置使用，另外這款不止浴室專用、客廳及房間也能使用，溫暖不設限！ 隨機附搖控器，懶人福音，開關機一鍵搞定 。 當然飛利浦最在乎的使用安全~ 機器搭載過熱或傾倒自動斷電裝置，給您多一重保障 ，使用上更是讓人放心。 冬季溫暖價$3180，本團免運費還可以信用卡分3期，	https://player.soundon.fm/p/954689a5-3096-43a4-a80b-7810b219cef3/episodes/ad4fe8bf-c8b5-4b38-8474-5963e313586d
407	2023-12-06	EP407 | 🛸	49.9	還漲價ㄚ 本集節目由【Roichen正脊坐墊】贊助 #市售唯一依男女體型設計的正脊坐墊 它牌只有分大人和小孩的尺寸，但其實男女體型骨盆角度不同，需要專屬尺寸設計，市售唯一有男、女和兒童3種專屬尺寸可選購。 #獨家支撐設計 坐墊不易滑動，即使不搭配椅子，直接在地面或者平面使用，當作和室椅都可以。 #韓國第一入口網站NAVER家飾配件使用滿意高度認證 榮獲200多項專利、認證、設計以及系統認證的殊榮，其中包括紅點設計大獎、Good Design、PIN UP等獎項。 #通過SGS檢測不含有毒物質與安全性測試 最大可承受220~350公斤都可維持平穩正確的坐姿，不會形成椅墊扭曲或晃動。 #Roich	https://player.soundon.fm/p/954689a5-3096-43a4-a80b-7810b219cef3/episodes/14508105-d269-4a23-88e6-752bdcb4bd75
406	2023-12-02	EP406 | 🦀	50.3	白髮猛男第二call 本集節目由【NordVPN】贊助 現在前往專屬連結：nordvpn.com/gooaye， 或結帳時輸入股癌的專屬優惠碼【gooaye】購買兩年方案， 可額外加贈四個月，還有30天退款保證完全零風險 股癌傳送門：https://linktr.ee/gooaye -- Hosting provided by SoundOn	https://player.soundon.fm/p/954689a5-3096-43a4-a80b-7810b219cef3/episodes/caa65463-45a3-45e8-8846-34ea55e329ea
405	2023-11-29	EP405 | 🕶	44.7	新加坡好熱== 主委謀福利： 結帳輸入股癌專屬折扣碼「gooaye100」現折$100元 ➡️ https://inyouso.com/gooaye100 本集節目由 與你共感生活的【inyouso】 贊助 ✨舒植養益菌噴霧✨ 由台大、台師大營養師與食品技師聯手打造 益膚植養技術打造好肌微生態 超越市面噴霧的升級版 0-100歲適用的最強噴霧 ✅15天不滿意，無條件退費 inyouso是火星生技旗下品牌之一 體感、質感、安心感有保障✔️ 🎁全館85折現在下單一起抽 ‣ TESLA Model Y ‣ iPhone15 Pro #火星生技 #inyouso #益膚植養技術 #養好菌養好膚 ——以	https://player.soundon.fm/p/954689a5-3096-43a4-a80b-7810b219cef3/episodes/0f569d20-da03-4232-b5ce-76b9af126ab3
404	2023-11-25	EP404 | 🧈	52.7	看不懂ㄉ事情越來越多 熱銷組合首度登場，要搶要快！給忙碌生活極致的呵護 一包有感👉 https://reurl.cc/9R9keV 股癌五星認證💯-瑪卡雙組合🉐 【MIHONG®司令B群黑紅瑪卡膠囊💊】 ☑專利祕魯95%高純度MacaPro黑紅瑪卡 ☑600%高濃縮技術萃取，吸收UP！ ☑多項草本精華調節生殖機能 ☑足量L-精胺酸，幫助增強體力 ☑兩顆膠囊2400mg濃縮萃取瑪卡精華 ☑七大無添加，通過第三方檢驗 【MIHONG®極濃司令黑紅瑪卡粉包】 🏆瑪卡增量6770毫克，濃縮萃取好吸收 🏆增量添加人蔘皂甘，總含量高達40毫克 🏆專利南非醉茄及重要成分L-精氨酸 🏆漢方草本精華，幫助滋補強	https://player.soundon.fm/p/954689a5-3096-43a4-a80b-7810b219cef3/episodes/bf6c8187-bb78-4519-a873-6ce969fa7525
403	2023-11-22	EP403 | 🗿	51.7	不要咬硬的東西 本集節目由羅氏大藥廠贊助 冬天冷颼颼,你還在火鍋狂吃、用酒水助興嗎?如果你常常放縱自己的飲食,主委提醒 真的要特別留意腸胃的健康了。 大腸癌初期不容易發現,大腸癌確診年齡從20至50歲以上都有,與飲食、家族病史 有極大相關,因此特別提醒有家族史的聽眾,尤其男性「預防勝於治療」,沒有比健 康更好的投資! 除了透過糞便潛血跟大腸鏡檢測,針對怕痛、私密處檢查害羞的聽眾,也有無痛大腸鏡 選擇,幫助更精準的檢測。 動動手指進入大腸癌篩檢懶人包,一起為健康把關,安心過冬: https://reurl.cc/2E4mYE M-TW-00004151 股癌傳送門：https://linktr.	https://player.soundon.fm/p/954689a5-3096-43a4-a80b-7810b219cef3/episodes/c869a835-b842-46d1-be0c-a5e8c6dd44ed
402	2023-11-18	EP402 | 王姿方你email是空號	50.9	王姿方你連留個 email 都可以留錯是怎樣 本集節目由喬致庸國際有限公司贊助 冬天說來就來，冷的讓人措手不及！一件好的棉被真的是冬天的救贖。來自韓國高品質的Maatila溫暖家保暖棉被，百分百韓國製，觸感輕柔，溫暖直達您心！ 精選多種款式及花色，不管男女老小，都有適合的樣式！全件可機洗，日常清潔保養，完全不用擔心。防蟎抗菌，適合台灣潮濕的氣候，讓您鼻子不再過敏難受。不僅顏色柔和，觸感更是讓人愛不釋手！這麼冷的天氣，讓人待在溫暖的被窩中不想起床。注重居家品質以及喜歡絕佳觸感的您，千萬不要錯過喔。 愛您溫暖價最低$1880起，買還送棉被專用洗衣袋1個，優惠只到12/2，請務必把握機會。 韓國溫暖	https://player.soundon.fm/p/954689a5-3096-43a4-a80b-7810b219cef3/episodes/0457f707-c1d8-4530-a413-223fdb1962d1
401	2023-11-15	EP401 | 🔆	52.3	冷玩三中一 來自新加坡的隱形牙套品牌Zenyum綻雅！年末超優惠 【股癌】專屬免費線上評估🔗 https://bit.ly/3FYr90E \ Zen友團結祭，折扣由你定 // 年末最值得犒賞自己! 12/31前，透過連結完成免費線上評估 💰隱形牙套療程折扣最高18,000 💰活動期間完成約診、看診等指定任務累積「微笑積分」 💰積分達獎金門檻，最高“每人”再領6,000活動獎金，療程費用最低只要6萬元！ ⠿關於Zenyum⠿ ✨市場唯一均一價，價格清楚，無隱藏收費，輕矯正方案72,000元 ✨牙套完全透明切貼合牙齒，偷偷的升級笑容 ✨全台超過200位國考認證醫師合作，製作個人專屬治療計畫 ✨療	https://player.soundon.fm/p/954689a5-3096-43a4-a80b-7810b219cef3/episodes/7739586e-6cf7-4529-804e-e25c28ed01c6
400	2023-11-11	EP400 | 🦉	49.9	刀法精準 本集節目由拜耳力度伸贊助 連結：https://reurl.cc/l7pKZE 秋冬換季群聚漸增，各種病毒紛紛發威， 記得勤洗手多喝水，做好日常保健，就是身體打造的最佳防護力！ 力度伸維他命C+D,+鋅，每天一杯輕鬆補充水分及身體所需的重要營養素。 #股癌聽眾專屬優惠 即日起買力度伸 C+D+鋅 健康新日常禮盒組，90錠全面55折，限時優惠只要$1,674，還有好禮2選1，以及股癌專屬 **#主委加碼優惠 **免費星巴克飲料券。 內審字號:CH-20231030-01 股癌傳送門：https://linktr.ee/gooaye -- Hosting provided by Soun	https://player.soundon.fm/p/954689a5-3096-43a4-a80b-7810b219cef3/episodes/6a50b01e-258c-4791-94a1-31079bcef76f
399	2023-11-08	EP399 | 🤩	49.6	找不到人ㄚ 現代人壓力大，伴隨而來的就是許多的文明病或是疾病 但你知道壓力也會表現在頭皮上嗎? 尤其我們男性從青春期開始就要注意頭髮的問題 但是頭皮保養沒有你想像這麼麻煩跟複雜，選用含有咖啡因的洗養髮產品就可以輕鬆養髮，咖啡因複合物，包含咖啡因、鋅和菸酸。事實上，咖啡因複合物無法被人體直接有效吸收，而是需要透過專利特殊載體深入皮膚進行作用。將咖啡因複合物添加到髮類商品也是如此，需要專利載體才能讓珍貴的咖啡因複合物深入頭皮作用，達到最佳的健髮效果。 講到咖啡因洗髮精大家對Alpecin這品牌應該不陌生，他特別的機油瓶身讓我非常印象深刻，但今天不介紹洗髮精，要來推薦一款亞洲獨家的新品：咖啡因髮根強	https://player.soundon.fm/p/954689a5-3096-43a4-a80b-7810b219cef3/episodes/63d23594-f59d-4b42-bdbd-8f7f37d71814
398	2023-11-04	EP398 | 🫏	52.5	邊緣仔有機會嗎 9-12月是台灣吃蟹的季節，尤其再搭配醋醬沾取食用更美味！但大家知道在吃螃蟹的時候一定要小心，否則牙齒可能會斷裂！ 琺瑯質是人體中最堅硬的物質但會隨日常咀嚼食物而磨損，導致琺瑯質脫礦化變得脆弱又敏感。琺瑯質流失後，不能自我修復，而在我們享用美食時，就有可能會斷裂！ 尤其是在吃堅硬的食物，如螃蟹、堅果或帶有骨頭的食物，這會對牙齒造成壓力，導致肉眼看不見的裂縫，嚴重情況下牙齒可能還會斷裂！ 除了堅硬食物外，像是酸性食物及碳酸飲料都有可能導致琺瑯質受侵蝕或酸蝕。 當你的牙齒很脆弱又遇到上述的情況時，牙齒就有很可能出現裂痕紋，容易導致牙齒敏感和蛀牙的問題。 Bioniq®貝歐尼 修復牙	https://player.soundon.fm/p/954689a5-3096-43a4-a80b-7810b219cef3/episodes/e43b241a-3195-44f5-b728-3143a5bacb60
397	2023-11-01	EP397 | 🍼	49.6	你蛋夠鐵嗎 本集節目由【NordVPN】贊助 現在透過專屬連結 nordvpn.com/gooaye 或結帳時輸入股癌的專屬優惠碼【gooaye】 不僅可以獲得30天無條件退費，購買獨家優惠方案還贈送免費四個月 #NordVPN 股癌傳送門：https://linktr.ee/gooaye -- Hosting provided by SoundOn	https://player.soundon.fm/p/954689a5-3096-43a4-a80b-7810b219cef3/episodes/d4036354-c60a-47a7-be6d-c2640ff7d509
396	2023-10-28	EP396 | 🐥	50.1	米酒哥 武倍對策+TENGA真空杯 期間限定只要$1069 持續噴射 專屬賣場 ➡️ https://tzk.one/持續噴射 本次由 #持續噴射的【火星生技_武倍對策】贊助 武倍對策｜解放男人戰鬥力！強，還要更強！ ✅15天不滿意無條件退費 ✅ 💪 日本專利成分 10種核心複方 💪 市佔第一 藥局銷售破百萬盒 💪 SGS安檢合格，安心食用 💪 1週超有感，92%使用回饋超高好評 🎁現在下單就抽 ‣ TESLA Model Y ‣ iPhone15 Pro 🔥11/12前下單，再加碼抽超稀有 ‣ ROLEX 黑水鬼 📣雙11更多優惠請至官網查看 #武倍對策 #強要更強 #火星生技 ——以上為 	https://player.soundon.fm/p/954689a5-3096-43a4-a80b-7810b219cef3/episodes/0c419ca5-4bd8-49b9-8412-6886450a537f
395	2023-10-25	EP395 | 🧜🏻‍♀️	50.0	白毛喊停啦 ME30 X 股癌 寵粉優惠賣場👇 https://lihi2.com/X8T9s ME30永續飾品領導品牌，象徵品牌價值的E-Values 是我們致力實踐的 4 個價值🏅 Earth Friendly 環境友善、Easy-to-Wear 輕鬆穿戴、Eleance 優雅圓融、Equality 平等尊重。讓人們自在享受當下，在繁忙的日常生活中，走出自己的步調找到身心安穩的所在 ME30 選擇不傷害珍珠貝的手工純素珍珠🐚 以及不壓榨勞力、不破壞環境開採的培育鑽石💎有著與天然鑽石一樣的4C條件，卻省去採礦過程產生的自然傷害和勞力支出。追求環境友善價值，符合國際 #ESG 趨勢。透過對自然	https://player.soundon.fm/p/954689a5-3096-43a4-a80b-7810b219cef3/episodes/9820f7a0-aa23-4e7f-ab8a-26555cb7b30f
394	2023-10-21	EP394 | 🐦‍⬛	50.4	是在哭喔 買股太刺激？是時候給自己喘口氣了！ 💰 https://bit.ly/45GBSHq 號稱讓你幸福感倍增的乳清蛋白 終於千呼萬喚被我始出來 今天路過請你停下！錯過可能就不再💰 生活累了、盯股累了？ 就來一杯嚴選台灣在地小農食材的美味蛋白飲 高達13種口味，輪流換都不膩 另一半給不了的幸福通通交給它吧 一杯七匙最多就100多大卡 不再有人嫌你橫向發展 享受奶香味與芝麻、紅豆、抹茶交織的口感中 思考人生適合來一杯 分析買股、顧小孩、顧工作一路都順！ |精挑細選米鴻的五大理由| 🔸嚴選美國全球大廠乳源品牌，黃金奶源帶 🔸分離＋濃縮形式，乳糖減少吸收更輕鬆 🔸主打八大無添加人工香料、人工色素	https://player.soundon.fm/p/954689a5-3096-43a4-a80b-7810b219cef3/episodes/c6b83881-0a2d-4e3f-9d07-3567923c3017
393	2023-10-18	EP393 | 🙈	52.6	急轉直下R 本集節目由 簡單JAN DAN 贊助 💡10/18-10/27 主委專屬賣場謀福利 💡 全館85折起，最高省$730 🔗 https://jandan.care/m5wLO 邁入第四次合作的簡單JAN DAN是MIT植萃保養品牌。2016年創立，單純靠著口碑以及產品的硬實力，創下月銷超過萬瓶的佳績。無酒精、無香精、無動物實驗的「簡單JAN DAN」保養品，今年通過SGS重金屬 、雌激素及好氣生菌數檢測，敏弱肌、孕婦都能安心用，男男女女老老少少都適合！。 除了先前就已經推到爛掉的青春露、洗顏霜，這次有個新產品要推薦給老司機們： #A醇胜肽抗痕精華。 投資入門從低風險開始，A醇保養入門	https://player.soundon.fm/p/954689a5-3096-43a4-a80b-7810b219cef3/episodes/86595e45-9a7a-4527-938e-de8e44014111
392	2023-10-14	EP392 | 🐕	50.2	妹仔別哭 本集節目由[Amazon Global Selling亞馬遜全球開店]贊助 你知道這個小東西在亞馬遜賣多少錢嗎? 各位一定聽過Amazon 亞馬遜，你可能也是Amazon的大股東或小股民 除了當亞馬遜的股東，你知道從台灣也可以上架自己的商品到亞馬遜，賣給全世界嗎? 跟著亞馬遜全球開店教你賣 你也能成為全世界的”頭家” 現在透過股癌專屬報名連結即有機會抽中限定報名禮(亞馬遜隨身快充插頭)*：http://s.accupass.com/X18qVb 一起參加11月14日亞馬遜全球開店所舉辦的 “台灣跨境電商高峰會”，就有機會打造屬於你 的國際品牌。 另外北中南於11月15日至17日舉辦跨	https://player.soundon.fm/p/954689a5-3096-43a4-a80b-7810b219cef3/episodes/59f83351-61c1-419e-b2df-3f00270cac50
391	2023-10-11	EP391 | 🎰	50.1	風調雨順 熱列歡迎老朋友~ #法國蔻蘿蘭 法國蔻蘿蘭擁有超過 50 年的科研植萃經驗,「養髮強韌系列」之前介紹過,選用金雞納樹皮萃取搭配咖啡因和複合維他命 B,養髮強韌洗髮精與植萃養髮強韌精華液強健髮根、活絡頭皮、強韌髮絲! 「南薑速效抗屑系列」,特選南薑根部萃取,擁有良好的抗屑功效,與抗屑成分 ZPT 相比,開始作用時間快上 4 倍*。兩系列都走木質香調,洗護同時舒壓放鬆~不分性別都可使用。 頭皮健康值得長期投資,10/11-10/25 養髮精華兩瓶$1650,抗屑洗髮組$888,與法國蔻蘿蘭一起從頭容光煥發! | 主委優惠 | ⚫ MOMO 強韌養髮組$1650(購買植萃養髮強韌精華液 1	https://player.soundon.fm/p/954689a5-3096-43a4-a80b-7810b219cef3/episodes/848bfdab-df14-4356-8aa4-1e47396c2a77
390	2023-10-07	EP390 | 🎳	51.5	怎樣都可以糾結ㄟ 萬元以下絕對是捏卵聯盟陣線首選的家用磨豆機：https://r.zecz.ec/pcq2 每天早上叫醒你的，是夢想？是鬧鐘？還是補保證金的催繳電話？ 從今天開始，讓自己每天都被濃郁的咖啡香喚醒吧！ 主委推薦你這台咖啡界的猛男【Varia VS3 嚐家磨豆機】，曾榮獲日本精品咖啡協會頒發的最佳產品設計獎，無段式刻度設計多達 180 段可調刻度，無論你是愛義式的菜雞或玩手沖的老司機，都能研磨出最適合你沖煮粗細的咖啡粉。 更重要的是 VS3 獨家 76.5° 傾斜設計與內部零件防靜電處理，搭配隨附的 RDT 噴瓶與吹氣豆倉，讓豆進得去、粉出得來，每一把都是新鮮現磨、風味不殘留。 追	https://player.soundon.fm/p/954689a5-3096-43a4-a80b-7810b219cef3/episodes/f96ce912-706c-46c6-99d8-9b27b424d2cb
389	2023-10-04	EP389 | 🐸	51.2	兄弟們扛不住了 本集節目由【NordVPN】贊助 現在透過專屬連結： nordvpn.com/gooaye 或結帳時輸入股癌的專屬優惠碼【gooaye】， 點擊專屬連結不僅可以獲得30天無條件退費， 訂閱兩年方案還贈送免費四個月！ #NordVPN 股癌傳送門：https://linktr.ee/gooaye -- Hosting provided by SoundOn	https://player.soundon.fm/p/954689a5-3096-43a4-a80b-7810b219cef3/episodes/be59b29d-0ec3-40bd-b9a4-61474660d29b
388	2023-09-30	EP388 | 🥗	53.6	吸吸拋拋拋 #ALUXE亞立詩台灣首席婚戒品牌 最完美的鑽石，最划算的投資 #期間限定活動 📍來店鑑賞就抽 #Gogoro 📍下單就送 #1200大紅包 📍週週再週 #日本來回機票 💎最多最齊全的婚戒款式 💎全客製德國精品工藝acredo系列 💎少女心爆棚迪士尼聯名婚嫁系列 💎經典藍鑽吳慷仁指定推薦戀人系列 【#專屬活動】即日起至11/30 即刻預約🔻下單前出示本篇貼文即贈珍珠耳環: https://aluxediamonds.com/gp7wK 即刻下單🔻輸入折扣碼【gooaye】享9折優惠: https://aluxediamonds.com/pykcg 股癌傳送門：https://lin	https://player.soundon.fm/p/954689a5-3096-43a4-a80b-7810b219cef3/episodes/32119549-8e66-4ba6-b087-090cdf3ee133
387	2023-09-27	EP387 | 🐅	50.0	2077也太好玩了吧== 本集節目Dyson恆隆行贊助 給你清新好空氣，Dyson新上市Big+Quiet Formaldehyde強效極靜甲醛偵測空氣清淨機（BP03、BP04）最強效又最寧靜！ 手刀買進！👉：http://pse.is/58t5yf 最強效時也只有56分貝dBA 低噪音，超強又超寧靜，全機完全密封符合HEPA H13標準; 濾網過濾面積比上一代大3.8倍，淨化更大範圍吹送氣流超過 10公尺，淨化空間達30坪空間，HEPA H13 濾網最長使用5年，活性碳濾網最長使用2年，甲醛催化濾網持續長效，無需更換。透過手機應用程式可遠端控制加上自動感應回報，能源效率第一級，投資健康穩賺	https://player.soundon.fm/p/954689a5-3096-43a4-a80b-7810b219cef3/episodes/55d4fdce-38b4-4184-8868-4b296b627f8b
386	2023-09-23	EP386 | 📎	53.1	Tim== ZitA SQARE｜客制丟垃圾習慣，為不起眼的垃圾桶注入全新靈魂。 超早鳥63折起👉 https://r.zecz.ec/336t 【ZitA SQUARE智能感應垃圾桶重點複習】 ❶不佔空間｜捲簾設計想擺哪就擺哪 ❷抑制臭味｜多重除臭設計不怕異味飛滿天 ❸速度調整｜5秒內自行設定，降低壓力感 ❹全面感應｜感應角度與高度由你決定 ❺防水設計｜IPX3防水等級使用更全面 ❻台灣晶片｜選用台灣半導體晶片穩定性高 ➢於嘖嘖預購期間下單再享1年保固優惠！ 突破傳統垃圾桶的侷限，實現智能垃圾桶的巔峰🏆提供經典象牙白、消光黑2色選擇，54L大容量、大開口設計，還可加裝移動滑輪，無論是客廳、書	https://player.soundon.fm/p/954689a5-3096-43a4-a80b-7810b219cef3/episodes/37571028-a940-487e-8dfc-5118f50b5648
385	2023-09-20	EP385 | 🍪	50.1	打完了好好工作 本集節目由犀牛盾贊助 購買犀牛盾：https://url.rhinoshield.tw/gooaye_2309 犀牛盾為新機用戶提供全方位的防護，iPhone 15全系列產品於官網已開放購買！有抗黃化 Clear 透明手機殼、自由切換邊框殼與背蓋殼的 Mod NX 邊框兩用手機殼與一體成型、霧面質感的SolidSuit 防摔背蓋手機殼，上述三個系列皆有超越軍規的防摔認證，鏡頭加高，邊框高於螢幕，且有提供2倍磁「犀』力的MagSafe 兼容版手機殼可以選擇。 除了指標性超越原廠2倍磁吸力的MagSafe 兼容手機殼與 MagSafe 兼容手機固架外，近期還有推出具有超強磁吸力的全	https://player.soundon.fm/p/954689a5-3096-43a4-a80b-7810b219cef3/episodes/2f2711c5-2e82-4847-9008-e6732582afd3
384	2023-09-16	EP384 | 🧈	53.1	大家換 iPhone 都沒在客氣ㄟ 本集節目由喬致庸國際有限公司贊助 中秋送禮最愛您超夯餅乾下單：https://gbf.tw/ynmic 攻蝦秘醬燒蝦餅，每組3桶，每1桶綜合4種口味， 原味蝦餅、蛋黃蝦餅、辣味魚酥條及原味魷餅， 嚴選海鮮食材！每一口都吃的到鮮美滋味 翠果子頭等艙級綜合米果，1組4盒，每盒20小包，內附8種口味， 每一種口味都非常唰嘴！是解饞追劇的最好伙伴。 外盒精美，盒身自帶手把，送禮自用都合宜喔。 愛您好禮價最低$1180起，優惠只到9/30，請務必把握機會。 股癌傳送門：https://linktr.ee/gooaye -- Hosting provided by So	https://player.soundon.fm/p/954689a5-3096-43a4-a80b-7810b219cef3/episodes/2a3fa8cb-d849-4130-9935-c6df1c19617c
383	2023-09-13	EP383 | 🫐	49.6	再吹大哥被你吹S了 做好有神保養，精準投資，不再股海茫茫！ 善存葉黃素，萃取自天然^，分子小1/2*，好吸收** 高17%*** 9/14 momo超級品牌日就在明天，購買善存葉黃素4入組，直接再多送你一瓶! 加碼再送KINYO藍牙喇叭(價值$699)！還有機會拿多重豪禮！ 這麼好康！立馬手刀買進！👉 https://reurl.cc/XmXYLj 超級品牌日活動: https://reurl.cc/4Wg7oX ^液態膠囊內的葉黃素原料萃取自天然萬壽菊 *此產品為游離型葉黃素，分子量大約為酯化型葉黃素之1/2。 游離型葉黃素為 人體可直接吸收之型式。 **指葉黃素吸收程度上差異。游離型葉黃素	https://player.soundon.fm/p/954689a5-3096-43a4-a80b-7810b219cef3/episodes/f1d8a6f3-4526-4316-9bd9-da9bd42affcb
382	2023-09-09	EP382 | 🫖	49.6	蝦逼逼 本集節目由拜耳力度伸贊助 https://reurl.cc/EoOMyg 面對日益複雜的世界，破紀錄高溫，環境污染及各種風險因子，你需要由裡到外全方位的守護！ 尤其人體無法自行生產每日所需的維他命C, D, 鋅等重要營養素，只要每天一杯力度伸，就能輕鬆補充相當於20顆柳橙的維他命C，快速溶解，方便飲用～ 現在購買 momo 力度伸股癌獨家90錠禮盒組，內容物為力度伸C+D+鋅 柳橙口味30錠X2盒+ 15錠X2盒。買就贈送星巴克12OZ SIREN馬克杯一個，市價$3,060，99活動價$1,674， #主委加碼優惠 現省$1,386。再享滿$1,199贈好禮三選一， #統一超商百元商	https://player.soundon.fm/p/954689a5-3096-43a4-a80b-7810b219cef3/episodes/c5ab46f4-8770-4e06-a655-f3b27938b312
381	2023-09-06	EP381 | 🐙	50.3	又或贏 【風險控管靠股癌，頭皮控管靠森歐黎漾】 🏆森歐黎漾連續三年榮獲世界美妝大獎 🏆2023年更榮獲比利時品質評鑑大賞-銀獎 大家都知道本多終勝，卻不知道頭髮多才顯年輕～ 質進化咖啡因豐盈養髮組，喚醒髮根求生欲！ 配方含嚴選咖啡因與植萃胜肽 全系列溫和0矽靈，搭配清新花植香氣 簡單3步驟: 1淨2洗3養髮 呵護頭皮，強健髮根，輕鬆重拾豐盈蓬鬆的自信秀髮！ 認真用質進化系列保養後，髮根比較挺立 看起來就是髮量大戶，擁有強健豐盈的頭髮在外型上是人生勝利組 這系列我洗起來覺得很清爽，中性深邃的香調很好聞，是男女都會喜歡的味道。 即日起至官網購買股癌粉絲限定【質進化咖啡因30日養髮基礎組】 每組最高	https://player.soundon.fm/p/954689a5-3096-43a4-a80b-7810b219cef3/episodes/a957c264-eed9-4318-ae6e-82306fc62ad3
380	2023-09-02	EP380 | 🍂	50.0	帥哥靠眼神 本集節目由【NordVPN】贊助 現在透過專屬連結： nordvpn.com/gooaye 或結帳時輸入股癌的專屬優惠碼【gooaye】， 點擊專屬連結不僅可以獲得30天無條件退費， 訂閱兩年方案還贈送免費四個月！ #NordVPN 股癌傳送門：https://linktr.ee/gooaye -- Hosting provided by SoundOn	https://player.soundon.fm/p/954689a5-3096-43a4-a80b-7810b219cef3/episodes/83cf5297-58ef-48de-8ee9-086ee4e64050
379	2023-08-30	EP379 | 💫	54.1	後繼有人ㄟ 在全球精神疾病盛行率不斷上升、成癮問題日益嚴重的時代 你也許曾懷疑自己是不是手機成癮／網路成癮； 也可能想過長期情緒低迷是不是得了憂鬱症； 初為人父人母，也可能疑惑孩子是否正常發展？ 「工藤心醫的心靈偵探事務所」將透過14集科普節目，提升你對精神醫學、心理學、心智與腦神經科學相關的知識。 每週日在民視台灣台10:00-11:00首播 首播後每週五19:00在PanSci泛科學YouTube頻道，一次更新2集。 ➡️播放清單： https://www.youtube.com/playlist?list=PLBbGP5YXTYgmPvjfvM35BenK0bWdQgkl4 想獲得波隆那	https://player.soundon.fm/p/954689a5-3096-43a4-a80b-7810b219cef3/episodes/746ed6d8-92ad-4d79-8ef8-e0787d515ff0
378	2023-08-26	EP378 | 🌭	50.0	我聽過好幾次好到看不到盡頭 本集節目由喬致庸國際有限公司贊助 大甲鎮瀾宮聯名推出旺財系列，每一尊都值得收藏 2023 大甲媽祖鎮瀾宮聯名旺財下單：https://gbf.tw/rwt8t 採用青砂石材質精雕細琢，不僅做工精細，臉部表情更是詡詡如生， 任何一款，都可愛直擊你心，不管是送禮或自用都非常適合。 每尊都經過鎮瀾宮過香爐，請願時效 - 無時效，可永久擺放。 最低$688起還享免運費，訂單滿$2,000再送刮刮卡1張，可累送，優惠只到9/10 股癌傳送門：https://linktr.ee/gooaye -- Hosting provided by SoundOn	https://player.soundon.fm/p/954689a5-3096-43a4-a80b-7810b219cef3/episodes/b44a8950-804f-4caf-8947-27fd76c7fed2
377	2023-08-23	EP377 | 🥏	50.9	不要惡搞義大利麵 盯盤喝冰咖啡，牙齒卻瞬間被酸到無法思考。 刷牙、咬硬的食物牙齦流血，股票卻一直不見紅。 你有敏感性牙齒跟牙齦問題嗎？這兩種問題是現代人很常遇到的日常問題 跟大家分享：全新舒酸定專業抗敏護齦牙膏，１支雙效 小孩子才做選擇，舒酸定一次滿足你的兩大需求。 手刀搶購👉 3入搶購傳送門：https://bit.ly/3DyXE4w 6入搶購傳送門：https://bit.ly/453poK7 幫大家整理這支牙膏的幾大特點： 1. 抗敏、護齦兩大問題，1次處理 2. 使用微米泡泡深潔科技含有百萬個微米粒子，幫助深入口腔死角，清除牙菌斑* 3. 2周有效^！降低牙齒敏感＋幫助改善牙齦健康 	https://player.soundon.fm/p/954689a5-3096-43a4-a80b-7810b219cef3/episodes/ac2cbf0e-ff77-4ece-aedc-3266fb0e0291
376	2023-08-19	EP376 | 🎺	52.1	低頭成癮復發戒斷 #woky開團中 #獨家首賣就在這團 WOKY 國民飲料杯限時開團中！ https://pse.is/58gww6 推！獨家首賣 #All-P純透雙飲杯🚨 聰明賺股票也要輕鬆省荷包🍵 ⏰開團時間：8/19（六）～8/31（四） ➢ 股粉放送｜不限金額，下單送易潔V型雙層海綿(限量) ➢ 超值福利｜滿 $990 #免運 #優先出貨 ➢ 主委專屬｜滿 $2,500 送 一體成型0死角矽膠刷(限量) ➢ 限量加贈｜滿 $5,000 送 輕量隨行真瓷保溫瓶 260ml(限量) 💘獨家首發！All-P 純透雙飲杯 500ml 今年度『純透系列』，以輕量、透明作為設計理念，以超人氣杯型A	https://player.soundon.fm/p/954689a5-3096-43a4-a80b-7810b219cef3/episodes/085abf1c-9401-4d7a-a970-e69987c3665a
375	2023-08-16	EP375 | 🦘	51.1	有些人就是長得比較像反派 本集節目由喬致庸國際有限公司贊助 超夯絕美Lojel絕美前開擴充旅行箱來了 下單：https://gbf.tw/mvjie 平頂式箱蓋設計 雙層防盜拉鍊及TSA海關鎖 拉鍊擴充圈 靜音雙輪具輪胎 提供多種尺寸多款顏色 數量有限不要錯過，專櫃價$8,980起，現在股癌優惠價最低$6,645起，還享免運費！優惠只到8/28 股癌傳送門：https://linktr.ee/gooaye -- Hosting provided by SoundOn	https://player.soundon.fm/p/954689a5-3096-43a4-a80b-7810b219cef3/episodes/8c3f0578-449b-41eb-a64a-7b0a87dc5da4
374	2023-08-12	EP374 | 💐	49.8	我只有少少幾招 我就爛 本集節目由 easy life 山山枕 贊助 清爽迎接開盤的 #好眠靠山⭐專利三段分區枕芯 專屬賣場: https://reurl.cc/p6e9La 完美包覆頭窩支撐頸部💤提升睡眠品質 一夜分手肩頸痠痛☀給你神清氣爽的早晨！ ．三段枕芯密度 貼合肩頸不緊繃 ．專利枕芯材質 彈力支撐一秒回彈 ．枕面加長30% 整夜翻身也不怕 ．全枕可機洗不變型 徹底防螨抗菌 ．10天試躺期，不滿意全額退費 市價1顆2480元，主委專屬賣場現折500元，*免折扣碼*一顆只要1980， 買兩顆再享免運費。優惠只到8/31 【加碼活動】輸入折扣碼gooaye，其他商品享88折優惠 股癌傳送門	https://player.soundon.fm/p/954689a5-3096-43a4-a80b-7810b219cef3/episodes/49027e47-a5f9-4853-b858-7f40e21e3388
373	2023-08-09	EP373 | 🦸	50.5	人家是認真在算拉== 本集節目由 優式資本 程式交易的領先者 贊助 優式資本座落於台北 101，長久致力於運用創新技術開發獨特的交易系統和風險管控機制，並在不斷變革的交易環境中持續成長，成為台股頂尖高頻交易公司。團隊合作和創新思維，提供充滿活力和追求卓越的工作環境，讓您的才華得以充分發揮。 立即加入優式資本，與我們的頂尖團隊攜手並進，成為程式交易的創新先鋒！這是一個充滿挑戰和成就感的機會，讓我們一同引領程式交易領域的新時代！ 官網: https://www.uccapital.com.tw/ 104: https://www.104.com.tw/company/1a2x6blmck 股癌傳送	https://player.soundon.fm/p/954689a5-3096-43a4-a80b-7810b219cef3/episodes/8c524a1b-c3a5-4f32-8aad-f6eb98e0d473
372	2023-08-05	EP372 | 💣	51.6	一個產品經理與一群 RD 的故事 主委謀福利 打折打到股癌優惠組！結帳輸入「gooaye」現折$300元 (臉書文末抽獎) 期間限定組合(各一盒)：武倍對策+熱感保險套 只要$1069！ ➡️ https://tzk.one/gooaye 本集節目由 #帶你飛的男性保健品【火星生技_武倍對策】贊助 市場上的猛男必備保健品 解放男人戰鬥力！強，還要更強！ ✅15天不滿意，無條件退費 ✅ 武倍對策｜增強體力，百戰極品｜ 💪 日本專利成分，5倍強化10種核心複方 💪 銷售第一，連鎖藥局熱銷中 💪 眾多藥局藥師，專業推薦品牌 💪 通過SGS安全檢驗，食用更安心 💪 1週超有感，92%使用者超高滿意 5	https://player.soundon.fm/p/954689a5-3096-43a4-a80b-7810b219cef3/episodes/074fb9ef-e203-48a0-b359-1d69e9556975
371	2023-08-02	EP371 | 🚑	50.7	TAOJO 本集節目由【NordVPN】贊助 8/8 起透過專屬連結 nordvpn.com/gooaye， 或結帳時輸入股癌的專屬優惠碼【gooaye】， 現在還有超級大優惠，點擊專屬連結不僅可以獲得30天無條件退費， 訂閱優惠方案還贈送免費四個月！快點擊資訊欄連結 #NordVPN 股癌傳送門：https://linktr.ee/gooaye -- Hosting provided by SoundOn	https://player.soundon.fm/p/954689a5-3096-43a4-a80b-7810b219cef3/episodes/51f75a68-eb84-42b1-92f4-afec6c059c0d
370	2023-07-29	EP370 | 🎢	53.7	不錯ㄛ 功能強大，人手一顆，出門就帶這組 墨子行動電源下單：https://gbf.tw/cuodq 同時充電 5 個裝置，手機、平板、switch 一次全上，10000mAh總電量，再多電子裝備也不怕！ 自帶兩條充電線(Lightning、type-c)，出門不用再找線；支援磁吸無線充電，解放雙手展現絕對優雅，外加輕量256g毫無負擔 LED螢幕顯示掌握剩餘電量，自帶AC插頭，100V-240V的寬幅電壓，讓你走遍世界，隨充即用。 市價1顆1980元，現在股癌優惠價1580，運費100元。優惠只到8/12，有需要務必把握機會。 股癌傳送門：http://linktr.ee/gooaye --	https://player.soundon.fm/p/954689a5-3096-43a4-a80b-7810b219cef3/episodes/6fee7ea6-e2e2-4889-a7c6-b7607fdfa06b
369	2023-07-26	EP369 | 🐴	52.6	一段時間過去了，蘇媽暫時仍無起色 日本青森天然純榨蘋果汁 好喝ㄉ蘋果汁：https://gbf.tw/3hnn8 全日本最好喝的「青森青研100%蘋果汁」，喝一口絕對就會愛上，夏天真的不能沒有它 ．使用100%青森產的甜美蘋果，香氣甜度極佳。 ．採用「不摘葉農法」，保留葉子行光合作用，讓蘋果的甜味更上一層樓。 ．無加糖、無加水、無香料，原汁原味最安心，大人小孩都可以開心飲用 ．均衡的混合5種不同品種蘋果，依照不同的酸甜特性，調配出最完美的黃金甜度比例 ．常溫寄送，紙盒包裝，送禮自用貼心又方便! 1、夏日專屬清涼賣場6折起，全館再免運!(外島運費另計) 2、只要本篇FB貼文下方留言「我想喝青森青	https://player.soundon.fm/p/954689a5-3096-43a4-a80b-7810b219cef3/episodes/d54dcc51-d548-4f9c-94e9-b2044f5d5afc
368	2023-07-22	EP368 | 🦈	54.1	嘻嘻 每個人常常工作家庭兩頭燒，事情爆炸多，要做好每件事不只要有活力，更需要 #思緒清晰*，才能有條理地把每件事安排妥當！ 推薦大家 #善存綜合維他命，一錠補充 #22種人體必需關鍵營養素，男性專屬配方增量B1*，幫助維持神經系統正常功能，讓思緒清晰！女性專屬配方有增量維生素C幫助膠原蛋白形成^給你青春光采，維持最佳狀態+！ 📣現在買有專屬優惠喔！還送高質感MOZ麋鹿野餐墊 🛒 善存成人男女 https://www.momoshop.com.tw/goods/GoodsDetail.jsp?mdiv=ghostShopCart&i_code=9653576 🛒 銀寶善存男女 https://w	https://player.soundon.fm/p/954689a5-3096-43a4-a80b-7810b219cef3/episodes/2fe5bb25-3a59-44e3-9d3e-f66ea46e5b29
367	2023-07-19	EP367 | 😺	51.5	不是只賣車 風險控管靠股癌，頭皮控管靠【森歐黎漾】 夏日高溫熱到炸，搔癢頭皮屑大爆發 快試試「淨平衡茶樹抗屑洗髮精」 雙重抗屑成分x天然茶樹精油 皮屑搔癢先止停，髮根蓬鬆秒回升，潔淨無屑打造清爽魅力！ 洗髮精可任選「控油雙效款」或「勁涼蓬鬆款」 現在還新推出「勁涼洗前淨化液」抗屑PLUS，終結頭皮屑反覆出現！ 即日起至2023/08/19止 官網結帳輸入主委專屬折扣碼【GOOAYE】 可享最高$250折扣 7/25前再享LINE Pay 18%回饋 森歐黎漾官方旗艦館➡️ https://mwf.one/ZEm12 MOMO購物網同步優惠中➡️ https://mwf.one/CS1Us 森歐	https://player.soundon.fm/p/954689a5-3096-43a4-a80b-7810b219cef3/episodes/2987e321-2da0-4453-b030-20ead8542cfa
366	2023-07-15	EP366 | 🧷	50.0	關廁所界的魔王 👑巔峰升級，瑪卡屆的LV全新上市!!!（臉書文末抽獎） 劑量業界創高標，一包有感👉 https://bit.ly/3GIUn4n 股癌五星認證💯【MIHONG®極濃司令黑紅瑪卡】 外科醫師也極推- MIHONG®「極濃」司令黑紅瑪卡 「只有MIHONG才能超越MIHONG」 🔹每包瑪卡增量6770毫克，獨特低溫糊化技術，濃縮萃取更好吸收 🔹增量添加西洋蔘與人蔘，其人蔘皂甘總含量高達40毫克 🔹加入足量專利南非醉茄及重要成分L-精氨酸 🔹漢方草本精華，珍貴草本營養，幫助滋補強身 🔹全新改版粉末包裝，方便攜帶，1天1包超有感💯 特別推薦給每個時刻都很努力的你，在追求自我完美、要求自	https://player.soundon.fm/p/954689a5-3096-43a4-a80b-7810b219cef3/episodes/53b20a64-d636-4ace-966c-53cbba1c3f92
365	2023-07-12	EP365 | 👀	50.0	不斷湧入的善意是否有重複 工作忙碌，總是外食的你，需要好好照顧消化道！ 善存3效順暢益生菌，93%有感回購*！幫助消化、排便順暢，更能提升保護力**。天天吃，狀態自然好！ 即日起至8/2，在MOMO購買善存3效順暢益生菌優惠組，再折$100！買越多賺越多！ 📣主委優惠在這裡 粉末顆粒隨身攜帶好方便：https://reurl.cc/RzDRvr 膠囊日常保養定時吃： https://reurl.cc/N0Dn8e *PIXNET痞客邦網友於2022年5月試吃善存3效順暢益生菌粉末顆粒，95位試吃者中達93%針對”回購意願”給予滿意或非常滿意之評分 **改變細菌叢生態、維持消化道機能、調整體質	https://player.soundon.fm/p/954689a5-3096-43a4-a80b-7810b219cef3/episodes/0de58718-f3e0-4f10-81da-fcb55223e391
364	2023-07-08	EP364 | ＠	49.2	馬克對我展現了仁慈 本集節目由喬致庸國際有限公司贊助 台塑生技潔顏慕斯搭配行銷杜拜超潔淨馬卡龍洗顏球給您乾爽、自信與亮麗！ 洗完不會不舒服的緊繃感，絲滑爽感洗泡泡，洗臉猶如做 spa 市價 1 瓶 $999，股癌聽眾獨家優惠 $988*2 瓶，1 瓶只要 $494 還免運好狠，優惠只到 7/20 https://gbf.tw/h1ge1 股癌傳送門：https://linktr.ee/gooaye -- Hosting provided by SoundOn	https://player.soundon.fm/p/954689a5-3096-43a4-a80b-7810b219cef3/episodes/ffe69a02-03f9-42cc-a212-02c83288ab97
363	2023-07-05	EP363 | 😑	49.8	真的是挖到油 多工處理我只服 ASUS GlideX 跨裝置、跨平台連線服務，多種功能一次滿足 鏡像功能、延伸功能、協同控制功能，一套裝備輕鬆達成免切裝置、免插線延 伸螢幕、免換位子跑來跑去好方便 使用 ASUS 筆電下載 GlideX，不管 iOS, Android，或是 iPad, Mac 還是 Windows， 通通都能輕鬆串聯 最酷的是：免費 下載 GlideX 輸入主委專屬優惠碼 : Gooaye，即可享有 6 個月免費專業版升級 購買ASUS 指定機種可享12個月免費專業版升級 先輸入Gooaye，使用期限到期後再啟用 華碩 PC 好友體驗券，最高可享有18個 月的免費專業版升級 	https://player.soundon.fm/p/954689a5-3096-43a4-a80b-7810b219cef3/episodes/917243a7-b6d2-4343-815e-f5632b951544
362	2023-07-01	EP362 | ❤️‍🩹	51.5	天下武功無堅不摧唯快不破 本集節目由【Roichen正脊坐墊】贊助 全新女用款粉色&坐墊清潔去污棒，搶先預購中 https://bit.ly/3AupJbn #市售唯一依男女體型設計的正脊坐墊 它牌只有分大人和小孩的尺寸，但其實男女體型骨盆角度不同，需要專屬尺寸設計，市售唯一有男、女和兒童3種專屬尺寸可選購。 #獨家支撐設計 坐墊不易滑動，即使不搭配椅子，直接在地面或者平面使用，當作和室椅都可以。 #韓國第一入口網站NAVER家飾配件使用滿意高度認證 榮獲200多項專利、認證、設計以及系統認證的殊榮，其中包括紅點設計大獎、Good Design、PIN UP等獎項。 #通過SGS檢測不含有毒物	https://player.soundon.fm/p/954689a5-3096-43a4-a80b-7810b219cef3/episodes/a0301d98-f659-4c40-8b9b-51df4de73369
361	2023-06-28	EP361 | 🍭	49.7	來不及解釋了快上車 本集節目由【NordVPN】贊助 透過專屬連結 nordvpn.com/gooaye， 或結帳時輸入股癌的專屬優惠碼【gooaye】， 購買兩年方案可獲得加贈好禮，還有30天內保證退款服務， 完全零風險，不滿意可隨時取消 #NordVPN 股癌傳送門：https://linktr.ee/gooaye -- Hosting provided by SoundOn	https://player.soundon.fm/p/954689a5-3096-43a4-a80b-7810b219cef3/episodes/3246806b-e4a1-40c8-95ae-942cc68a4d3e
360	2023-06-24	EP360 | 🅰️	50.7	AAAAAAAA 跪地擦拭、手擰抹布、等待晾乾…王子都找到灰姑娘了，你還在跪足拭家？主委推薦你【飛利浦 Jedi 潔地武士｜雙滾刷智慧洗地機】，雙滾刷雙風道的設計，讓你拖動一次、吸拖兩次，搭配 20,000 Pa 的超強吸力、8mm 貼牆清掃與雙向自動牽引的貼心設計，省下來的時間可以多刷一場副本 (?) 更重要的是，Jedi 潔地武士專為台灣潮濕環境設計熱風烘乾底座，只要一鍵就能生成 99.9% 除菌效果的電解水，讓機器自己幫自己洗澡並且烘乾滾刷，徹底和異味與細菌說掰掰。 更多細節一次看： ✨ 雙滾刷雙風道｜一次拖動吸拖兩次 ✨ 20,000Pa 強勁吸力｜頑固污漬輕鬆吸盡 ✨ 8mm 貼邊拖	https://player.soundon.fm/p/954689a5-3096-43a4-a80b-7810b219cef3/episodes/7a59d3c3-d2d6-4e3c-8b8a-027328b59393
359	2023-06-21	EP359 | 🤗	50.9	老鐵還可以 🔥炎炎夏日，杜絕張狂粉刺！！！還你/妳光滑肌膚 #脫離保養菜雞 #不當保養韭菜 ㊗️養成人見人愛的桃花肌～成為行走的發光肌💡 幫粉刺上課：https://reurl.cc/3xxk0O ✨來自台灣的藥師設計配方，全素且孕婦友好、0動物實驗的保養品牌🌱 la Promiskin鉑蜜肌取自promise + skin，承諾只給肌膚 #最高效的成分 #最有感的配方 #最安心的呵護。 🫶🏻不只是你/妳的保養品牌，更是你/妳肌膚的營養品牌，只給肌膚需要的養分。 #給自己最棒的投資 #好肌膚招來好運氣 🛒主委聽眾專屬折扣碼「GOOAYE」現折150元!! 🔗https://reurl.cc/3	https://player.soundon.fm/p/954689a5-3096-43a4-a80b-7810b219cef3/episodes/2ece2ce6-7fd4-4316-8284-39eae066e3d2
358	2023-06-17	EP358 | 🆒	51.6	繼續開圖！ 6/17-6/21 momo 618 檔期特惠 力度伸C+D+鋅發泡錠柳橙口味 30 錠 3 盒組 原價 $3,060, 618特惠價55折 $1,674 同場加映: 滿 $999 贈星巴克禮券 x1, 滿 $1999 贈 10% mo 幣 主委特談加碼：滿 $799 贈 Haagen-Dazs 迷你杯兌換券 x1 不囉嗦免輸碼直接進連結買優惠：https://www.momoshop.com.tw/goods/GoodsDetail.jsp?i_code=11142630 力度伸暖光計畫 浪浪篇：https://fb.watch/l2Ga2pBQwm/ 力度伸官網連結: http	https://player.soundon.fm/p/954689a5-3096-43a4-a80b-7810b219cef3/episodes/d48236d6-71a9-46a4-9afd-dffa583df8d5
357	2023-06-14	EP357 | 💎	51.3	MI 系列的數字代號，是蘇媽鑽石的尺寸變化 本集節目由 foodpanda 贊助 https://reurl.cc/WG3A1D foodpanda是全臺最大的外送平臺，在全台灣已和上千家餐廳合作，不只有各種異國料理和台灣美食可以選擇，還有生鮮雜貨上萬種商品！即日起首次訂閱 pandapro 的消費者，只要輸入指定訂閱制折價券「gooaye」，即可享有首月免費的優惠！除此之外每個月還有美食外送、外帶自取的優惠券可以領取！ pandapro單次訂餐只要滿$179就可以免外送費外，現在上千個精選餐廳還有專屬內用優惠，只要一人擁有會員資格，整桌即可享75折起的優惠！另外，部分精選店家還享有外帶自取5	https://player.soundon.fm/p/954689a5-3096-43a4-a80b-7810b219cef3/episodes/27bdd428-467f-44d1-8762-f6dbec023a21
356	2023-06-10	EP356 | 🕳️	52.2	聞到ㄌ 本集節目由 Dr.情趣❤️台灣第一情趣領導商城 贊助播出 萬眾矚目，經典再現，R-20四代，來了！日本對子哈特官方正式授權，絕對正版公司貨，6月下單，還可以抽「Switch主機跟薩爾達傳說 王國之淚」！ 🔗 https://drqqtoys.tw/gooayer20 凡透過連結購買R-20四代，即贈送Dr.情趣150ml潤滑液 x1 想要試試其他商品也ＯＫ，結帳輸入優惠代碼大寫【GOOAYE】 即享全館買千折百，滿1千折1百，滿2千折2百，滿3千折3百 …以此類推，最高折9百！ 股癌傳送門：https://linktr.ee/gooaye -- Hosting provided by 	https://player.soundon.fm/p/954689a5-3096-43a4-a80b-7810b219cef3/episodes/7efad715-4406-4c6d-819c-8775c8780b5d
355	2023-06-07	EP355 | 🤓	53.0	我沒了 因為壓力、忙碌生活作習或是體質改變，長髮總是扁塌容易斷裂嗎?😥 德國熱銷、專為長髮女孩和新手媽咪秀髮設計， Plantur21營養與咖啡因系列，陪妳一起讓肌膚保養從頭開始! 專利咖啡因複合物和珍貴營養素，還有淡淡的花香， 天天使用，輕鬆幫助髮根蓬鬆強韌、秀髮柔順，自帶女神光環沒問題! 除了洗髮露、護髮素之外，還有乾髮使用、免沖洗的頭皮護理精華露， 就像給頭皮擦的保養品一樣，快速補足頭皮所需營養，全面幫助髮質UPUP! 🛒主委聽眾專屬福利 https://reurl.cc/v7DgvA 👉全面限時78折起 👉加碼送防靜電順髮梳 好口碑的洗護髮產品，準備給老婆女友也很適合歐! #Plant	https://player.soundon.fm/p/954689a5-3096-43a4-a80b-7810b219cef3/episodes/ea85b765-8ccf-4a32-9c8f-33be7f7d807a
354	2023-06-03	EP354 | 🦪	51.4	千尋有教 本集節目由【NordVPN】贊助 透過專屬連結 nordvpn.com/gooaye， 或結帳時輸入股癌的專屬優惠碼【gooaye】， 購買兩年方案可獲得加贈好禮，還有30天內保證退款服務， 完全零風險，不滿意可隨時取消 #NordVPN 股癌傳送門：https://linktr.ee/gooaye -- Hosting provided by SoundOn	https://player.soundon.fm/p/954689a5-3096-43a4-a80b-7810b219cef3/episodes/6a52135b-f8e4-4889-829a-db8d253cf16e
353	2023-05-31	EP353 | 🎡	49.3	鐘擺啊都是鐘擺 台灣仍堅持自製研發遊戲的公司還剩幾家? 宇峻奧汀從1998年推出國產遊戲《三國群英傳》可以說是三國遊戲中經典中的經典。還原《三國群英傳Online》的手遊《三國群英傳M》目前正與《幻想三國誌》聯動中！同為超過20年的經典老IP 強強聯手遊戲更進一步登陸「STEAM」，三平台同步暢玩而玩家們期待已久的「百萬獎金軍團爭霸賽」燃情開戰鏗鏘戰鼓再度鳴起！不論是新玩家或是資深玩家們 一起無畏征程，誓戰沙場，成就傳說吧！ 現在至三國群英傳M粉絲專頁指定貼文輸入GOOAYE領取專屬稱號「五星吹捧」 股癌傳送門：http://linktr.ee/gooaye -- Hosting provid	https://player.soundon.fm/p/954689a5-3096-43a4-a80b-7810b219cef3/episodes/12cedbaf-bdc1-4635-93e3-a596c5c59a29
352	2023-05-27	EP352 | (•̀ᴗ•́ )و	51.8	就… 挺好ㄉ 本集節目由長榮航空贊助 買什麼？一律建議買長榮。 長榮航空2023夏季線上旅展，最低85折起，讓你輕鬆出國，快樂旅遊！ 早買早享受，進場長榮航空線上旅展享優惠。 投資有賺有賠，長榮航空特惠穩賺不賠，詳情請見公開說明書，哦不對，是底下連結。 連結 https://bit.ly/43p52KJ #主委專屬祈福 #旅遊保身心平安 #以上不具任何股票投資建議 股癌傳送門：https://linktr.ee/gooaye -- Hosting provided by SoundOn	https://player.soundon.fm/p/954689a5-3096-43a4-a80b-7810b219cef3/episodes/7d002ff4-0088-40a8-a5a8-6e8cac20d159
351	2023-05-23	EP351 | 🎏	51.7	厲害了你的國 本集節目由喬致庸國際有限公司贊助 功能強大，人手一顆，出門就帶這組。 同時充電 5 個裝置，手機、平板、switch 一次全上，10000mAh總電量，再多電子裝備也不怕！ 自帶兩條充電線(Lightning、type-c)，出門不用再找線；支援磁吸無線充電，解放雙手展現絕對優雅，外加輕量256g毫無負擔 LED螢幕顯示掌握剩餘電量，自帶AC插頭，100V-240V的寬幅電壓，讓你走遍世界，隨充即用。 市價1顆1980元，現在股癌優惠價1580，運費100元。優惠只到6/10，有需要務必把握機會。 墨子行動電源下單：https://gbf.tw/dcrqb 股癌傳送門：http:	https://player.soundon.fm/p/954689a5-3096-43a4-a80b-7810b219cef3/episodes/30247695-4810-484e-8f70-a2fe25bdf9b2
350	2023-05-20	EP350 | 🫠	50.6	肥水自己收 選擇Zenyum綻雅，投資自己的整齊牙齒， 價格清楚說明、資訊公開對稱，不怕被當盤子。 頭髮抓一抓、鬍子刮一刮，牙齒整起來，沒人敢說你肥宅 ✨市場唯一均一價，價格完整說明，無隱藏收費 ✨牙套完全透明，拿下口罩也能偷偷的升級笑容 ✨全台超過160位國考認證醫師合作，製作個人專屬治療計畫 ✨App紀錄、提醒及回應療程中大小事，減少非必要的回診次數 \ 歡慶在台三週年 / 即日起至透過【股癌】專屬連結 5分鐘完成免費線上評估，即可獲得以下癌寶優惠 專屬連結：https://bit.ly/3VS40nU 🦷ZenyumClear輕矯正定價7萬2，折扣7,000 🦷ZenyumPlus全口矯	https://player.soundon.fm/p/954689a5-3096-43a4-a80b-7810b219cef3/episodes/849e2efb-f1e3-48d8-97fe-b11f1a283419
349	2023-05-17	EP349 | 🪐	51.8	昨天還活蹦亂跳 本集節目由簡單JAN DAN贊助 簡單JAN DAN是台灣植萃保養品牌。2016年是由一個男生創立的保養品牌至今，沒有實體店面，單純靠著口碑以及產品的硬實力，創下月銷超過萬瓶的佳績。無酒精、無香精、無動物實驗的「簡單JAN DAN」保養品，純素、敏弱肌都能安心用，男女都適合。 前兩年的合作成效都非常好，使用他們的產品後，我和老婆都非常喜歡。今年再次合作，繼續放福利給大家。 他們的月銷5座101的 #簡單玫瑰青春露，去年11月推出了升級版。添加高濃度長效型玻尿酸添加，加強保濕潤澤效果，降低易造成敏感因子成分，除了維持全膚質友善，舒緩修護體感再提升。他的質地一點都不黏，一瓶就足夠，	https://player.soundon.fm/p/954689a5-3096-43a4-a80b-7810b219cef3/episodes/372420d4-b66d-4ee2-b4db-d8548147a026
348	2023-05-13	EP348 | 🪄	49.6	哇馬舞 千萬別走！母親節送禮首選，網路熱銷No.1 的 #1000頂級超臨界魚油 終於來了！ 超殺優惠買4送1，保證全網最低價！ 股癌の專屬賣場👇 https://tw01.co/主委限定折扣 1000頂級超臨界魚油，是全台灣第一個榮獲IFOS 五星認證的魚油，而且小小2顆，EPA+DHA竟高達1000毫克以上！ 而且還有Cleantex專利技術，讓魚油的味道降到很低很低，是一款連不愛吃魚的 #吳慷仁 都可以每天吃的魚油！ 🔥從今天開始到 5/15的23:59，1000頂級超臨界魚油直接買4送1，註冊輸入折扣碼還能再折100，最高現折2300以上！ 一定要從股癌的專屬頁面購買 https://	https://player.soundon.fm/p/954689a5-3096-43a4-a80b-7810b219cef3/episodes/11b67e55-aa72-4a15-a2a4-af73266f8c55
347	2023-05-10	EP347 | 🏔️	52.7	手又穿過巴巴 【風險控管靠股癌，頭皮控管靠森歐黎漾】 🏆森歐黎漾連續三年榮獲世界美妝大獎 🏆2023年更榮獲比利時品質評鑑大賞-銀獎 大家都知道本多終勝，卻不知道頭髮多才顯年輕～ 質進化咖啡因豐盈養髮組，喚醒髮根求生欲！ 嚴選德國健髮咖啡因與植萃胜肽 0矽靈溫和配方，搭配清新花植香氣 簡單3步驟: 1淨2洗3養髮 呵護頭皮，強健髮根，輕鬆重拾豐盈蓬鬆的自信秀髮！ 認真用質進化系列保養後，髮根比較挺立 看起來就是髮量大戶，擁有強健豐盈的頭髮在外型上是人生勝利組 這系列我洗起來覺得很清爽，中性深邃的香調很好聞，是男女都會喜歡的味道。 即日起至官網結帳輸入主委專屬折扣碼【GOOAYE】 可享最高$2	https://player.soundon.fm/p/954689a5-3096-43a4-a80b-7810b219cef3/episodes/25fcdd0a-3217-4e7e-a1f9-c61d8ee5eb5c
346	2023-05-06	EP346 | 🐻‍❄️	50.7	好快ㄚ 國泰證券定期定額，分批投入、平均成本且適當分散風險。 智慧加減碼功能讓投資更彈性，手續費一律銅板價，每個月只要100元起就可以輕鬆投資！ 了解更多 ：https://istockapp.cathaysec.com.tw/Marketing/DCA/?id=12&utm_source=KOL&utm_medium=Gooaye 6/6前透過主委專屬連結完成開戶，即可獲得粉絲專屬開戶禮7-11商品卡200元！6/7到6/30前開戶則可以獲得7-11商品卡100元。 立即登錄活動：https://cathaysec.tw/8Yn0mnR 股癌傳送門：http://linktr.ee/gooa	https://player.soundon.fm/p/954689a5-3096-43a4-a80b-7810b219cef3/episodes/3ec2b49e-54a0-499c-82df-fd3ec690dcb4
345	2023-05-03	EP345 | 🪴	53.1	無情的回答機器 本集節目由【NordVPN】贊助 現在搜尋 nordvpn.com/gooaye 或結帳時輸入股癌的專屬優惠碼【gooaye】 購買2年方案送四個月， 一個月只要一杯咖啡的價格就能取得VPN服務 還有30天試用期，不滿意可隨時取消 #NordVPN 股癌傳送門：https://linktr.ee/gooaye -- Hosting provided by SoundOn	https://player.soundon.fm/p/954689a5-3096-43a4-a80b-7810b219cef3/episodes/2b901e00-6db0-4d9a-a5af-4e7e2b1ca7be
344	2023-04-29	EP344 | 🧶	55.7	快刀馬祖 「超實用買房秘技」，無論租房買房都要學會的地產學！ 「35線上賞屋」主持人TED，以多年產銷經驗，帶你了解整個房產市場變化，了解銷售端的想法，才能百戰百勝，購得好房。 「JOE是要看房」主持人Joeman ，以最真實的自購族視角在課堂中大膽發問，挑戰房產界那些讓人摸不著頭緒的積習與秘密。 更邀請專家來深度分享，所有稅務、法規、建築工法等問題，公開業界不敢說的秘密！ 從看房到交屋每一步驟仔細教學；從地段、品牌、產品型態的綜合評比；不論首購、換屋、置產、投資族都可以在這堂課找到答案！人生最大一筆開銷，「超實用買房秘技」替你把關！ #超實用買房秘技 #無論租房買房都要學會的地產學 購買連結	https://player.soundon.fm/p/954689a5-3096-43a4-a80b-7810b219cef3/episodes/ae821e2e-0c8a-4807-9864-c3f4a51d54b0
343	2023-04-26	EP343 | 🦒	52.4	錢的味道 本集節目由【Roichen正脊坐墊】贊助播出 #市售唯一依男女體型設計的正脊坐墊 它牌只有分大人和小孩的尺寸，但其實男女體型骨盆角度不同，需要專屬尺寸設計，市售唯一有男、女和兒童3種專屬尺寸可選購。 #獨家支撐設計 坐墊不易滑動，即使不搭配椅子，直接在地面或者平面使用，當作和室椅都可以。 #韓國第一入口網站NAVER家飾配件使用滿意高度認證 榮獲200多項專利、認證、設計以及系統認證的殊榮，其中包括紅點設計大獎、Good Design、PIN UP等獎項。 #通過SGS檢測不含有毒物質與安全性測試 最大可承受220~350公斤都可維持平穩正確的坐姿，不會形成椅墊扭曲或晃動。 股癌聽眾	https://player.soundon.fm/p/954689a5-3096-43a4-a80b-7810b219cef3/episodes/6debeb55-09c5-44e7-9825-a14ef9a2e47f
342	2023-04-22	EP342 | 😞	50.7	餓餓 母親節最佳好禮，伊萊克斯清淨除溼機!! 溼溼的梅雨季來了，擁有一台好用的除溼機真的太重要 伊萊克斯14公升清淨除溼機，業界最高規格安全防護，拒絕溼氣與空污! 【除溼力強】14公升強效除溼力，家裡再也不會溼答答 【真正雙效合一】4重高效過濾系列，有效去除灰塵、病毒與細菌，除溼清淨高效合體 【除溼一級能效】可申請貨物稅補助1200元，省電又省錢 【業界最高規格】35項安全設計，產品安心可靠 【app遠端遙控】在外也可開啟除溼功能，一回家就能享受乾燥清新的空氣 【美型又安靜】北歐風質感設計，最低音量僅25分貝。 【保固最完善】主機3年，壓縮機5年 【優惠重點】 1、下殺79折，現省$4,000	https://player.soundon.fm/p/954689a5-3096-43a4-a80b-7810b219cef3/episodes/d0d14e8f-35ac-4fcd-b270-c845fa9f7744
341	2023-04-19	EP341 | 🤱	50.6	樺樹，都是樺樹 母親節女人節管他什麼節，送禮給重要的另一半是永恆不便的道理。聽股癌花時間投資理財，主委還幫你省下更多時間找到最適合她的禮物。 招牌香氛暖燈禮盒，一次擁有植物蠟瑞典蠟燭&精緻融燭燈，生活情趣一次補血。四入丹麥身體洗沐護理尻下去，保證媽媽和另一半保養得笑呵呵。 VANA北歐生活純粹自然 品質顏直CP值三者兼顧 盡在VANA官網 母親節寵愛女人 主委都幫你想好一次搞定! + Lagom金屬款香氛暖燈禮盒，一次升級居家生活品味，只要1990 (原價2880) + Garden Harmony北歐花園4入香氛身體洗沐禮盒，體驗慢活保養態度，只要1990 (原價3120) + 北歐製造原裝	https://player.soundon.fm/p/954689a5-3096-43a4-a80b-7810b219cef3/episodes/6d541bca-fde5-47d1-9a4f-b2711fa676ed
340	2023-04-15	EP340 | 🧋	51.2	退燒不吃藥了ㄛ \熱銷萬盒王者回歸/ 👉 https://bit.ly/3GIUn4n 股癌五星大推💯【MIHONG®司令B群黑紅瑪卡】 中西合併 幫助溫和打底這邊請 「司令B群黑紅瑪卡-體力精力不間斷」 ☑專利祕魯95%高純度MacaPro黑紅瑪卡 男女適用 體力UP！ ☑600%高濃縮技術萃取 吸收UP！ ☑酵母鋅與多項草本精華 調節生殖機能，旺盛加分。 ☑足量L-精胺酸，幫助增強體力，促進代謝。 ☑業界高標-兩顆膠囊2400mg濃縮萃取瑪卡精華 ☑品質高標準-七大無添加 通過SGS重金屬、365項西藥檢驗。 特別推薦給白天容易精神不濟的上班族、行程滿滿的業務、長途開車、日夜輪班，需要體力	https://player.soundon.fm/p/954689a5-3096-43a4-a80b-7810b219cef3/episodes/4d95b925-c3b3-4842-9359-1311c089a6e1
339	2023-04-12	EP339 | 🤌	50.9	不緊張，沒事兒 平平都是水，怎麼這瓶特別好喝？ #日本名水13度Ｃ 來自日本熊本縣的進口礦泉水 經花崗岩層過濾、漫長時間累積而成的伏流水 全程採無人自動化作業，完美隔絕空氣接觸 符合日本嚴格檢測認證☑️ 口感順口且不苦澀 非常好入喉，風味回甘，尾韻更是柔和 ✨日本名水推出專屬App啦！！！✨ ☑️使用App即可購物下單 ☑️只需“手機號碼”即可註冊 ☑️並且還有喝水提醒、喝水打卡等功能 ☑️介面精緻、功能完整、簡單好上手 跟著主委推薦準沒錯！ #主委專屬福利 4月12日 至 5月31日 止 下單輸入折扣碼【gooaye】 不但享全館9折優惠 還有機會抽中雙人來回九州機票✈️ 日本名水傳送門：h	https://player.soundon.fm/p/954689a5-3096-43a4-a80b-7810b219cef3/episodes/8cae8957-4144-4fde-b9c6-b7b2151ad3b2
338	2023-04-08	EP338 | 🪲	51.4	龜一下對大家都好 榮獲 200 多項年度最佳遊戲大獎肯定的《最後生還者》，帶領玩家體驗深刻的劇情和難忘的角色。在暌違 10 年後首度登上 PC Steam！PC 版除收錄「拋諸腦後」前傳 DLC 外，在遊戲系統與戰鬥上也有所更新，並支援超寬螢幕比例 21:9／32:9、3D 音效、無障礙輔助選項、鍵盤滑鼠與各類控制器、拍照模式、Speedrun 計時模式、永久死亡模式、幀率無上限、AMD FSR 2 與 NVIDIA DLSS 2 等 PC 重製版專屬功能。 立即購買：https://store.steampowered.com/app/1888930/The_Last_of_Us_Part_	https://player.soundon.fm/p/954689a5-3096-43a4-a80b-7810b219cef3/episodes/5b27cc60-a1c2-44fa-829c-0c6b61f84afe
337	2023-04-05	EP337 | 🌴	53.3	紳士無法阻擋 全新樂天 Kobo Elipsa 2E 電子書閱讀器 讓您盡情讀 恣意寫 大膽思考 全面升級手寫筆記體驗與使用環保材料。 10.3 吋超大螢幕採用 ComfortLight PRO 設計，有效降低藍光、舒緩眼睛疲勞，讓您在 觸控螢幕上閱讀與書寫更加舒適。支援藍牙（Bluetooth®）無線技術可聆聽 Kobo 有聲書。 Kobo Stylus 2 觸控筆全新登場，充電式設計與全新配重給您頂級手感使用更靈活流暢，尾端自帶橡皮擦筆記更直覺。 筆記功能有感升級！ Lasso 套索工具不論是文字或是圖形，皆能讓您輕鬆拖移省時不費力；資料夾功能讓您的筆記有條不紊；以及全新 20+ 種背景樣	https://player.soundon.fm/p/954689a5-3096-43a4-a80b-7810b219cef3/episodes/871d785e-7ac5-41a6-9a6c-951eb09ff76d
336	2023-04-01	EP336 | 😍	50.3	捕蚊燈 本集節目由【NordVPN】贊助 現在搜尋 nordvpn.com/gooaye 或結帳時輸入股癌的專屬優惠碼【gooaye】 購買2年方案送四個月， 一個月只要一杯咖啡的價格就能取得VPN服務 還有30天試用期，不滿意可隨時取消 #NordVPN 股癌傳送門：https://linktr.ee/gooaye -- Hosting provided by SoundOn	https://player.soundon.fm/p/954689a5-3096-43a4-a80b-7810b219cef3/episodes/7db92dd3-9023-430c-baec-6d02075b011d
335	2023-03-29	EP335 | 🏛️	50.3	誠信ㄚ Take you to your oasis 一起環遊你的世界之最 業界最高指標，最具話題性的✈️玉山星宇航空聯名卡✈️來嘍! 不論你在什麼人生階段都為你打點好～ 讓星星帶領你翱遊世界🌏，吃遍各大美食🍽️、賺翻哩數回饋🤑 優惠真的多到說不完，更多好康請洽玉山銀行官網！ 搶先申辦： https://esun.co/LdCs9 【謹慎理財 信用無價】 循環利率：5.88%-15%(依玉山銀行電腦評等而訂，基準日：2015/9/1)預借現金手續費(依預借現金約定結付幣別區分)：預借現金金額x3.5%+(新臺幣100元/3.5美元/350日圓/2.5歐元)其他相關費率依玉山銀行網站及申請書公告	https://player.soundon.fm/p/954689a5-3096-43a4-a80b-7810b219cef3/episodes/e8c8feed-cf7a-4dab-80f9-9a3a42adb3d5
334	2023-03-25	EP334 | 🎲	50.9	又要回娘家過老人生活了== 天氣漸漸變暖，準備好迎接戶外活動了嗎？ 出門在外除了替手機3C準備好行動電源，也要記得為身體隨時補充 #正能量！ 拜維佳高單位維他命B群發泡錠，喝的行動電源，輕鬆激發 #POWER #ON 期間限定 - 拜維佳爽口味禮盒組，內含經典柳橙口味及全新上市的芒果柳橙口味，酸酸甜甜的氣泡口感，一試就愛上！ 現在就跟主委一起嚐鮮，讓你面對挑戰芒中有勁 POWER ON! 本集節目由拜耳拜維佳贊助 •股癌聽眾VIP專屬折價券: https://reurl.cc/Q44rR0 •拜維佳官網連結: https://www.berocca.com.tw/ •拜耳保健室FB連結: ht	https://player.soundon.fm/p/954689a5-3096-43a4-a80b-7810b219cef3/episodes/f971531a-b0fe-4ae4-adab-651ce702d9fc
333	2023-03-22	EP333 | ⚙	50.2	刀法再現 歡慶富邦證券榮獲2023財訊財富管理大獎-《證券最佳財富管理、最佳服務、最佳數位金融、金融服務創新、最佳影音行銷》 快來參加富邦證券2023年優惠活動： 1. 告別昂貴手續費：12/31前台股電子下單每月成交金額100萬元(含)以下手續費超佛心優惠，新開立北富銀奈米存數位帳戶，享北富銀台外幣雙重加碼；4/30前綁定北富銀LINE官方帳號，並將北富銀帳戶約定為交割戶再抽LINE POINTS 100點！ 2. 12/31前七大海外市場(美、英、港、日、德、新、滬深)免收低收手續費好評延長！ 3. 台股定期定額手續費優惠中 趕快到富邦證券開戶即可輕鬆享以上優惠，富邦證券開戶連結：http	https://player.soundon.fm/p/954689a5-3096-43a4-a80b-7810b219cef3/episodes/8837b724-4bbc-447e-b3f8-00e60888fe24
332	2023-03-18	EP332 | 🩰	50.2	你ㄉ副駕上線了 本集節目由【NordVPN】贊助 現在搜尋 nordvpn.com/gooaye 或結帳時輸入股癌的專屬優惠碼【gooaye】 購買2年方案＋送一個月還贈送NordVPN 11週年的限時神秘好康， 一個月只要一杯咖啡的價格就能取得VPN服務 還有30天試用期，不滿意可隨時取消 #NordVPN 股癌傳送門：https://linktr.ee/gooaye -- Hosting provided by SoundOn	https://player.soundon.fm/p/954689a5-3096-43a4-a80b-7810b219cef3/episodes/7c594451-7cea-4e47-a076-879634ec3676
331	2023-03-15	EP331 | 🧊	49.2	壓力測試 想跟秋口一樣爽爽放風沒在怕？ 社會在走，3D防護要有！ #寵愛食剋3D [新登場] 開啟寵愛新時代，給你最輕鬆的選擇 每月定期，一次搞定3大類寄生蟲 #3D驅蟲新標準 3大類寄生蟲無所遁形 ⛔心肺 | 心絲蟲、肺蟲 ⛔體外 | 跳蚤、壁蝨 ⛔腸道 | 蛔蟲、鉤蟲 了解更多：http://bit.ly/3Khc1z2 股癌傳送門：https://linktr.ee/gooaye -- Hosting provided by SoundOn	https://player.soundon.fm/p/954689a5-3096-43a4-a80b-7810b219cef3/episodes/2c21fb2b-d33f-4f0d-b29c-3a617473a816
330	2023-03-11	EP330 | 👶	50.2	你點的黑天鵝準備中囉 做好有神保養，精準投資，不再股海茫茫！ 善存葉黃素，萃取自天然^，分子小1/2*，好吸收** 高17%*** 3/11~3/17股癌獨家優惠，只要購買善存葉黃素3入組，就送7-11商品卡$100， 聽眾加碼再送【星巴克】飲料券(面額價值$100)一張！ 這麼好康！立馬手刀買進！👉 https://reurl.cc/Add3rj ^液態膠囊內的葉黃素原料萃取自天然萬壽菊 *此產品為游離型葉黃素，分子量大約為酯化型葉黃素之1/2。 游離型葉黃素為 人體可直接吸收之型式。 **指葉黃素吸收程度上差異。游離型葉黃素不須經水解步驟即被人體吸收。 ***游離型與酯化型葉黃素在食用28	https://player.soundon.fm/p/954689a5-3096-43a4-a80b-7810b219cef3/episodes/246ee7ef-1c1b-4ad3-b0f2-f98784985645
329	2023-03-08	EP329 | 🚜	50.0	意外ㄉ意外 🙌 V-TEX防水神鞋 躍不設限 獨家超臨界氮氣發泡三密度技術 X 防水透濕膜 將跑鞋靈魂注入中底，並搭載超強防水力 全面穩定支撐，讓活動不再侷限！ 【最新強棒Xtal 官網搶先上市】 🔵V-TEX獨家3密度一體成型，給予三種不同硬度回饋 🔵高緩震高回彈，支撐雙腳全面緩衝 🔵專利防水膜搭配透氣網布，真防水不悶熱 🔵4.5公分厚底設計+科技質感外型，依舊百搭 🔵搭配人體工學鞋墊，提升絕佳舒適腳感 官網優惠活動 #主委加碼福利 🔥現在官網下單一雙就免運 🔥會員最高再享鞋類5%紅利回饋 🔥輸入專屬優惠「GOOAYE23」享專屬88折優惠 🔥加入新會員立享紅利100現折抵 新款逛起來 ht	https://player.soundon.fm/p/954689a5-3096-43a4-a80b-7810b219cef3/episodes/3d85be10-b3c3-45a4-88a0-f1e5acc76a7d
328	2023-03-04	EP328 | 🌪	52.9	不可能這麼多黑科技ㄅ 本集節目由 HH 草本新淨界贊助 用小資女的價格享受到專櫃級的臉蛋保養 連續使用 7 天，讓肌膚光澤度、水潤度、保濕感瞬間提升 跟著主委推薦準沒錯！ 臉部保養「EPR2 系列」，成分驚為天人！ EPR2是採用四大成份組合而成： 「E 」為極地保濕因子，不僅補水再更鎖水 「P 」為美白四胜肽，迅速改善膚色暗沉，有效美白 「R 」為植物幹細胞抗老活萃，對抗肌膚老化 「R2 」為緊緻分子活性，同時淡化細紋、緊緻毛孔 #主委專屬福利：只有 3 天 85 折 輸入折扣碼「GOOAYE 」一瓶就享有 85 折的優惠 買2 瓶再送燕麥保濕潔面露，別錯過主委專屬福利碼！ 股癌專屬連結： 	https://player.soundon.fm/p/954689a5-3096-43a4-a80b-7810b219cef3/episodes/d1379253-c699-491e-b5aa-ed32f4a4731f
327	2023-03-01	EP327 | 🧷	54.1	double or nothing 忙碌上班外食族、追求美食族、媽媽擔心寶貝#保護力? 善存3效順暢益生菌，每天一包助消化、好順暢、提升保護力* 3/1~3/7股癌獨家優惠，購買善存3效順暢益生菌3入組，就送7-11商品卡$100，加碼再送威秀電影票一張 📣主委專屬優惠在這裡： https://reurl.cc/gZ2Z07 *改變細菌叢生態、維持消化道機能、調整體質 ^幫助維持消化道機能,養出好環境 +改變細菌叢生態 #6歲以上兒童食用，每日一包 *本文由Haleon贊助 PM-TW-CNT-23-00059 股癌傳送門：http://linktr.ee/gooaye -- Hosting 	https://player.soundon.fm/p/954689a5-3096-43a4-a80b-7810b219cef3/episodes/3f5cf817-8bac-4b3a-a7fb-8f4b73d66f83
326	2023-02-25	EP326 | 🩴	54.2	太舒服會出事 ikiiki伊崎-美派玻璃氣炸鍋 宵夜減油好幫手，配件可全放洗碗機! 下殺51折現省超過3000元!! ．日系美型小巧設計，卻有4公升的大容量 ．360゜全景透視玻璃鍋，烘烤過程清晰可見。 ．安全的玻璃材質，不必擔心塗層脫落的問題。 ．玻璃鍋耐高溫400°C，清潔超便利不留汙垢。 ．全部的配件都可以進洗碗機清洗! ．內建六種菜單模式，料理變得更輕鬆。 ．獨特低溫乾果功能，烘烤健康果乾或與寵物肉乾都沒問題。 ．加贈304不鏽鋼炸網和隔熱墊，使用更便利。 【主委專屬優惠重點】 1、輸入折扣碼gooaye，購買氣炸鍋現折超過3000元。 2、只要在FB貼文下方發問「ikiiki 伊崎美	https://player.soundon.fm/p/954689a5-3096-43a4-a80b-7810b219cef3/episodes/c1fe5c4c-b912-4615-802f-f1e2cc3f137a
325	2023-02-22	EP325 | 🔌	49.6	阿巴卡巴 #白蘭氏雙認證鷄精 幫你提神補體力，活力秒開機 年紀越大，精力越有限，不管你是熬夜看盤黨、夜夜笙歌加班黨、新手爸媽黨，需要體力和精神的時候可以都喝起來 一瓶擁有: ✅萃取鷄隻的蛋白質胜肽精華，小分子胺基酸更好吸收 ✅ 15分鐘提升新陳代謝、提神補體力 ✅ 抗疲勞和免疫調節的 #國家級健康食品雙認證 ✅去油、零脂肪和膽固醇，無添加防腐劑，身體無負擔 溫和又順口，更方便每天補充 #主委發福利 時間： [限時折扣]即日起，到3/7為止，最高現折$250! 步驟1 : 到PCHOME顧客中心兌換序號 "需登入帳號": https://reurl.cc/28xXvv *輸入 GOOAYE60 	https://player.soundon.fm/p/954689a5-3096-43a4-a80b-7810b219cef3/episodes/3d83ade3-a031-4ac8-813c-d5b8275a73e8
324	2023-02-18	EP324 | ❌👨‍👨‍👧🔥⛰❌	50.3	鄒母得ㄛ== 本節目由水果豬高級進口水果店贊助 當季盛產的日本福岡甘王草莓，外型鮮紅光亮，甜度高，又帶著濃濃天然草莓香味 #產地直送 #日本空運抵台 各式日本頂級進口水果、各式稀有品項，大宗貨原，充足供應 【秉持嚴格品質控管】 出貨前，逐一檢查水果，完善包裝保護，盡力防止運送中任何晃動，優於黑貓冷藏宅配包裝標準 【優質的客服服務】 貼近顧客需求，客製化推薦，貼心服務，嚴謹的SOP，來對待每一項頂級新鮮水果 即日起至3/15日止 全館限時優惠，滿千送百，官網輸入折扣碼gooaye 全館另有其他新鮮水果，IG限時動態不定時有到貨特殊商品，記得關注唷! 福岡草莓 快速下單連結 https://reu	https://player.soundon.fm/p/954689a5-3096-43a4-a80b-7810b219cef3/episodes/9956a01d-78be-42f8-85fb-a323e80a57c1
323	2023-02-15	EP323 | 🪂	51.4	他的手可以穿過我的巴巴 本集節目由【NordVPN】贊助 現在搜尋 nordvpn.com/gooaye 或結帳時輸入股癌的專屬優惠碼【gooaye】 購買2年方案＋送一個月還贈送NordVPN 11週年的限時神秘好康， 一個月只要一杯咖啡的價格就能取得VPN服務 還有30天試用期，不滿意可隨時取消 #NordVPN 股癌傳送門：https://linktr.ee/gooaye -- Hosting provided by SoundOn	https://player.soundon.fm/p/954689a5-3096-43a4-a80b-7810b219cef3/episodes/07cab952-510f-4055-a986-c2d84768bc7a
322	2023-02-11	EP322 | 👾	51.0	世界需要壞人促進經濟 本集節目由影音器材總匯正成集團贊助 想跟上自媒體浪潮，專業配備不能少，今年最好的投資就從購入影音設備開始 正成集團代理超過百大品牌，原廠認證， 熱門商品電商購物一站滿足所有需求。 跟著主委買準沒錯！ #熱門影音設備推薦 *全方位運動攝影機 GoPro Hero 11 *影音人必備麥克風 RODE Wireless GO II *影音玩家專業監聽 RODE NTH-100 耳罩式監聽耳機 還有超多優惠品項，最低五折起。即日起至 3/10，股癌聽眾獨家優惠 超值優惠獨家配組只在正成購物網站 專屬連結：https://supr.link/MVccl 股癌傳送門：http://l	https://player.soundon.fm/p/954689a5-3096-43a4-a80b-7810b219cef3/episodes/5667ed3e-7997-4d4e-9cc9-058bbbdea7a3
321	2023-02-08	EP321 | 🌻	51.0	好壞== 還在用尿袋行充？主委推薦你【 MOFT 磁吸行動電源 】完全不用充電線，1 秒吸上輕鬆充電、超輕超薄，更棒的是結合多功能手機支架，可變換 3 種角度、收納兩張卡片，搭配【 雙倍磁力保護殼 】，電源磁吸力再加倍，怎麼甩都甩不掉，真的超穩！ 由來自美國的 MOFT 團隊設計，過去成功研發筆電支架、手機支架、筆電包等產品，深受各位旅行者喜愛。相較傳統電源又厚又重，你只需帶不到三分之一的重量，就能為自己準備一顆救急裝備，放口袋也沒零負擔，無論是買一顆自己用，還是送一顆給老婆都非常合適。 更多細節一次看： 📍 #挑戰市面最輕薄 ➤ 1.2 cm 超薄，連牛仔褲口袋都輕鬆放 ➤ 130 g 超輕	https://player.soundon.fm/p/954689a5-3096-43a4-a80b-7810b219cef3/episodes/ba119e57-004d-4b24-8175-0bbba631914d
320	2023-02-04	EP320 | 🆘	51.2	奇蹟般的數據 太座安得好，一年沒煩惱，浪漫不燒腦，幫你日子過更好 #ALUXE亞立詩台灣首席婚戒品牌 最超值的鑽石，最划算的投資， #fb文末抽獎 期間限定活動，來店鑑賞就送 #中獎率100%刮刮卡 頭獎三選一 📍ps5 📍義式傢俱組 📍蜜月來回機票 💎門市隨時備有上千顆裸鑽 💎上千款婚鑽戒、珠寶飾品供挑選 💎全客製德國精品工藝acredo系列 💎少女心爆棚迪士尼聯名婚嫁系列 【#專屬活動】即日起至3/5 即刻預約🔻下單前出示本篇貼文即贈珍珠耳環: https://aluxediamonds.com/kkX9j 即刻下單🔻輸入折扣碼【gooaye】享9折優惠https://aluxediamo	https://player.soundon.fm/p/954689a5-3096-43a4-a80b-7810b219cef3/episodes/ec3d1348-8ef6-4e7f-94df-d10dd85c524d
319	2023-02-01	EP319 | 👑	50.0	目前看來只有個案在雷 「給我 5 分鐘」 濾掛、茶包式咖啡線上專賣。用最實惠的價格，喝最高品質的咖啡！ 為了回饋跟著股癌遊走股市的聽眾們，即日起至 2/28，只要使用股癌「給我 5 分鐘」專屬跟團碼「GOOAYE5MIN」，就可以用 75 折，比全家便利商店更優惠的價格，入手「給我 5 分鐘」精品咖啡，陪你度過年後的開工投資。現在就跟著股癌，上「給我 5 分鐘」官網 shopping 去： https://lihi1.com/JblHp 股癌傳送門：https://linktr.ee/gooaye -- Hosting provided by SoundOn	https://player.soundon.fm/p/954689a5-3096-43a4-a80b-7810b219cef3/episodes/4f170f54-138f-4585-9c3a-289e4d506db0
318	2023-01-28	EP318 | 😊	49.6	這麼幸福會出問題吧 本集節目由 台灣第一情趣領導商城 ❤️ Dr.情趣 贊助播出 如果你是愛愛新手，常常前戲不到位， 老是亂摸碰運氣，最後惹得伴侶生氣氣。 又或者你是老玩家，單一刺激久了有點膩， 有時還會不小心出戲，想要尋求一點不同的刺激。 【指藤鷹】手指跳蛋 讓你變身為指尖上的小惡魔！ 主委專屬連結： https://drqqtoys.tw/goldengooaye 凡透過連結購買指藤鷹＋Dr.情趣150ml潤滑液只要990元！ 想要試試其他商品也ＯＫ，結帳輸入優惠代碼大寫【GOOAYE】 即享全館買千折百，滿1千折1百，滿2千折2百，滿3千折3百 …以此類推，最高折9百！ P.S. 以上優	https://player.soundon.fm/p/954689a5-3096-43a4-a80b-7810b219cef3/episodes/223a75af-12e3-483c-9147-bf3b817c68f7
317	2023-01-25	EP317 | 🚻	49.8	塞車的你望梅止渴 本集節目由【NordVPN】贊助 現在搜尋 nordvpn.com/gooaye 或結帳時輸入股癌的專屬優惠碼【gooaye】 購買2年方案＋送一個月 一個月只要一杯咖啡的價格就能取得VPN服務 還有30天試用期，不滿意可隨時取消 #NordVPN 股癌傳送門：https://linktr.ee/gooaye -- Hosting provided by SoundOn	https://player.soundon.fm/p/954689a5-3096-43a4-a80b-7810b219cef3/episodes/15d8ec79-40b1-40c7-9ab7-9056a22e5223
316	2023-01-21	EP316 | 🧧	50.4	愛惜年獸 ✨Alto 熱銷品強勢改版回歸 曾經在嘖嘖募資大賣的 Alto 皮革手機收納包，在今年迎來最新改版。因應愈來愈大的手機，也將包款尺寸加大 10%，更大的空間、更好的手感。 ✨簡化，才能好好感受生活 有時想要輕便出門，輕薄的手機收納包可收納卡片、紙鈔、零錢與隨身小物，一次帶上錢包與手機，一包搞定。 ✨旅遊優雅收納 在後疫情時代，報復性出國旅遊的同時，也要井然有序地收納護照與外幣或常用小物。收納包裡還有隱藏的小空間可以收納 Sim 卡與 Pin 針，不怕旅途中遺失。 ✨精心挑選的天然材料 Alto 頭層苯染皮革，用來自義大利的製皮工藝呈現美麗自然樣貌，讓皮革保留毛孔、細緻色澤與獨一無二的	https://player.soundon.fm/p/954689a5-3096-43a4-a80b-7810b219cef3/episodes/c8324079-250c-46cd-8838-60942f59222d
315	2023-01-18	EP315 | 🎣	53.2	快樂釣魚ㄑ 家裡亮晶晶，財神笑嘻嘻 （文末抽獎放福利） 現在下單年後出貨，跟著主委買準沒錯 下單傳送門：https://gbf.tw/jnadz 伊萊克斯最新款「極適家居700直立濕拖吸塵器」，可吸地可拖地，一機多用最超值! 1、LED免沾手溼拖吸頭：每分鐘300轉，電動溼拖強效去髒污，拖地不沾手最省力! 2、淨汙分流清洗槽：雙槽設計髒水不回流，全程使用乾淨水，不需一直換水。還能輕鬆刮乾拖布水份，地板不會溼答答。 3、無重力手感：輕手感獨特設計非常省力，男女老幼都能輕鬆的使用。 4、毛髮截斷吸頭：較上一代提升20%吸力，不需徒手清理，吸頭上按鍵踩下去10秒鐘，即可截斷毛髮纏繞吸頭的困擾。 5、	https://player.soundon.fm/p/954689a5-3096-43a4-a80b-7810b219cef3/episodes/be06aba0-15f5-4d75-bbc3-7c1c7c038ad8
314	2023-01-14	EP314 | 🍡	52.2	老人家很懂買 本集節目由MACKMYRA麥格瑞 瑞典單一麥芽威士忌贊助 沒錯! 就是那間推出全球第一支AI人工智慧威士忌的瑞典蒸餾廠，這回帶著敲破碗的人工智慧第二版回歸，更增添酒體深度和悠長尾韻! 新年期間特別組合話題不斷的AI威士忌、白樺樹汁葡萄酒潤桶的春酩、招牌杜松子泥煤煙燻、經典瑞典老橡木普飲款，推出全台唯一最優惠套組和超值豪華品酒會體驗。 MACKMYRA麥格瑞 1999年至今的威士忌探索者 ﹒堅持100%瑞典原料展現瑞典風土 ﹒嚴選200年瑞典老橡木打造獨家30升橡木桶 ﹒獲選全球最佳蒸餾廠 智慧環保節能工藝領先業界 投資聽股癌 品酩麥格瑞 主委懂喝專屬優惠碼 GOOAYE 全站88	https://player.soundon.fm/p/954689a5-3096-43a4-a80b-7810b219cef3/episodes/172695c1-254b-47d9-9e38-2e2950cbed05
313	2023-01-11	EP313 | 🐧	50.3	蜀中無大將 大家應該有發現很常跟善存合作，因為我自己也有吃善存， 覺得很不錯所以也願意推薦給大家。 善存是世界銷售第一的綜合維他命， 一錠補充22種人體必需關鍵營養素， 還有針對男女不同需求，獨特增量配方， 提升活力、保護力+，更添年輕光采！ 男性專屬配方有增量鋅*，維持生殖機能，增量維生素B1讓我更有活力！ 女性專屬配方有增量鈣、B1可以幫助入睡，增量維生素C幫助膠原蛋白形成^。 📣現在買有專屬優惠喔！還送高質感MOZ麋鹿經典對杯組 善存成人男女 https://reurl.cc/MXzx3m 銀寶善存男女 https://reurl.cc/ZbKNqp 🛒基礎系列成人綜合維他命，男女皆適用	https://player.soundon.fm/p/954689a5-3096-43a4-a80b-7810b219cef3/episodes/914cc1ce-9e24-4482-ba71-97960ae9c436
312	2023-01-07	EP312 | 🎠	51.0	號角可以先放旁邊預備一下了吧 主委換耳機，全家都開心！ 還在為了長時間戴耳機的悶熱不適感到困擾嗎？ 推薦【Oladance 開放式耳機 】同時享有劇院的細膩音質與大自然的舒適通透 由多名在 BOSE 等高端音響產業深耕 10 年以上的工程師開發設計，以舒適出發替你解決長時間戴耳機的悶痛感，簡單一「掛」就能輕鬆戴整天！搭配16.5mm 超大單體，整整比 Airpods 高出 3 倍，解放雙耳自在享受細膩有層次的震撼音質。 不用塞進耳道的開放式通透設計，就算帶秋口出去散步也不用擔心沒注意到旁邊的汽機車或行人經過，在家戴著也不會忽略小孩和老婆的召喚，想不到換一副耳機還可以讓全家都開心！更多細節看過來	https://player.soundon.fm/p/954689a5-3096-43a4-a80b-7810b219cef3/episodes/2b65cf8f-bb38-4384-ab1b-47fd71a023e6
311	2023-01-04	EP311 | 🎇	49.6	歪打正著 現在只要搜尋 nordvpn.com/gooaye 或到NordVPN官網輸入股癌的專屬優惠碼【gooaye】 就可以享受2年方案+贈送四個月 用平均一個月不到100元的價格取得VPN服務喔 #NordVPN 股癌傳送門：https://linktr.ee/gooaye -- Hosting provided by SoundOn	https://player.soundon.fm/p/954689a5-3096-43a4-a80b-7810b219cef3/episodes/fbe1f96a-9a13-4e0d-b301-a456fa076638
310	2022-12-31	EP310 | 又老一歲了ㄟ==	47.9	新年快樂~ 「給我 5 分鐘，環保茶包式咖啡全新上市」，全環保包材可以隔絕水分及空氣，讓新鮮烘焙咖啡研磨後還可以保持香氣，更在 2022 年取得了美國環保包材的 BPI 可堆肥認證。深焙 1 號主要調性為堅果以及巧克力，並帶有酒香尾韻，微微的苦甜味；中焙 3 號則以花茶為主要香氣，尾韻帶有花果茶感，現在「全家便利店」也買得到！ 即日起至 1/13，不用慢慢累積一整年，不用勞心勞力還貼錢，只要使用股癌「給我 5 分鐘」專屬跟團碼「GOOAYE5MIN」，不用累計消費 15,000 元，訂單全品項直接 75 折，還可揪親朋好友左鄰右舍，開啟史上最強團購模式！！！ 跟著股癌，上「給我 5 分鐘」官網	https://player.soundon.fm/p/954689a5-3096-43a4-a80b-7810b219cef3/episodes/c0d69b0c-43c3-4834-96ad-6d7979b777fb
309	2022-12-28	EP309 | 🛀	51.5	一偶一偶一偶一歐，上餐廳== 本集節目由LAC保健食品領導品牌贊助 睡前補充晚安配方-夜安眠粉與漢方養生的利普能，不僅能幫助入睡、還能安定神經，進而放鬆與更快入睡，享受深層休憩。 LAC全台50多家專賣店，提供各種高品質保健食品，維他命。LAC 您值得信賴的保健食品領導品牌 0800050668 歡迎蒞臨LAC全台門市只要說出通關密語『股癌優惠』 即日起至1/15利普能&夜安眠粉末〜特價優惠1件６折 股癌傳送門：https://linktr.ee/gooaye -- Hosting provided by SoundOn	https://player.soundon.fm/p/954689a5-3096-43a4-a80b-7810b219cef3/episodes/200c8de8-f58a-433d-b6d5-a961a8cb4d50
308	2022-12-24	EP308 | 🎄	49.9	🦌🦌🛷🎅🎁 🚩不只是桌遊，更是與世界接軌的起點！ 🚩實體桌遊＋100分鐘專業影音課程 【小富翁大贏家】培養財務眼光的第一套理財桌遊🎁 #1/22 前活動期間優於65折，輸入專屬優惠碼「股癌桌遊」 再優惠300元 詳細課程介紹：https://hi.sat.cool/PBBrg 股癌傳送門：https://linktr.ee/gooaye -- Hosting provided by SoundOn	https://player.soundon.fm/p/954689a5-3096-43a4-a80b-7810b219cef3/episodes/89ebc065-9d29-4c7f-ab08-1f5083fd947f
307	2022-12-21	EP307 | 🌨	52.4	海變 本集節目由 OVO 電視訂閱制 贊助 主委獨家：https://lihi1.com/hn2BX OVO電視訂閱制 以服務代替製造 - 超低月付、持續服務、期滿轉換、循環經濟。 55吋 QLED 4K電視，超低月付原價 799 元，早鳥價更是只要 499 元！訂閱週期 24 個月，免押金免預繳，還有 65吋電視、影音內容、加值軟體一站訂閱。早鳥優惠至12/30 止。 OVO QLED 4K百變電視，QLED 超廣色域，色彩鮮豔飽滿，畫質比一般電視鮮艷飽滿，更接近真實色彩。兩年期滿可自由選擇續訂、取消或升級新機，原機再續一年電視就是你的。 📢現在訂閱就送四季線上30天、FriDay影音30天	https://player.soundon.fm/p/954689a5-3096-43a4-a80b-7810b219cef3/episodes/ae2b2118-e7f3-4409-b926-787b74dfa83c
306	2022-12-17	EP306 | 🚗	51.8	馬老闆家的貨會增生賣都賣不完 新年禮盒推薦👉🏻https://bit.ly/3HALP0P 年末將至，今年辛苦了對自己跟家人好一點！ MIHONG® 2023年節伴手禮盒🎁#留言抽獎 【男性頂級保養PLUS禮盒-三大最佳後盾】 用最划算的組合買到超值健康❤️ 💪🏽司令B群 黑紅瑪卡 🔸專利祕魯95%高純度MacaPro黑紅瑪卡 體力UP！ 🔸酵母鋅與足量L-精胺酸 調節生殖機能，更加分。 🔸業界高標-兩顆膠囊2400mg濃縮瑪卡精華 💪🏽元氣滋補 顧甘寶 🔹專利靈芝子實體有助於滋補強身、能量充沛 🔹C3美國專利超級薑黃素，讓身體元氣滋補。 🔹蜆精粉、肝精 補給身體充足能量迎接彩色人生。 💪🏽守	https://player.soundon.fm/p/954689a5-3096-43a4-a80b-7810b219cef3/episodes/cd921c9c-e7f3-4677-bfa6-72dcfc2f3677
305	2022-12-14	EP305 | 🚲	51.6	企業版本 BNPL 現在只要搜尋 nordvpn.com/gooaye 或到NordVPN官網輸入股癌的專屬優惠碼【gooaye】 就可以享受2年方案+贈送四個月 用平均一個月不到100元的價格取得VPN服務喔 #NordVPN 股癌傳送門：https://linktr.ee/gooaye -- Hosting provided by SoundOn	https://player.soundon.fm/p/954689a5-3096-43a4-a80b-7810b219cef3/episodes/ca5abbe3-cd07-40d0-a9de-e3b2c5124613
304	2022-12-10	EP304 | 🤖	50.5	生產力新的拐點已到 邊看世足賽邊逛雙12來個年前補貨吧! 拜維佳momo雙12放福利! 優惠期間:12/10-12/16，拜維佳 30錠 2入組 原價$2,040 限時優惠領券即享 6折 $1,236 股癌聽眾期間加碼優惠: 滿2000贈送250mo幣 優惠連結：https://www.momoshop.com.tw/edm/cmmedm.jsp?npn=1vEJEqumMeQk&n=1 內審字號:CH-20221208-04 股癌傳送門：https://linktr.ee/gooaye -- Hosting provided by SoundOn	https://player.soundon.fm/p/954689a5-3096-43a4-a80b-7810b219cef3/episodes/5cbf3bfc-1646-4e19-8ecb-e43984cf17af
303	2022-12-07	EP303 | 🐕🌈💑	51.6	美林鐘 犀牛盾推出全新MagSafe兼容系列手機殼，除了必備的軍規防摔的保護力之外，經測試擁有原廠兩倍磁吸力，推出三種不同系列的手機殼，一體成型Solidsuit 防摔手機殼 、Mod NX邊框背蓋兩用手機殼，與終結黃化的Clear透明手機殼，使用MagSafe 配件如：車架、無線充電或磁吸卡夾皆能夠穩固吸附，不用擔心使用時會容易滑動、脫落！ 每一款手機殼都能搭配犀牛盾「固架」手機支架一起使用，共推出「固架MINI」和「固架MAX」兩種尺寸，皆有推出可重複黏貼上百次的版本而固架MAX也有推出支援MagSafe功能版本可供選擇，不論是手機殼還是固架系列，都提供上千種圖款與個人化設計服務，讓你風格	https://player.soundon.fm/p/954689a5-3096-43a4-a80b-7810b219cef3/episodes/44ddf350-5c13-4333-8700-5410f6d7f38c
302	2022-12-03	EP302 | 🕯️	50.1	司機啊！還有人沒上車耶 主委邀你一起香香過聖誕 VANA主委指定瑞典香氛專屬優惠碼GOOAYE 12/31前官網下單立享全站88折最低聖誕優惠 https://www.vanaliving.com 主委XMAS加碼活動: 1. 買一送一! 買任一單顆暖燈送瑞典蠟燭 2. 瑞典聖誕香氛慶! 各種禮物禮包優惠中 (優惠碼也適用折上折) 3. 瑞典蠟燭加購690起 4. 會員募集中 官網加會員領取100元購物金 訂單滿千現折抵 備註: 訂單單筆滿$1500國內免運 股癌傳送們：https://linktr.ee/gooaye -- Hosting provided by SoundOn	https://player.soundon.fm/p/954689a5-3096-43a4-a80b-7810b219cef3/episodes/8ceeae8e-d632-419a-b08d-f37104462ab9
301	2022-11-30	EP301 | 👨‍💻	51.9	J包一張口 機會自然有 #文末主委加碼 💻程式小白的最佳選擇，stanCode讓你愛上寫程式！ stanCode 是由一群充滿熱忱的 Stanford 台灣校友所創立的程式教育品牌，將全世界最頂尖的教育，內化為最適合台灣人的程式課！ https://stancode.tw/ https://www.facebook.com/stancode.tw 超過兩千位學員的超高評價： 🗣沒什麼缺點，缺點就是教太好！ 🗣上課舉例跟笑話都讓我狂笑，有時甚至笑到豬叫。 🗣上課內容永遠都是這麼的嗨、搞笑且有邏輯，讓剛下班的我完全不會睡著。 🗣到現在還是不懂怎麼會有人帶著廚具當教學道具，然後我竟然秒懂。 🗣謝謝天	https://player.soundon.fm/p/954689a5-3096-43a4-a80b-7810b219cef3/episodes/73331016-c555-4ac4-880a-8567fef382a8
300	2022-11-26	EP300 | ♻	50.1	穿過我的巴巴 【買iPhone14搭中華電信精采5G】 攜碼/購機，指定資費享多重優惠： (1) 贈＄2000Apple購物金 ，讓你輕鬆購AirPods (2) 舊機換新機加碼折$2000 ，最高可折破萬元 (3) 保護愛機必備手機保險AppleCare Services 年年換新一代iPhone (4) HiNet光世代500M客戶加碼折1,000元 (5) 花旗銀行、 中國信託獨享30期0利率 (6) APP Store行動帳單代付最高1,000元折抵＆購物金雙重送 (7) 首次升級iCloud 50GB方案享3個月免費 以上優惠至112.01.02 iPhone 14現貨這邊搶購＆每月	https://player.soundon.fm/p/954689a5-3096-43a4-a80b-7810b219cef3/episodes/e526fc9b-4edd-47de-aa2c-7b49305448f5
299	2022-11-23	EP299 | 🥢	49.5	不可能這麼硬吧 HAPPY WIFE,HAPPY LIFE 老婆開心,我就開心 台灣品牌,日系服務,最超值的鑽石,最划算的投資, 就在 #ALUXE亞立詩 台灣首席婚戒品牌 💎 門市隨時備有上千顆裸鑽 💎 上千款婚鑽戒供挑選 💎 全客製德國精品工藝acredo系列 💎 少女心爆棚迪士尼聯名婚嫁系列 💎 貼心外借求婚鑽戒與黃金套組 【#限定活動】即日起至12/31 即刻預約🔻下單前出示本篇貼文即贈珍珠耳環 https://aluxediamonds.com/iXKl9 即刻下單🔻輸入折扣碼【gooaye】享9折優惠 https://aluxediamonds.com/Ucz3b 【股癌聽眾限定加	https://player.soundon.fm/p/954689a5-3096-43a4-a80b-7810b219cef3/episodes/d5f4ffd5-62c8-4669-8f22-88294bf909fa
298	2022-11-19	EP298 | 🐳	54.8	一進門就給你暖心的問候 現在只要搜尋 nordvpn.com/gooaye 或到NordVPN官網輸入股癌的專屬優惠碼【gooaye】 就可以享受2年方案+贈送四個月 用平均一個月不到100元的價格取得VPN服務喔 #NordVPN 股癌傳送門：https://linktr.ee/gooaye -- Hosting provided by SoundOn	https://player.soundon.fm/p/954689a5-3096-43a4-a80b-7810b219cef3/episodes/cf46ecd3-8491-4f67-9d62-319af53f1a6f
297	2022-11-16	EP297 | 🐸	50.1	呱呱呱呱呱呱 【HC400EX益生菌】 💻 HC400 EX益生菌是由藝人陳昭榮代言以及親自監製，高達400億益生菌。挑選8種專利菌株，由亞洲唯一獲獎的專利共生發酵技術以及專利包埋技術。 11/16 - 11/30 活動期間最高現折$2640，所有組合免運費。 股癌聽眾專屬賣場：http://bit.ly/3TEwD50 ＃菌數達400億以上的益生菌 股癌傳送門：https://linktr.ee/gooaye -- Hosting provided by SoundOn	https://player.soundon.fm/p/954689a5-3096-43a4-a80b-7810b219cef3/episodes/d1660d6e-0556-43f0-bcd1-f493218b67e1
296	2022-11-12	EP296 | 🐺	50.0	serious recession - MUSK 今年下半年最強檔遊戲大作，Sony PlayStation 的 #GodofWarRagnarok《#戰神諸神黃昏》本週已在 PS5 與 PS4 平台推出。繼 2018 年拿下眾多年度最佳遊戲大獎與廣受好評的前作 God of War《戰神》後，這款續作將帶來北歐神話二部曲故事的完結篇章 。 芬布爾之冬來勢洶洶，奎爺克雷多斯和兒子阿特柔斯必須踏上旅程，走遍九界的每個國度尋找解答，與此同時，阿斯嘉特大軍也積極準備預言中將要終結世界的大戰。旅途上，父子倆將探索神話中瑰麗的景色，對抗北歐諸神和怪物等可怕敵人。諸神黃昏劫難迫近。克雷多斯和阿特柔斯在家人	https://player.soundon.fm/p/954689a5-3096-43a4-a80b-7810b219cef3/episodes/66c30ac4-6d53-4392-b83a-b644e8ba0d39
295	2022-11-09	EP295 | ₿	49.5	玩幣歸趙沒有在跟你543什麼有的沒的 全球NO.1維他命C 力度伸C+D+鋅組合雙11全年最優惠時段, 原價3,060, 即日起至11/12 直接55折1,674 , 下單再送時尚保溫杯與法蘭絨毯雙贈品。如果太晚聽到的來不及搶的不用怕, 主委特別跟廠商喬好優惠延長至11/15, 點連結免輸碼繼續享受雙11優惠價和雙重贈品 (數量有限, 搶完為止)優惠連結：https://www.momoshop.com.tw/goods/GoodsDetail.jsp?i_code=8289163 官網連結： https://www.redoxon.com.tw/ 粉絲團連結：https://www.face	https://player.soundon.fm/p/954689a5-3096-43a4-a80b-7810b219cef3/episodes/cd6ba89c-52a5-42e1-890d-dc823f152106
294	2022-11-05	EP294 | 🍹	49.5	推特ㄉ聽眾… 保重== 把握時間，存股本同時也要存「骨」本！💪 主委推薦【MIHONG®高機能海藻鈣Plus】 補鈣補健康，大人小孩都需要！👉https://bit.ly/3zA9nhx 「高機能海藻鈣Plus-手腳靈活の秘密」 #給你五大協作機能 🦴第一補鈣層－專利愛爾蘭海藻鈣，特殊結構好吸收 🦴第二鎖鈣層－專利植物維生素D3及K2，鎖住鈣更鞏固 🦴第三恆定層－鈣:鎂=3:1，平衡比例增加補鈣效率好 🦴第四打造層－專利寡多醣&益生菌，打造更好環境 🦴第五守護層－專利蛋殼膜與多種胺基酸，保護舒緩守住鈣質 🦴食在好安心－通過第三方重金屬嚴格檢測，無添加人工香料、人工甜味劑、防腐劑、漂白劑、保色劑	https://player.soundon.fm/p/954689a5-3096-43a4-a80b-7810b219cef3/episodes/17d788ce-9f98-4436-91c3-c9bc83741521
293	2022-11-02	EP293 | Josephine睡飽點好嗎==	52.0	聊一下一些均值回歸ㄉ 你有好好刷牙嗎? 🦷 牙齒的好壞其實是身體健康的關鍵，但往往最容易讓人忽略 尤其琺瑯質更是需要好好保養的 Dr. Wolff 根據仿生學原理研發BioHAP仿天然琺瑯質微粒成分 #讓你輕鬆你把琺瑯質刷回來 貝歐尼專業修護牙膏，解決你的牙齒敏感問題 Bioniq®貝歐尼專業修護牙膏-護齦加強配方 🦷含20%BioHAP仿天然琺瑯質微粒，形成牙齒的天然保護層 🦷添加乳鐵蛋白與玻尿酸，強化牙齦健康減少牙齦出血 🦷舒緩敏感性牙齒，護齦有感升級 Bioniq®貝歐尼專業修護牙膏-抗敏配方 🦷含20%BioHAP仿天然琺瑯質微粒，形成牙齒的天然保護層 🦷配合正確刷牙習慣，經科學證實可	https://player.soundon.fm/p/954689a5-3096-43a4-a80b-7810b219cef3/episodes/d86cf7b8-150e-49a7-af3b-b97bb7cc0d00
292	2022-10-29	EP292 | 🦴	56.3	A___A 【喜劇演員的幽默方程式】 💻https://go.sat.cool/4jhf85 博恩、喬瑟夫、賀瓏共同開設的第一堂喜劇演員的幽默方程式線上課程， 10/12 - 11/20 活動期間優於4折，輸入「股癌300」可以再折扣300元。 ＃即使不是喜劇演員，也能學會「好段子」、增加「臨場反應」、「生活應用」，一開口就能談笑風生。 ＃揭秘喜劇寫手如何觀察社會，訓練看事情的不同思維，提升腦袋靈活度，找出貼近真實生活且引發共鳴的方法。 股癌傳送門：https://linktr.ee/gooaye -- Hosting provided by SoundOn	https://player.soundon.fm/p/954689a5-3096-43a4-a80b-7810b219cef3/episodes/56ca6a34-89a9-4ea8-825f-d20ccc810155
291	2022-10-26	EP291 | 🧸	51.8	老鐵的苦日子 2022 大盤不振，市場再熊自己也要夠牛！ 用Zenyum綻雅隱形牙套投資你自己的牙齒省時、省力又省錢，不香嗎？ 想矯正卻不知要使用哪種牙套？ 諮詢牙醫後怕被市場上動輒20-30萬的隱形牙套品牌當盤子嗎？ 來自新加坡專業牙醫創立的 Zenyum 隱形牙套在台灣已紮跟三年 就跟投資一樣，每個人適合的工具都不一樣！ Zenyum綻雅主打💪 ✅ 隱形牙套系列全台均一價｜6萬 / 12萬不用再猜高低點 ✅ 3分鐘免費線上評估｜先評估再約診，1對1微笑專員線上協助 ✅ 專屬數位模擬動畫｜未來牙齒長怎樣直接看，滿意才付款😉 ⚠️ 注意看，這間廠商太狠了！ 透過下方連結進行免費線上評估，即可獲	https://player.soundon.fm/p/954689a5-3096-43a4-a80b-7810b219cef3/episodes/c0937105-bada-4b71-93eb-1561e0134788
290	2022-10-22	EP290 | 🕸	49.0	分享 Naval 的 tweets RHINOSHIELD犀牛盾一體成形全包覆式的SolidSuit 防摔背蓋手機殼設計，採用犀牛盾獨家材料ShockSpread™製成，打造優質的超越軍規落摔防護。今年材質改版再現，精準貼合機身且容易拆裝，特殊表面設計達到止滑效果與快速清潔的便利體驗。 今年除了經典款黑色、白色以及櫻花粉也推出療癒新色，循環灰、鈷藍、夕陽銅、鼠尾草綠與紫羅蘭等5款顏色，同時也加入可更換鏡頭框設計，掌握卓越的手感也兼顧個人風格的發揮巧思。 犀牛盾還有推出手機支架配件，犀牛盾「固架」系列採用獨家專利設計，一秒快速開合/站立，打破市面上手機支架結構限制，變化數種握法與站立角度，提供全	https://player.soundon.fm/p/954689a5-3096-43a4-a80b-7810b219cef3/episodes/2dc9a9cf-e40e-4fee-a8bd-6145c375a621
289	2022-10-19	EP289 | 🤡	48.9	網飛過動兒ㄟ== 讓我們熱列歡迎老乾爹～ 哈囉，我是江欣樺營養師，今年全新升級的300億機能益生菌是全台首創有「活菌充氮」的益生菌，這樣做可以有效提升41%的活菌存活率，給你真正的保！證！菌！數！ 出廠菌數破千億，保證菌數300億，讓你體驗到前所未有的排便順暢！ 輸入「gooaye」，滿2500現折150元，10/21 23:59 結束 https://tw01.co/主委限定優惠 FYI, 阿江以前只能折100元，這次可是讓步到150元了呢 股癌傳送門：https://linktr.ee/gooaye -- Hosting provided by SoundOn	https://player.soundon.fm/p/954689a5-3096-43a4-a80b-7810b219cef3/episodes/74419e4f-696b-4c5c-9c88-eef506a33fae
288	2022-10-15	EP288 | 🐔	49.6	可以兩天洗臉三次的嗎 豐存股，存永豐！#文末主委加碼 ▼超自由的定期定額平台-豐存股來了！▼ 超過100檔美股個股、ETF，選股好自由！ 美股買賣手續費和低收，交易好自由！ 超好用9天美股扣款日選擇，分散風險好自由！ (9天美股扣款日為每月3、6、9、13、16、19、23、26、29號) ▼月月抽iPhone14 Pro▼ 10-12月首扣或加碼豐存股3,000元以上，每月抽iPhone14 Pro 2名！ 再送限量！理財直播講座門票 優惠傳送門： https://dmp.sinotrade.com.tw/t/m9 ▼股癌主委加碼時間▼ 「癌大粉絲限定活動」開戶送幸福 新客戶用下方連結開戶完	https://player.soundon.fm/p/954689a5-3096-43a4-a80b-7810b219cef3/episodes/a2a6353c-b535-40fd-a734-6592d6ba8db8
287	2022-10-12	EP287 | 🛸	49.8	兩腿一懶 V-TEX防水鞋一鞋兩穿，為投資人開拓雙腳新領域 「Bright」系列靈活切換你的生活型態 突破的創新設計，官網獨家搶先上市！ 🔥高規格高機能，就由跑鞋外型Bright一鞋包辦🔥 1️⃣最強防水＋透氣排汗→乾爽通透一次到位 2️⃣雙鞋墊組合→上班通勤、休閒輕跑，自由調整 3️⃣高彈EVA全橡膠底→輕盈穩健，安心自在 4️⃣加厚型記憶泡棉→穩定支撐，完美包覆 5️⃣反光識別→白晝黑夜，展現迷人魅力 N0.1 超值3+1回饋 📣 1）官網下單 1雙即免運 2）會員享鞋類5%紅利回饋 3）註冊新會員100紅利現折抵 (1點1元) 💥加碼主委專屬優惠碼「GOOAYE12」再享88折優惠 更多	https://player.soundon.fm/p/954689a5-3096-43a4-a80b-7810b219cef3/episodes/98562819-27d3-43a9-ba22-a0b7d5b9e778
286	2022-10-08	EP286 | 🎂	47.6	馬詩客== 本集節目由 Cybex 贊助 最多世界知名人士使用推薦，全球獲獎無數的兒童用安全座椅來了！ 安全座椅不能單單只有測試通過 更要有全球各地最嚴格的獨立測試評比成績認證 CYBEX是唯一每一台安全座椅都經由ADAC認證，評比成績優異 買兒童安全座椅，CYBEX絕對是首選！ 買安全座椅不是在買洗脫烘洗衣機，一機到底好方便 孩子會長大，45公分到150公分，擠在一台安全座椅超不科學 但兒童安全座椅可以一次買齊，終身免煩惱 📢 CYBEX 10月婦幼月活動，安全座椅滿萬現折$500，最高折抵無上限！ 安全座椅和推車一起買，安全座椅更有9折優惠 ❤️ 下單直送到家，這兒手刀搶購：www.yid	https://player.soundon.fm/p/954689a5-3096-43a4-a80b-7810b219cef3/episodes/724575b3-a18e-4e50-80b7-fac670859ad1
285	2022-10-05	EP285 | 🦿	51.3	penpinappleapplepen 本集節目由三五生技贊助 久沒有鬆開來的感覺? 那你是否有想過體內火氣可能是痠澀元凶？ 忙著盯盤、追著股市上上下下，久坐操盤導致全身這裡痠、那裡緊繃? 交給三五生技兩大舒緩神器，幫你有感放鬆！ ✨業界第一瓶【調養系葉黃素】✨ 小護適葉黃素｜線上訂：https://reurl.cc/NRy7xx 內退火外補給，有效舒緩放鬆，讓你保水潤澤，晶亮有神 從源頭調養🔸裡應外合新觀念🔸 內👉決明子x朝鮮薊 x 葉下珠⚡降火疏通 外👉葉黃素x玉米黃素x黑醋栗⚡效率補給 📍草本植萃、純素可食 ✨一抹即鬆【雲朵鬆鬆膏】✨ 雲朵鬆鬆膏｜線上訂：https://reurl.cc	https://player.soundon.fm/p/954689a5-3096-43a4-a80b-7810b219cef3/episodes/e7c025b4-ffa5-4999-bee5-0f1b1547e311
284	2022-10-01	EP284 | 🐛	50.0	T-800 來了 現在只要搜尋 nordvpn.com/gooaye 或到NordVPN官網輸入股癌的專屬優惠碼【gooaye】 就可以享受2年方案+贈送四個月 用平均一個月不到100元的價格取得VPN服務喔 #NordVPN 股癌傳送門：https://linktr.ee/gooaye -- Hosting provided by SoundOn	https://player.soundon.fm/p/954689a5-3096-43a4-a80b-7810b219cef3/episodes/bfadef44-4e8d-466d-8c8c-1753820c1bf1
283	2022-09-28	EP283 | 🦛	47.2	本月市場熱門字：美元定存 Alto 是專注於蘋果產品的台灣皮革配件品牌，採用來自義大利細緻手感的頭層皮革，以簡潔優雅設計來手工打造 iPhone 皮革手機殼、Apple Watch 皮革錶帶、AirPods 皮革保護套等產品。 Alto 為 iPhone 14 打造全新的全包覆式皮革工法，除了原有的防摔、插卡、磁吸功能以外，將掛繩進化為可拆換式，使減壓掛繩可使用在不同手機殼上，實現讓雙手自由。Alto 也將皮革削薄至 0.5mm，保留溫潤皮革手感，兼俱功能性的同時也讓手機不再厚重。 此次也推出迪士尼授權款式，將經典的迪士尼角色烙印在義大利皮革上，烙印的圖案不會脫落也不會褪色，並能隨著皮革一同變	https://player.soundon.fm/p/954689a5-3096-43a4-a80b-7810b219cef3/episodes/a336411d-b15e-482c-b6bb-d25e7be55bfc
282	2022-09-24	EP282 | ⚾	49.8	地表最大莊家很懂玩 本集節目由 Dr.情趣❤️台灣第一情趣用品領導商城 贊助播出 要買玩具就找Dr.情趣 這次帶來全新的商品「特濕拉｜自動衝撞智能脈衝按摩棒」，希望造福廣大的女性同胞，有了特濕拉，讓你一路濕噠噠 快點擊以下連結 https://drqqtoys.tw/gooayetasla （未滿十八歲請勿進入） --------- 股民享優惠 結帳輸入大寫【GOOAYE】即享全館買千折百 滿1千折1百，滿2千折2百，滿3千折3百…以此類推 最高折9百！ 一樣來抽獎！Dr.情趣提供三組「主委專屬大禮包」 （內容物：特濕拉按摩棒+台灣製水性潤滑液150g+玩具清潔組+超隱密收納袋） 抽獎方法：T	https://player.soundon.fm/p/954689a5-3096-43a4-a80b-7810b219cef3/episodes/9c66b60b-34dd-43c4-b5e9-5def0802140f
281	2022-09-21	EP281 | 🧞‍♂️	52.2	最大莊家要開牌了 主委No.1推薦 善存、銀寶善存男女性綜合維他命 一錠補充22種人體必需關鍵營養素， 還有針對男女不同需求，獨特增量配方， 提升活力、保護力+，更添年輕光采！ 男性專屬配方💪 ⭐️增量維生素B2、E*：維持皮膚健康，從頭開始 ⭐️增量鋅*：維持生殖機能，天天好幸福 女性專屬配方✨ 💝增量鈣、B1：幫助入睡，天天睡好美容覺^ 💝增量維生素C：Q彈好氣色^🙆‍♀️ 就讓善存，幫你投資健康👍 📣 9/21一日限定超優惠，快手刀搶購！https://reurl.cc/1mOVdG 🛒為最愛的家人，存好每日的健康：https://reurl.cc/leNYmQ 滿額就送7-11商品卡！	https://player.soundon.fm/p/954689a5-3096-43a4-a80b-7810b219cef3/episodes/83f74b79-495b-4975-92b8-7fa6254ab605
280	2022-09-17	EP280 | 🌮	51.0	大哥沒有輸… 現在只要搜尋 nordvpn.com/gooaye 或到NordVPN官網輸入股癌的專屬優惠碼【gooaye】 就可以享受2年方案+贈送四個月 用平均一個月不到100元的價格取得VPN服務喔 #NordVPN 股癌傳送門：https://linktr.ee/gooaye -- Hosting provided by SoundOn	https://player.soundon.fm/p/954689a5-3096-43a4-a80b-7810b219cef3/episodes/259f3eda-d550-4407-ae43-b0f857ff2b8c
279	2022-09-14	EP279 | 🌞	45.7	升！ 國票下單，出國簡單 #文末有驚喜 10萬可樂旅遊金送給你！ 電子下單首選＆好用電子平台 ▼國票證券 新戶好康限定優惠▼ 開戶馬上送500元抵用金 完成下單再送200元全家購物金 交易滿額週週抽好禮，下單越多中獎機會越大 每下單成交累積滿10萬獲得1次抽獎機會，每週抽出 10 名 1,000 元 可樂旅遊金 超級大獎 - 10 萬元可樂旅遊金 每下單成交累積滿10萬獲得1次抽獎機會，活動結束後抽出6名 10 萬元可樂旅遊金 超低手續費優惠：線上開戶即可參與額外優惠活動，不限交易量，皆享手續費優惠 優惠傳送門：https://ibfs.me/bk07Mqjvb ✨ 主委額外福利✨ 「國票下單	https://player.soundon.fm/p/954689a5-3096-43a4-a80b-7810b219cef3/episodes/adf9530b-011e-492c-bb44-3d7e343c28a9
278	2022-09-10	EP278 | 🛰️	50.4	宇宙水果 本集節目由聯悦建設贊助 台中新灣區，最有國際味的建築來了！ 第一次，國際級建築登陸台中新灣區 引領千坪TSUTAYA BOOKSTORE進駐 國際知名日系書店，移植日系質感商圈 獨獻灣區，聯名國際巨匠 日本當代建築大師•團紀彥 國際精品合作藝術家•范承宗 集結大師級團隊，打造世界級建築 2+1~4房，以閱讀改變文化的國際級寓所 聯悦馨FRAGRANT WORLD．9/17盛大公開！ https://ssur.cc/4JBZs4ENe 引薦人記得填寫股癌！ 聯悦馨｜30～62坪｜2+1~4房 接待中心：梧棲區大仁路與四維路口 預約專線：04-2656-8736 股癌傳送門：https:	https://player.soundon.fm/p/954689a5-3096-43a4-a80b-7810b219cef3/episodes/f986f89c-477c-4906-8e7b-2de72974c6c6
277	2022-09-07	EP277 | 🦇	54.5	蝙蝠吃水果 9/7-9/14 momo 拜維佳維他命b群發泡錠60錠組合 原價1900元 主委活動期間特別優惠 63折 1200元, 股癌聽眾點連結領取專屬折價券再享驚喜折扣 優惠連結：https://www.momoshop.com.tw/edm/cmmedm.jsp?npn=1vEJYcGIJZa2&n=1 官網連結： https://www.berocca.com.tw/ 粉絲團連結：https://www.facebook.com/BayerHealthStation 內審字號: CH-20220831-11 股癌傳送門：https://linktr.ee/gooaye -- Host	https://player.soundon.fm/p/954689a5-3096-43a4-a80b-7810b219cef3/episodes/bc7a65bc-40c5-4689-abf6-e8bb231fd8c8
276	2022-09-03	EP276 | 🦡	37.5	貿易戰2.0？ 李國毅代言 Let Go！ HGP控油精油洗髮露 購買連結：https://islounge.cc/jb9Yx Let go！拿回頭皮主控權！擺脫惱人的油頭，告別雪花紛飛、頭皮空洞的困擾，自由解放髮根輕盈。 四強聯手，在家洗頭就像高級SPA，最懂頭皮的香氛洗護髮專家，今夏必須擁有！ 1．採用歐盟Ecocert指定的三大起泡系統，同時添加最親膚的胺基酸起泡，友善環境溫和洗淨的好泡泡。 2．英國IFA認證調香師製別調配的精油配方，內含晚香玉、、鷹草永久花、義大利永久花、等10種高級SPA自然精油香調。 3．植髮醫師陳詠婷指定愛用的洗髮聖品，髮密的關鍵: ✔️日本專利 HGP :活化	https://player.soundon.fm/p/954689a5-3096-43a4-a80b-7810b219cef3/episodes/a4a130e1-42cd-4a7d-9ecc-81c687d9d261
275	2022-08-31	EP275 | 🥑	51.0	好用ㄉ工具 養股，也要養好菌！ 五星推薦【MIHONG®高效益生菌Plus】 順暢身心 大人小孩都愛！👉https://lihi1.com/nMpPA 「高效益生菌Plus -每天順暢無阻」 🔸多口味任搭- 🍼經典無調味-來自最純淨的細膩，小朋友最愛！ 🍫濃郁可可-濃郁自舌尖蔓延，與奶香融為一體！ ☕️香醇奶茶-細膩迷人風味，擁有柔順優雅口感！ 🔸升級18菌株－增量20%菌株多元菌株更豐富！ 🔸益菌軍團－每盒就有6000億菌數， 增量100%，滿足每日所需！ 🔸自然飲食－專利雙百大野菜蔬果，補充豐富的蔬果精華，吃得到的健康！ 🔸兩大少負擔－低脂、0鈉，健康少負擔 🔸業界高標準-通過SGS大腸桿	https://player.soundon.fm/p/954689a5-3096-43a4-a80b-7810b219cef3/episodes/340cdd1b-5b7f-4a67-b738-7a6a4238cf07
274	2022-08-27	EP274 | ♨	52.9	市場生存補給包 夏日長時間戶外曬太陽、久坐冷氣房， 忽略補水的重要，就會導致肌膚乾燥脫屑、黯淡無光 、細紋樣樣來！ BFFECT 懶人早晚補水神器 ☀【水水瓶】🌙【爆水瓶】 添加低、中、高分子量玻尿酸，長效保濕深層補水， 好吸收不粘膩，更讓你維持一整天的水嫩Q彈 《BFFECT 股癌專屬6入組合必買推薦》 🔹主委保濕大補帖 ↘ 79折 原價1920 最終價 1470 現省450 🔹控油抗痘ETF組 ↘79折 原價2300 最終價 1717 現省583 🔹美白ETF組↘79折 原價​​1980 最終價 1464 現省416 ※專屬優惠連結：https://bfc.cool/Ge5rg ※單筆滿2	https://player.soundon.fm/p/954689a5-3096-43a4-a80b-7810b219cef3/episodes/87eb0cda-7f57-4406-8f5a-c6e2a4899d15
273	2022-08-24	EP273 | 👾	52.5	募資奇才ㄟ 現在只要搜尋 nordvpn.com/gooaye 或到NordVPN官網輸入股癌的專屬優惠碼【gooaye】 就可以享受2年方案+贈送四個月 用平均一個月不到100元的價格取得VPN服務喔 #NordVPN 股癌傳送門：https://linktr.ee/gooaye -- Hosting provided by SoundOn	https://player.soundon.fm/p/954689a5-3096-43a4-a80b-7810b219cef3/episodes/f40e886f-2deb-4e49-9c02-aebee1ed02ed
272	2022-08-20	EP272 | 👻	46.4	迷因雙本柱先後都跳車散戶頓失依靠 夏天又油又濕又燜，戴著口罩痘痘天天都在臉上開派對。 你是不是也怕肌膚用了抗痘產品反而爆更多痘？！ 【戰痘瓶】Acno 敏感肌抗痘精華 由皮膚科醫師共同研發再加上『無酸配方』，幫你溫和擺脫痘花臉的煩惱！ 《BFFECT 股癌專屬6入組合必買推薦》 🔹控油抗痘ETF組 ↘79折 原價2300 最終價 1717 現省583 🔹美白ETF組↘79折 原價​​1980 最終價 1464 現省416 🔹抗老美白安太座組 ↘ 79折 原價3000 最終價 2270 現省730 ※專屬優惠連結：https://bfc.cool/5Xa7c ※單筆滿2000 隨貨贈 五百元85	https://player.soundon.fm/p/954689a5-3096-43a4-a80b-7810b219cef3/episodes/b4905100-5419-4068-9824-77fa5601aeba
271	2022-08-17	EP271 | 🦘	49.8	一堆機構趁反彈拋掉中概ㄟ 白天看台股，晚上盯美股，活力補給不被嘎爆，從早到晚打拼跟盤就交給克補 男性配方克補加鋅加強錠，2倍B群*加鋅，不只好體力，還有助維持生殖機能 女性配方克補加鐵加強錠，2倍B群*不只好活力，更能一次滿足好氣色、好Q彈、抗氧化三個願望^ 投資佈局聽股癌，看盤好精神起手式先吃克補 點進資訊欄連結克補MOMO賣場，股癌專屬五星推薦特談價現在買最划算 https://bityl.co/DDFT *與克補+鋅錠/克補+鐵錠相較, 維生素B12 含量為11.7倍, 維生素B2為3倍,維生素B1及B6為1.8倍 ^鐵 構成血紅素的重要成分，幫助氣色紅潤；維生素C 促進膠原蛋白形成；維	https://player.soundon.fm/p/954689a5-3096-43a4-a80b-7810b219cef3/episodes/7fecba44-0589-4bb9-8fba-9163a61a3579
270	2022-08-13	EP270 | 🦏	53.1	這三年的課題就叫做均值回歸，這次不一樣的機會很小很小 聰明投資健康。入場愈早收益愈高就選 💯FJ豐傑生醫712D益生菌，唯一提供保證2年250億保證活菌數 ⛔️拒絕香料、甜味劑、糖粉調味 ⛔️拒絕模糊不清、標示不明的死菌 ✔️100%零添加，國際A.A.無添加潔淨驗證 ✔️吃起來鹹鹹的益生菌才是好的益生菌 👍 出廠菌數1700億，SYNPACK®專利製程，保證2年250億菌數不減滅 👍 台灣得到最多專利、認證及獎項的益生菌，總共有65項以上 👍 專利包埋配方比例劑型，耐胃酸膽鹼 👍 百分百全桿菌，7天幫助排便超有感 💯一檔超強全能膠囊ETF 把日常所需維生素全包了！ 維生素A-E加好加滿到衛服	https://player.soundon.fm/p/954689a5-3096-43a4-a80b-7810b219cef3/episodes/b61a059f-10e4-4a0a-8fbc-42d815bc1e96
269	2022-08-10	EP269 | 🦦	50.4	美光又來幫忙測底，老黃在旁添柴 本集節目由水果豬高級進口水果店贊助 長野須高麝香葡萄 快速下單連結 https://www.fruitpigs.com/grape?product_id=8 水果豬高級進口水果店官網 https://www.fruitpigs.com/ 水果豬官方IG連結 https://www.instagram.com/fruit.pig/ 水果豬官方Line@連結 https://lin.ee/3zTZrjI 有任何問題或需要服務的地方，歡迎私訊官方IG小盒子，或官方Line@ 將有專人為您服務 股癌傳送門：https://linktr.ee/gooaye -- Host	https://player.soundon.fm/p/954689a5-3096-43a4-a80b-7810b219cef3/episodes/c2f96f13-6cb8-4eb6-831b-80a72c5442ff
268	2022-08-06	EP268 | 🦎	50.0	難道只有我覺得 對只有你 🎉熱銷千盒 王者回歸🎉 主委五星推薦【MIHONG®司令B群黑紅瑪卡】 滋補強身又助提神連結👉 https://lihi1.com/fb1N4 「司令B群黑紅瑪卡-體力精力不間斷」 🔸專利祕魯95%高純度MacaPro黑紅瑪卡 男女適用 體力UP！ 🔸600%高濃縮技術萃取 吸收UP！ 🔸酵母鋅與多項草本精華 調節生殖機能，旺盛加分。 🔸足量L-精胺酸，幫助增強體力，促進代謝。 🔸業界高標-兩顆膠囊2400mg濃縮萃取瑪卡精華 🔸品質高標準-七大無添加 通過SGS重金屬、365項西藥檢驗。 特別推薦給白天容易精神不濟的上班族、行程滿滿的業務、長途開車、日夜輪班 需要體	https://player.soundon.fm/p/954689a5-3096-43a4-a80b-7810b219cef3/episodes/6b05baa8-cc03-465d-bf6d-229ae5a187bf
267	2022-08-03	EP267 | 🐼	52.1	世界真大R 本籍節目由 We Charming 唯睛品 贊助 購買連結：https://we-charming.com/DQGVV 🔥享吃就吃 72%機能巧克力🔥 三道防守 化身吃貨女神守住你的完美體態 #告別腫腫 ✅提升身體代謝率 ✅加強調節 幫助維持消化道機能 ✅改變細菌叢生態 有效瓦解 👉來自專門生產多酚類的法國保健食品企業Fytexia大廠 的專利成分Sinetrol，具有脂解活性成分的組合及應用 股癌傳送門：https://linktr.ee/gooaye -- Hosting provided by SoundOn	https://player.soundon.fm/p/954689a5-3096-43a4-a80b-7810b219cef3/episodes/4a167951-7f0f-485d-b290-429f48669418
266	2022-07-30	EP266 | 🦥	51.3	是誰出脫美股了== 本集節目由【 超級數字力｜一生受用的財務思維 】贊助 🔥超過14000學員一起加入的五星好課，最好懂的財務思維課 #限時優於8折🔥 🚩運用財報，投資避免陷阱、降低風險，找到真正會賺錢的的公司 學員A：「很有趣，看完馬上把幾家不怎樣的 #股票趁小賺出場，感謝老師大方分享！」 學員B：「老師的解說讓我這剛投資不久的小菜雞，了解很多財經知識對 #未來選股會更有信心！」 🚩林明樟 MJ老師 #教學財報超過十年的頂級職業講師 超級數字力 兩天一夜實體課原價近6萬元，數年場場爆滿。 實體課授課學員超過2萬人，涵蓋 企業主、高階主管、創業家、醫師、律師等。 🌟給 公司經營者、中高階管理者	https://player.soundon.fm/p/954689a5-3096-43a4-a80b-7810b219cef3/episodes/c0581c09-fad9-4b29-8637-5d63410e3dfc
265	2022-07-27	EP265 | 🐂	48.9	買方資金越想越不對勁 本集節目由【YODEE 優迪】與【房裡無蟑 殺蟑魔粒】贊助播出 當你看到一隻蟑螂，代表家中暗處已入住數百隻蟑螂！ 百萬網友好評不斷的 #房裡無蟑#殺蟑魔粒 讓你與小強無痛說ByeBye。 首創0.005%超低劑量延遲蟑螂死亡時間，讓蟑螂把毒性帶回巢，將蟑螂本人屍體變成蟑螂藥，利用蟑螂吃彼此同伴屍體的特性，達到區域「連鎖殺蟑」。 → 主成分芬普尼，蟑螂抗藥性低 → 殺蟑效果長達6-9個月 → 施藥不沾手、餌劑不留痕跡 → 顆粒餌劑，真正深入陰暗細縫處 百萬網友，親身實驗有感分享，好操作，效果好，原本家中一堆蟑螂亂竄，用了房裡無蟑，殺蟑威力真的很神！施藥後，你會發現蟑螂越來越	https://player.soundon.fm/p/954689a5-3096-43a4-a80b-7810b219cef3/episodes/78ecd096-3f90-4c9a-bea8-9483ad0eb244
264	2022-07-23	EP264 | 🐎	50.8	賣車仔持續交出好成績 父親節快到了，是時候該好好犒賞自己/另一半/老爸了！😎 主委健康首選 善存/銀寶善存50+男性綜合維他命 就讓善存成為爸爸們的靠山，一起保持年輕光采 善存男性綜合維他命，是獻給男性的專屬配方 ⭐️增量維生素B2、E*：維持皮膚健康，從頭開始 ⭐️增量鋅*：天天好幸福 ⭐️增量B1*：更有活力 顧好家人的同時，也別忘了愛護每天忙碌的自己！ 📣現在買銀寶善存50+男女性綜合維他命，有主委專屬優惠喔！ https://bit.ly/3cEcrAM 👉善存男女性綜合維他命來這買↓ https://bit.ly/3z40uLU *本品與善存成人綜合維他命錠相比，增量維生素B2、E、	https://player.soundon.fm/p/954689a5-3096-43a4-a80b-7810b219cef3/episodes/dbfc0409-95ff-4aff-8597-b641dc6ffe9c
263	2022-07-20	EP263｜🦆	48.9	回到ㄌ壓力 投資股市，別忘了投資你的生活！ OVO K3 智慧投影機旗艦款 是一款外型時尚輕巧，具備高性能、高亮度、高畫質的旗艦高階款智慧投影機，提升生活品質這種錢花下去就對了！ 去年12月一上市就售罄，全通路歷經5個月等候，現在終於到貨了！OVO K3去年售價$27,980，今年強勢回歸只要$24,980，再送 4 大好禮，立即上 @OVO 官網了解詳情。 「娛樂指數天天漲停，五星推爆⭐️⭐️⭐️⭐️⭐️」 ✨高畫值＋高亮度｜不用關燈拉窗簾 ✨5W+5W震撼音效｜可直接拿來當藍牙音響用 ✨200吋大畫面｜小房間瞬間升級家庭劇院，看影片更過癮 ✨漫反射護眼｜減少眼睛疲勞，維護視力健康的首選 ✨	https://player.soundon.fm/p/954689a5-3096-43a4-a80b-7810b219cef3/episodes/1cd9f058-6a9d-4520-a34c-cf4930c15303
262	2022-07-16	EP262 | 🌳	52.7	糖漿一如往常短線還是滿有用的，後面ㄋ？ 本集節目由國泰證券贊助 利用國泰證券定期定額投資，分批投入、平均成本且適當分散風險。 標的多元且日日扣服務讓投資更彈性，每個月只要1千元就可以輕鬆投資！ 8/16前透過主委專屬連結完成開戶，即可獲得粉絲專屬開戶禮7-11商品卡100元，9/30前完成1筆定期定額交易還可以再獲得100元，等於輕輕鬆鬆就可以賺到200元 立即登錄活動：https://cathaysec.tw/N7w3jY 股癌傳送門：https://linktr.ee/gooaye -- Hosting provided by SoundOn	https://player.soundon.fm/p/954689a5-3096-43a4-a80b-7810b219cef3/episodes/7249d761-03ad-490a-8851-ad78d52de7c3
261	2022-07-13	EP261｜🥞	53.2	國安感冒藥又拿出來喝了 風險控管靠股癌，頭皮控管靠森歐黎漾 夏季酷暑熱到炸，搔癢頭皮屑大爆發 快試試「淨平衡茶樹抗屑洗髮精」 雙重抗屑成分X天然茶樹精油 皮屑搔癢先止停，髮根蓬鬆秒回升，潔淨無屑打造清爽魅力！ 洗髮精可任選「控油止癢款」或「勁涼蓬鬆款」 現在還推出環保大容量1000ml喔！ 即日起至2022/08/14止 官網結帳輸入主委專屬折扣碼GOOAYE 可享最高$250折扣 7/18前再享LINE Pay 14%回饋 森歐黎漾官方旗艦館🡪 https://mwf.one/Cu6vC MOMO購物網🡪 https://mwf.one/eNPX5 森歐黎漾蝦皮旗艦店 請至我的-優惠券輸入折	https://player.soundon.fm/p/954689a5-3096-43a4-a80b-7810b219cef3/episodes/80a59d57-ad0c-4198-bba3-515fdafd754d
260	2022-07-09	EP260 | 🪐	49.1	一倍的痛苦不夠就多倍 現在只要搜尋 nordvpn.com/gooaye 或到NordVPN官網輸入股癌的專屬優惠碼【gooaye】 就可以享受2年方案+贈送一個月 用平均一個月不到100元的價格取得VPN服務喔 #NordVPN 股癌傳送門：https://linktr.ee/gooaye -- Hosting provided by SoundOn	https://player.soundon.fm/p/954689a5-3096-43a4-a80b-7810b219cef3/episodes/66fb6831-4e1b-4eab-9cef-d6bbbe25fc12
259	2022-07-06	EP259 | 🦕	52.6	昨日美股：／ 今日台股：＼ 時間總是不夠用不斷地忙碌，忙碌讓你變成外食族，你需要幫助！ 善存3效順暢益生菌，每天一包幫助消化、好順暢、提升保護力* 只有今天，在momo購買善存3效益生菌2盒，加碼贈送星巴克百元禮券與牙周適固齒護齦小牙膏 📣主委優惠在這裡：https://reurl.cc/M0QoKL 詳細優惠請參考網站 *改變細菌叢生態、維持消化道機能、調整體質 *本文由GSK贊助PM-TW-CNT-22-00198 對於善存產品有任何疑問，請撥打消費者免費專線 0800-212-259 股癌傳送門：https://linktr.ee/gooaye -- Hosting provided b	https://player.soundon.fm/p/954689a5-3096-43a4-a80b-7810b219cef3/episodes/fc4eba86-2cdf-4b8b-966d-77b7a39a9cb4
258	2022-07-02	EP258 | ㄨㄨㄉ	52.0	真ㄉ怕了 本集節目由【YODEE 優迪】與【L’Ange 棉之境】贊助 你在還用不易乾、越洗越硬或是容易散發出臭臭霉味的浴巾嗎？ L’Ange 棉之境 純棉紗布巾系列，尺寸多、規格多、用途廣，不只呵護嬰兒，大人也好好照顧，有包巾、浴巾、蓋毯、超萬用小方巾、枕巾、擦髮巾等品項，全家大小都適合。 ✔️ 100%天然純棉，不含人造纖維、柔軟劑、甲醛、螢光劑等物質 ✔️「抗菌包裝」使用前不需清洗，隨開即用 ✔️ 特殊織法，吸水又快乾，越洗越柔軟 ✔️ 生產工廠通過美國FDA與歐盟一類醫療用品認證 趁現在把家裡的浴巾、毛巾換一波，不只嬰幼兒必備，成人也適用，貼身用品就是需要這樣的好品質。 即日起到8/1	https://player.soundon.fm/p/954689a5-3096-43a4-a80b-7810b219cef3/episodes/323586bc-dacf-4c88-89a5-5ea611cd4b49
257	2022-06-29	EP257 | 👨‍🌾	47.9	又被騙ㄌ 歐克威爾週年慶 現在買最划算 #聽眾專屬加碼#限時折100 天天刷牙像打仗?忍術讓孩子愛上潔牙術 https://bit.ly/3xuLR51 台灣唯一上市櫃的口腔保健品牌歐克威爾 讓有專利的口腔保健品牌守護全家人的健康 任何年齡層，從新生兒到成人都可以找到合適的口腔保健產品! 無添加、不添加防腐劑、三氯沙、氯己定、不含有害化學成份 蠶豆症寶寶也可以安心使用👍 🔰全球獨家專利P113+抗菌胜肽🔰 ✅食品級配方，誤吞不擔心 ✅ 可以抵抗超過40多種細菌 ✅ 通過美國FDA二期臨床、SGS試驗，安全、安心 ✅口味溫和100%不嗆辣 主委推薦➡️「新生兒口腔清潔組」 嘴下留手救星，奶睡寶寶	https://player.soundon.fm/p/954689a5-3096-43a4-a80b-7810b219cef3/episodes/c9a7bacb-b55c-4ae7-82aa-8f7925236cb5
256	2022-06-25	EP256 | 🌠	50.0	扁掉ㄉ多軍號角發出了細微的聲響 Hero線上英語課程為VoiceTube其中一款產品，擁有三大特點 1.影片情境學習，多元活潑題材 囊括多元主題影片並深入解析，透過情境主題，學習如何運用相關單字、片語、互動對話語句 。 2口說AI語音分析，為生活對話打下扎實基礎 單句口說練習針對發音技巧講解，給予口說精準與流暢度的語音分析與回饋。 3.獨特AI智能推薦系統 智能即時調整個人課程難度，藉此找到最適合學員的學習步調。 6/13-6/30 VoiceTube推出新一輪的「Hero零元挑戰」，現在是最後倒數五天 只要每週上四堂課即能全額退費，已有萬名用戶零元挑戰成功，培養定期學習的好習 」慣，挑戰成功	https://player.soundon.fm/p/954689a5-3096-43a4-a80b-7810b219cef3/episodes/25302eb4-8de2-4ca3-9527-28e2e1267925
255	2022-06-22	EP255 | 😇	52.8	聊一下一些規劃 本集節目由 # Sony WH-1000XM5 無線主動式降噪藍牙耳機贊助 戴上 Sony WH-1000XM5，任何時間、任何地點，進入只屬於你的世界！ 是喜愛高品質以及有品味的你在”科技與設計”間尋求平衡的首選藍牙耳機。 ⊚ 業界領先* 降噪技術 ⊚ iPhone、android 都能聆聽的真實高音質 ⊚ 同時與兩個藍牙裝置配對 ⊚ 柔軟貼合皮革：減低耳周壓力，適合長時間配戴 ⊚ 長效續航：最長 30 小時 (降噪功能開啟)，最長 40 小時 (降噪功能關閉)，支援快速充電 *截至 2022 年 1 月 1 日，根據 Sony Corporation 依照電子資訊技術產業協	https://player.soundon.fm/p/954689a5-3096-43a4-a80b-7810b219cef3/episodes/4b99b7a3-935c-468f-a4ef-416069410864
254	2022-06-18	EP254 | 🐌	44.2	台灣跟進半碼拉 momo促銷優惠拜耳保健室 活動期間 6/18-6/25 MOMO限量力度伸C+D+鋅 柳橙口味 30錠 3入組 55折 $1,575, 領股癌專屬折價券再折到廠商最後一道防線 全站滿1,200 再送品牌質感運動水壺x1 (限量) 優惠連結：https://www.momoshop.com.tw/edm/cmmedm.jsp?npn=1vEJYcGIJZa2&n=1 官網連結：https://www.redoxon.com.tw/ 內審字號: CH-20220609-50 股癌傳送門：https://linktr.ee/gooaye -- Hosting provided by	https://player.soundon.fm/p/954689a5-3096-43a4-a80b-7810b219cef3/episodes/285bda6e-77a4-4420-bb9e-fc2b6209f42e
253	2022-06-15	EP253 | ©️	51.9	跟著卓卓一起空 忙碌上班外食族、追求美食族、媽媽擔心寶貝保護力? 善存3效順暢益生菌，每天一包助消化、好順暢、提升保護力 6/15-6/21品牌聯慶, 最高送15%mo幣, 善存3效順暢益生菌買4送1, 加碼再送樂扣樂扣不鏽鋼保鮮盒 📣主委專屬優惠在這裡：https://bit.ly/3zrSKpd *改變細菌叢生態、維持消化道機能、調整體質 *本文由GSK贊助 PM-TW-CNT-22-00150 股癌傳送門：https://linktr.ee/gooaye -- Hosting provided by SoundOn	https://player.soundon.fm/p/954689a5-3096-43a4-a80b-7810b219cef3/episodes/6beedd59-26e4-49a3-8f32-0d6f0ed497d3
252	2022-06-11	EP252 | 🏕️	51.5	新一波的試煉再臨 投資懶人生活，穩賺不賠📈 罩咖廚餘機👉 https://r.zecz.ec/jfmj 投資、婚姻卡要緊，還在下樓到廚餘?🥴🥴 你知道嗎？廚餘機早已被列入2022夢幻家電清單！不管你是上班族、電玩族、人夫族、小家庭、投資人，只要擁有他，從此不用下樓倒廚餘，廚餘通通給他丟進去，一鍵自動變肉鬆（乾燥碎屑），還你一個沒有果蠅的清爽環境！從現在起停止為了誰倒廚餘而爭吵，主委：維繫家庭和諧這種錢花下去就對了！ 「ZHAOKA地表最強，五星推爆⭐️⭐️⭐️⭐️⭐️」 從各種廚餘機中嚴選出處理效果最好的“烘乾式廚餘機”，再依照普遍台灣家庭的用餐習慣，針對容量、功能、安全進行升級，搭載眾多獨家	https://player.soundon.fm/p/954689a5-3096-43a4-a80b-7810b219cef3/episodes/93d15521-f49c-42db-a055-0e59ee7c2027
251	2022-06-08	EP251 | 🍏	49.7	好香的蘋果 現在只要搜尋 nordvpn.com/gooaye 或到NordVPN官網輸入股癌的專屬優惠碼【gooaye】 就可以享受2年方案+贈送一個月 用平均一個月不到100元的價格取得VPN服務喔 #NordVPN 股癌傳送門：https://linktr.ee/gooaye -- Hosting provided by SoundOn	https://player.soundon.fm/p/954689a5-3096-43a4-a80b-7810b219cef3/episodes/09af9432-f767-413d-bf10-d07320dc71e0
250	2022-06-04	EP250 | 從高三聽到三高	49.1	如果你突然打了個噴嚏 那一定得了 covid nineteen ● Uber Eats 優饗會員每月只要120元，於精選商家不只叫外送、買生鮮滿199元都能免運費，還有各種會員限定優惠 ● 立即升級年訂閱制，年繳1200元（相當於每個月只要100元），平均每月可省450元*，像我每天使用，至少省了四倍的運費。 (*本金額計算基礎係以 2021年07月至2021年12月，曾訂閱台灣Uber Eats「優饗方案」之會員於前述期間內每月平均所省下外送費金額之6個月平均。) ● 優饗方案網址:https://t.uber.com/EatPass_Gooaye ● 更多優惠內容請參考:https://t	https://player.soundon.fm/p/954689a5-3096-43a4-a80b-7810b219cef3/episodes/eea78fb9-7325-4954-ae0d-92c7922d701f
249	2022-06-01	EP249 | 🦖	46.2	聊聊常見房貸和避險問題 本集節目由 OVO 易視界電視 贊助 OVO 量子電視上次在我們這邊賣得很好😎，這次 OVO 新款電視主打全家老小都會用的第四代軟體系統，所以易視界電視是容易使用的易，不是有獸人娘的那個異世界喔！ 這次要介紹的 OVO 易視界電視，採用廣色域4K增艷技術，畫質比一般電視鮮艷飽滿，更接近真實色彩，第四代系統除了保留 OVO TV OS 3 所有功能之外，有不少升級～ 🔴第一個：免費第四台新增了多個原付費頻道，以後可以免費看民視八點檔等熱門節目。 🔴第二個：一鍵長輩模式，只要按一下，就自動設好開機全螢幕看電視與加大字型。 🔴第三個：手機投影功能改背景常駐，以後大家可以隨時 	https://player.soundon.fm/p/954689a5-3096-43a4-a80b-7810b219cef3/episodes/cb724d2a-a47d-4b2d-9cd3-f9a7b7cd9727
248	2022-05-28	EP248 | ⛲	49.8	就是一直噴 主委推薦👉 https://lihi1.com/GVfW8 跟盤緊盯3C，總是無法對焦?🥴🥴 MIHONG®蝦紅素葉黃素，黃金比例再升級，使用專利游離型葉黃素FloraGLO和玉米黃素30:6黃金比例吸收力更好、添加高濃度蝦紅素保護力強、多種花青素幫助代謝、微藻DHA+玻尿酸滋養呵護、維生素A與多種維生素提供營養，再進化3+2功效，打造更全面的保護力！ 【3+2功效 全面呵護 猶如開外掛】 🔸30:6黃金比例 吸收力更好 🔸維生素A維持暗處視覺 夜晚更放心 🔸玻尿酸+微藻DHA添加 體感超加分 皆為純素可食，專為需要長期使用3C電子用品、研股族、上班族、學生族、追劇族、電玩族、中老	https://player.soundon.fm/p/954689a5-3096-43a4-a80b-7810b219cef3/episodes/17dfa81b-b307-4ac6-aeef-9ac624c41549
247	2022-05-25	EP247 | 🐕	50.6	this is it! #股癌聽眾專屬 #只有10天 #超狂43折 家裡好乾淨，財神好歡喜 最聰明的掃地機器人「伊萊克斯Pure i9.2頂級款尊爵金」，瘋狂折扣現省近2萬!用過伊萊克斯的掃地機器人，一定知道它有多好用! 1、不碰撞：3D Vision遇障礙自動煞車，不會刮花或撞傷心愛的家具 2. 不纏繞：遇到電器電線/延長線會延邊打掃，再也不擔心電線和機器人纏一起。 3、清潔零死角：三角外型相較一般圓型設計，伊萊克斯掃地機器人的角落清潔能力最強 4、APP智能遙控：清掃完畫地圖給你看，也能使用預約功能，讓機器人在指定的時間到指定的區域打掃 5、自動回充：快沒電時會返回去自動回充，充完電再聰明	https://player.soundon.fm/p/954689a5-3096-43a4-a80b-7810b219cef3/episodes/d70cd47e-0081-4a9c-a607-0f59a725dd68
246	2022-05-21	EP246 | 🚯	53.3	救命 🚩面對人生重要決策時，談判思維能幫助你找出最佳解方！ #企業管理者，擁有談判思維可以擁有全局觀、提升看事高度，做出面面俱到的決策 ; #職場工作者，談薪資、升遷或是商業合作、資源爭取，獲得更多的主導權 #一般大眾，用在日常買賣、房地產議價，每次都能為自己爭取更多。 【風林火山談判課程】原本為近3萬元實體課程！熱銷數十年，在各大企業授課總是場場爆滿。近年因疫情關係，這兩年開始減少實體課程的場次，但還是希望有管道能夠將談判的精華分享給大家。這次與 SAT. Knowledge 知識衛星 獨家課程線上化，費用不到實體課一半，線上的學員一樣能感受實體課扎實內容，推薦給大家！ 【 5/31前 #限	https://player.soundon.fm/p/954689a5-3096-43a4-a80b-7810b219cef3/episodes/117cff4b-89bb-4eb1-a46f-6edf91dfe7fa
245	2022-05-18	EP245 | 🦉	50.3	抄作業囉 McCTILL美珂媞歐 |專精於肌膚修護美學的McCTILL美珂媞歐，從天然植物精萃中發掘到了守護肌膚年輕的關鍵能量， 創辦人Jeffry運用超過20年的生技經驗、數千次的實驗，成功從植物中萃取出「植萃喚顏因子」REGENETIDE™，這是一個讓肌膚高效修護再生的細小因子。與美國爾灣研究室的權威博士攜手合作實驗，確認其可存於保養產品，此項卓越的技術，獲得台美多項專利認證。原本預計擁有這項專利技術的護膚品於美國上市，但創辦人希望將最好的科技及產品帶回台灣，讓更多台灣人能享用，因此於2021年創立了美珂媞歐。 美珂媞歐逆時胜肽系列| 逆齡的核心關鍵 「全胜肽逆時系列」就是品牌最具代表系列	https://player.soundon.fm/p/954689a5-3096-43a4-a80b-7810b219cef3/episodes/f0786b46-c674-4ae3-8ca8-c66f9a997baf
244	2022-05-14	EP244 | 🦐	53.1	趁反彈好好睡覺 本集節目由 GOOGABOX 寶貝早教盒 贊助 選擇困難？資訊焦慮？完美主義？睡眠不足？ 不小心陷入了「完美爸媽焦慮症」的迴圈裡嗎？別擔心，讓GOOGABOX寶貝早教盒解除你的焦慮問題！ GOOGABOX寶貝早教盒，是一份專為現代父母而生的育兒錦囊。針對0-24個月的寶寶，採雙月一份，依照育兒不同時期所需，同時給你生活必備用品與早教陪伴方案！簡單來講就是育兒大禮包，除了尿布奶粉之外的東西一次幫你準備好，一盒搞定。 ✨整箱育兒早教品：GOOGABOX幫你選擇該階段最需要的生活用品和早教，且保證都是國際知名品牌，讓你隨時發現需求，只要打開盒子就可以立刻解決，比諸葛錦囊還夠力。 ✨一	https://player.soundon.fm/p/954689a5-3096-43a4-a80b-7810b219cef3/episodes/d94b40b3-68ea-45b3-9d1f-232ec2042f92
243	2022-05-11	EP243 | 莫忘祖宗言 賣光祖宗田	50.9	又.. 買進了 QQ 我是客家之恥 又到了每年讓大家掏空錢包的時刻，以前繳納綜合所得稅的那些回饋金額不過是塞塞牙縫。今天就來介紹給大家高回饋的繳納方式「一卡通MONEY」，懶人最愛，直接拿起手機打開一卡通MONEY掃QRcode繳，連信用卡號也不用填。 「一卡通MONEY」繳綜合所得稅回饋怎麼拿： 即日起-2022.06.03 使用一卡通MONEY「生活繳費」 「規費罰鍰稅捐」 繳納『綜合所得稅』連結任一銀行帳戶並開啟「自動儲值」及「同意自動儲值交易差額」功能活動期間消費任五筆 繳稅金額享一卡通MONEY帳戶儲值金2%回饋 //每人最高限得200元// 累計消費金額滿$3,000元 繳稅金額再	https://player.soundon.fm/p/954689a5-3096-43a4-a80b-7810b219cef3/episodes/0be48833-6051-4b2f-a972-3560f10c65ca
242	2022-05-07	EP242 | 👩‍👧‍👦	50.3	母親節快樂~~ 主委誠心推薦 銀寶善存50+女性綜合維他命 女人一枝花 需要從內到外好好照顧 職場、家庭由媽媽兼顧，她的保護力就由善存照顧！ 銀寶善存50+女性綜合維他命 添加女性專屬配方 💝增量鈣、B1*：幫助入睡，天天睡好美容覺 💝增量維生素C*：Q彈好氣色 讓媽媽保持好狀態、好氣色，年輕光采更出色🙆‍♀️ 母親節在家安心購： ✨ https://reurl.cc/e3E4R7 ✨滿額再送超Ｑ彼得兔密封罐，將媽媽的廚房調味料、乾貨都安心密封 *本品與善存成人綜合維他命錠相比，增量鈣、維生素B1、維生素C，鈣有助於神經的感應性，幫助入睡；維生素B1幫助神經系統的正常功能，幫助入睡；維生素C促	https://player.soundon.fm/p/954689a5-3096-43a4-a80b-7810b219cef3/episodes/cd38ff9f-226e-4a72-b1e5-3aaa2d58b303
241	2022-05-04	EP241 | 👸	50.5	分享卡珊卓等空方將軍的說法 本集節目由 BOSCH 洗碗機贊助 碗盤好油?洗碗好累?冬天水冰?還是伴侶閃躲飄?如果你有這些大麻煩，就把洗碗的事就交給BOSCH洗碗機 360度環狀沖水及創新強效潔淨區，輕鬆洗淨頑強油漬，最高可選擇70˚C高溫，除菌率高達99.9%。我家也是用 BOSCH 頂規洗碗機，可以連接 Wifi 遙控。平常東西吃完我的做法是隨便沖一沖，就是直接塞爆洗碗機，丟一顆洗碗碇，就去客廳吃西瓜。他們家的洗碗機洗完非常乾淨，就算你是吃麻辣鍋搞到整個鍋子紅紅的，還是一次放一海票各類鍋碗瓢盆，都可以清到跟新的一樣。 如果你感到心動，卻不確定家裡能不能裝，上網搜尋”呼叫BOSCH”，到官網	https://player.soundon.fm/p/954689a5-3096-43a4-a80b-7810b219cef3/episodes/e27cc29d-8286-4ef3-ab84-d14b66d5382f
240	2022-04-30	EP240 | 🦡	50.6	人生好難 「天然成份」跟「長效防蚊」難道只能二擇一嗎? 小朋友才做選擇，我兩個都要！ 主委親自體驗真心推薦👉 【Para’Kito 法國帕洛】 來自法國的歐洲防蚊領導品牌，成立於2006年，不只遍佈歐洲2萬間藥房，更於全球30幾個國家銷售，堅持採用國際認證唯一天然有效的防蚊成分PMD，更研發出三項專利技術，不只延長防蚊時效，安全性也大大的提升，配方不含容易引起敏感的酒精以及界面活性劑，防蚊效果不輸一些化學成分的防蚊液，還可對抗小黑蚊。 3款 #防蚊液 的配方不同、用途也不同，建議一次3瓶帶回家： ⚪️小白瓶（6小時防蚊）：滋潤肌膚、防水抗汗，適合在戶外的水上活動 🟢小綠瓶（8小時防蚊）：全家大	https://player.soundon.fm/p/954689a5-3096-43a4-a80b-7810b219cef3/episodes/370c1264-a349-47a1-86ce-2bd72eb4afc1
239	2022-04-27	EP239 | 🦘	51.0	袋鼠 本集節目由 VoiceTube Hero 贊助 Hero線上英語課程 1.影片情境學習，多元活潑題材 囊括多元主題影片並深入解析，透過情境主題，學習如何運用相關單字、片語、互動對話語句 。 2口說AI語音分析，為生活對話打下扎實基礎 單句口說練習針對發音技巧講解，給予口說精準與流暢度的語音分析與回饋。 3.獨特AI智能推薦系統 智能即時調整個人課程難度，藉此找到最適合學員的學習步調。 4/26-5/10 VoiceTube推出新一輪的「Hero零元挑戰」 只要每週上四堂課即能全額退費，已有萬名用戶零元挑戰成功，培養定期學習的好習 」慣，挑戰成功還能全額退費 這次也提供了股癌專屬9折優惠碼	https://player.soundon.fm/p/954689a5-3096-43a4-a80b-7810b219cef3/episodes/5f25e4b1-0bf2-40c4-b5c3-39a28e49dd9d
238	2022-04-23	EP238 | 🔋	50.3	pui pui 你跟我一樣是新手爸媽嗎? 在擔心孩子出生後陷入手忙腳亂的窘境嗎?還是親朋好友生小孩不知道要送甚麼呢? 主委五星推薦👉🏻【YODEE 優迪嚴選】 推薦大家 #YODEE優迪嚴選，他們是專注於母嬰領域的選品購物網站，無論是時下最火紅的明星商品，又或是時尚且實用的育兒好物，與多間知名產後護理之家配合指名使用的純棉紗布巾、擁有超高人氣的安撫奶嘴玩偶神器，解決媽咪度過產前不適與成為產後的哺育幫手。你可以在優迪一次備齊你所需的育兒好物。 『優良傳承，實現美好育兒生活』一直是《優迪》秉持的信念，嚴格把關優質產品、傳遞分享給每位爸媽，並陪伴孩子們長大。 首次加入官網會員就能享有育兒購物金，網站	https://player.soundon.fm/p/954689a5-3096-43a4-a80b-7810b219cef3/episodes/737374e2-3fd5-4cc8-acea-bf0d4a544b30
237	2022-04-20	EP237 | 🐝	50.0	正在使出：忍術 台幣哩賣溝貶術 💪專業運動員營養師推薦，加上😎主委親身體驗 讓你不管是一大早專注看盤，還是午後運動健身， 拜維佳 激發你的正能量，全面提升效率不哈囉～ momo購物網 主委聽眾專屬福利ON📢 主委親自出馬特別爭取，折扣絕對讓你有感，爽度破表！ 即日起至4月27日，爆買享優惠，還能領折扣碼喔～ *限時優惠：4月20日至4月27日 *數量有限，售完為止 連結：https://bit.ly/3jCghdP 內審字號: CH-20220414-07 #拜耳 #拜維佳 #鎂 #鋅 #含鎂100mg #高單位維他命B群 #有助肌肉神經運作 #有助蛋白質正常代謝 #精神旺盛 #提升工作表現 	https://player.soundon.fm/p/954689a5-3096-43a4-a80b-7810b219cef3/episodes/cf5acb7a-c678-4725-9c7f-b0bb3c5fad26
236	2022-04-16	EP236 | 🐓	50.7	下檔沒有防守好，蛋蛋爆炸 研究股市佈局，總是停滯不前? 主委推薦👉【MIHONG®高效益生菌-純厚菌9000億】 連結：https://lihi1.cc/TQLn6 500萬次張口的口碑保證，大人小孩都愛，高效益生菌再升級特別添加後生元，厚菌版每盒含有9000億菌數，滿足人體所需要的益菌， 幫助代謝消化，粉末更好吸收！ 每天一包，補好菌 養好菌 顧好菌，在非常時期打造超強體質! 【強者恆強 順者恆順 一定要純厚菌】 調整體質、排便順暢 、幫助消化，適合忙碌工作，飲食不均衡、生活壓力大，體內不環保、長輩、孕媽咪全家人的日常保養 【聰明理財聽股癌，聰明保健選MIHONG® TOP5商品】 No.1	https://player.soundon.fm/p/954689a5-3096-43a4-a80b-7810b219cef3/episodes/17375e91-94ae-46fd-b23f-49363ac9d579
235	2022-04-13	EP235 | 🦔	49.8	準備開始進入科技法會周啦，抓緊囉 本集節目由 TOSHIBA 贊助 股市越動盪，你更需要找到心中的平靜！ 台灣獨賣，黑膠初心者首選→ https://reurl.cc/6EAXo5 好入手、好上手！超早鳥優惠只要5,499元，五月陸續出貨。TOSHIBA與你一起打造生活儀式感，忘掉煩惱！ 一次搞定設備｜內建擴大機，隨附書架型音箱 內建藍牙功能｜支援藍牙in and out，分享或獨樂，你決定 四顆頂規單體｜兩顆全音域+兩顆高音，細膩的分頻處理 相容所有轉速｜相容33, 45, 78RPM唱盤，這就是你要的唱機 萬元等級唱頭｜搭載鐵三角唱頭，模擬黑膠刻刀頭VM設計 根據調查，84%的消費者想進入	https://player.soundon.fm/p/954689a5-3096-43a4-a80b-7810b219cef3/episodes/c8311fb3-3f4b-419c-bdb6-37b6ce42fa45
234	2022-04-09	EP234 | 🕴️	52.6	Vito Corleone “Cause a man who doesn't spend time with his family can never be a real man.” 本集節目由 Ken Can #肯米香 贊助​ ​ 生為流行品牌績優股，沒有像其他流行品牌先從服飾出發，而是先從復古零食「米香」搭上反差極大的鮮豔包裝，也注定了這個牌子就是想走一條跟別人不一樣的路。​ ​ 誰說小蝦米🦐不能對抗大鯨魚🐋​ 韭菜們團結起來和Ken Can吃自己的米，養自己的Army一起把餅做大！做大👊​ ​ #讓我們繼續把餅做大​ 復古零食 #米香 全新改造3款口味，讓你一開封就開噴，自帶ASMR超擴	https://player.soundon.fm/p/954689a5-3096-43a4-a80b-7810b219cef3/episodes/96829671-3bf6-4c48-8695-af0f43ea5609
233	2022-04-06	EP233 | 🛵	47.9	好甩要暈車了== Welcome on board ✈️ Chicco Seat3 寶寶的安全頭等艙😎與主委一同捍衛寶貝行車安全 寶寶的頭等尊榮就靠Chicco 世界級安全最高標準R129/03 i-size ✨全台首創✨０到７歲安全汽座 Chicco【Seat3Fit Isofix安全汽座】 #航太級五層頭頸防護 頂級EPP吸震，航太級惰性泡棉強化 包覆減壓吸震，更高規格安全更加乘 #SSS側盾安全防護系統 強化側邊防護，給寶貝全面性保護 #6段椅背調整及成長空間調節系統 舒適的乘車角度，量身的座椅空間 讓寶貝坐的跟頭等艙一樣舒適 #座椅360°旋轉系統 一鍵轉左轉右都輕鬆 上下車及照護寶貝	https://player.soundon.fm/p/954689a5-3096-43a4-a80b-7810b219cef3/episodes/1058a213-b98d-478a-88be-421871ab821e
232	2022-04-02	EP232 | 🧙	50.5	盤點一下 本集節目由 台灣情趣領導商城 Dr.情趣 贊助 Dr. 情趣，台灣情趣第一領導商城秉持「安心、用心、貼心 」的精神，打造消費體驗最棒的線上情趣購物空間。 股癌專屬優惠折扣碼 結帳輸入大寫【GOOAYE】即享全館買千折百 滿1千折1百，滿2千折2百，滿3千折3百…以此類推 --------- 🛒台灣情趣第一商城 Dr.情趣（未滿十八歲請勿進入） https://drqqtoys.tw/Gooaye --------- 臉書抽獎品 主委專屬大禮包 共三組 （內容物：飛機杯+漫畫+吸濕棒+潤滑液） 抽獎方法：TAG兩位朋友 並寫下為什麼你或朋友需要這個酷東西 公佈日期：4/11 於Dr.情	https://player.soundon.fm/p/954689a5-3096-43a4-a80b-7810b219cef3/episodes/5de01abe-6ccb-4126-8fad-2d9a01640f1d
231	2022-03-30	EP231 | 👽	51.2	QA 有厲害的摸高大師決定要進場了各位小心 史上最偉大的發明~寶寶安撫神器來了 來自韓國第一品牌#Naeiae寶寶米餅，絕對是爸媽眼神發亮的好幫手! 看盤的時候小孩哭鬧，下單的時候寶寶亂叫，不用擔心只要米餅在手，就可以歡樂無窮。 市售的寶寶零食眾多，寶貝的第一口小零嘴一定要好好選擇! #韓國第一品牌Naeiae寶寶米餅 l 連續4年韓國消費者滿意指數第一名 l 原料採無農藥栽種並通過各項安全認證 l 保證七大無添加：無油、無色素、無防腐劑、無麵粉、無奶粉、無甘味劑、無化學添加物 l Naeiae果乾有別於油炸烘乾利用冷凍技術 讓水果營養價值不流失 100%水果製成 無添加任何調味 l Naei	https://player.soundon.fm/p/954689a5-3096-43a4-a80b-7810b219cef3/episodes/7d09049d-ea4d-41b4-9cd6-f718379421cf
230	2022-03-26	EP230 | 🀅	52.9	這是很不真實的一個禮拜 本集節目由 # Sony LinkBuds WF-L900 真無線藍牙耳機贊助 戴上 Sony LinkBuds WF-L900，與世界隨時連線 Never Off！ 上班聽股癌 podcast 仍能與同事對談、看劇時不怕錯過公車到站提醒、線上會議也能一邊掌握現場動態～一心可以很多用！ ⊚ 通透音效的開放式環狀設計，串連線上世界和現實生活 ⊚ 輕量小巧耳機本體僅 4 公克 ，與耳朵極致貼合 ⊚ 清晰地接聽電話與聆聽音樂 ⊚ 含充電盒共 17.5 小時續航力，支援快速充電 ⊚ 機身 IPX4 等級防潑灑、防汗水 [早鳥專屬獨享福利] 2022/3/22 – 5/8 購買 	https://player.soundon.fm/p/954689a5-3096-43a4-a80b-7810b219cef3/episodes/538bca83-89d5-4b29-98a2-144949a954a0
229	2022-03-23	EP229 | 🙏	50.0	平安 本集節目由拜耳力度伸贊助 維他命 C 是身體不可或缺的營養素之一，但身體是無法自行製造維他命 C喔，需透過日常飲食或新鮮蔬果攝取，這時候力度伸的重要性就來了！力度伸® 維他命 C+D+ 鋅發泡錠，一錠富含約20顆柳橙的維他命C，又多添加維他命D和鋅，三重保護，直接一錠到位！ 每天幫大家倒一杯水，狠狠地把發泡錠丟進去，喝得開心又放心。我都把它當成是手搖的替代品，配冰水一口給他灌，讚！ MOMO 力度伸C+D+鋅 30錠三盒組 主委專屬福利 優惠期間: 3/23-3/29: 1) 三盒原價$2,880, 主委特別優惠期間 53折 $1,530, 2) 購買再送質感不銹鋼隨手杯1個 (限量) 	https://player.soundon.fm/p/954689a5-3096-43a4-a80b-7810b219cef3/episodes/9d9a3067-c90e-4e3b-9b9b-c137bb908676
228	2022-03-19	EP228 | 🧛	49.4	老闆都是數學老師 育兒養好肌，All in #慕之恬廊 #新手爸媽必備SOP！蟬聯多年媽媽寶寶雜誌3萬名媽咪評選「人氣菁品」，專為0-5歲嬰幼童肌膚研發，嬰兒室、月子中心愛用推薦。嚴選有機植萃養好膚，為肌膚健康打底，帶你第一次呵護寶貝嬌嫩肌就上手。 🛁 Step1 沐浴｜ #慕之幼多慕雙潔乳 洗頭洗澡一瓶搞定，不含皂鹼洗後不乾澀 生物可分解配方，環保愛地球 💦 Step2 嫩膚｜ #慕之幼爽身潤膚乳 柔嫩肌膚，強化肌膚防護力 用後肌膚光滑有彈性，淡淡嬰兒香氛療癒 🍑 Step3 屁屁呵護｜ #衛蓓欣VBC全效護膚膏 百位醫護人員推薦屁屁金鐘罩 預防、舒緩、修護三效合一 換尿布前塗抹一層於屁屁 	https://player.soundon.fm/p/954689a5-3096-43a4-a80b-7810b219cef3/episodes/1ab71eef-a95d-470c-aa68-16dc9f1922d0
227	2022-03-16	EP227 | 🎉	50.5	我說那個油，你乖乖躺好不要起來。 風險控管找股癌 油頭控管找森歐黎漾 MIT洗護品牌 全球熱銷百萬瓶! 超人氣控油神器 淨平衡系列 無論男女都可輕鬆做好頭皮管理 重拾頭皮清爽，髮根蓬鬆頂立 即日起至2022/05/15止 官網結帳輸入主委專屬折扣碼GOOAYE 可享最高$250折扣 男神清爽控油洗沐組 https://mwf.one/BHO0q 女神蓬鬆柔順洗護組 https://mwf.one/p3yTy MOMO旗艦館  https://mwf.one/9wrXR 蝦皮旗艦館  https://mwf.one/je00t 馬來西亞蝦皮 https://mwf.one/z9rAe 	https://player.soundon.fm/p/954689a5-3096-43a4-a80b-7810b219cef3/episodes/99eede57-6b3e-4a45-8ee7-c45777656f53
226	2022-03-12	EP226 | 🍟	50.0	在俄羅斯，崩盤想去炸薯條籌錢都沒辦法。 研究股市佈局，總不能精神不振吧！ 主委五星推薦【MIHONG®司令B群黑紅瑪卡】 連結：https://lihi1.cc/WT9iO 採用祕魯95%高純度專利黑紅瑪卡，低溫濃縮萃取， 特別添加管花肉蓯蓉以及其他自然植萃，濃縮成的草本漢方食品，男女皆可用，是最強戰力補給品。 【強大3功效，成為真正的股市硬漢 】 增強體力 持久 存股族の最愛 精神旺盛 專注 當沖族好需要 調節生殖機能 提升 賺價差這我在行 適合| 白天精神不振 | 夜晚戰鬥力不足 | 平時過度操勞 | 【聰明理財聽股癌，聰明保健選MIHONG® TOP5商品】 No.1 多口味益生菌 No	https://player.soundon.fm/p/954689a5-3096-43a4-a80b-7810b219cef3/episodes/2b028256-6afd-415a-b9b6-043f60bdfb9f
225	2022-03-09	EP225 | 🚀	46.8	被嘎飛，被灌進地下室，老鐵們最能理解 【 天天看股票，Backbone 為你撐腰 】 Backbone x 股癌 ｜撐腰感謝祭 台灣人體工學傢俱設計品牌 Backbone 椎座工學 設計製造 人體工學椅、電動升降桌、兒童成長椅 及 各式人體工學配件 2022 推出全新 Kuma® 兒童成長椅 與 三創 backbone 職人概念店！ 3/9 至4/19，在 全台體驗館 或 線上商城 消費，都享 滿萬送千 的超級折扣！ = 滿滿滿萬送千，無情開催 = 於 Backbone 線上商城 消費， 滿10,000，輸入「gooaye」現折1000元 滿 8,000，輸入「gooaye666」現折666元	https://player.soundon.fm/p/954689a5-3096-43a4-a80b-7810b219cef3/episodes/6642d0cf-4a80-48f7-8bd1-5142cc265440
224	2022-03-05	EP224 | 🐻	48.8	如果進入衰退點解？ 本集節目由LINE Bank贊助 3月底前LINE Bank帳戶開戶禮送LINE POINTS 300點，推薦朋友開戶綁定成功再領100點，第二位起加碼現金100元；再抽現金3萬元 股癌開戶邀請傳送門：https://www.linebank.com.tw/R/mgm-event/invitation?mgm=101001228106 隨時隨地能開戶，進LINE App錢包頁點LINE Bank標誌，拍照上傳雙證件驗證就行。LINE Bank好友轉帳透過LINE聊天室發訊息就能轉錢、收錢，也能發起聚會分帳，金額自己編輯；且自行轉帳無論幾次都免手續費，透過手機行動銀行跨行轉帳	https://player.soundon.fm/p/954689a5-3096-43a4-a80b-7810b219cef3/episodes/b50643b6-713a-4b83-a7d5-ef5f42b69335
223	2022-03-02	EP223 | 🍄	46.9	菇菇 菇 防水系霸主 只服V-TEX V-TEX地表最強防水鞋新推出的都會時尚「N21」系列 全新EVA橡膠鞋底+潮流造型，讓人一秒火速愛上🔥 他們家的實用度和舒適度，穿過就再也回不去了！ 【強棒鞋款NEXT_21 規格再升級⬆️】 💥真。防水威力 業界最高規格防水技術，就算遇到狂風暴雨，雙腳依舊乾爽透氣 💥2.0全新鞋底 結合高彈EVA+全橡膠底，打造無可比擬的彈性及輕量，提升整體耐用與穩定度 💥進化版鞋墊 內裝改用立體包覆雲朵鞋墊，記憶緩震與人體工學特性有助減輕雙腳疲勞感 💥極薄透氣編織技術 高密度彈性針織材質，採一體成型，厚度減半、更輕薄服貼 官網限量3+1 好禮大回饋 📣 ● 全家取貨	https://player.soundon.fm/p/954689a5-3096-43a4-a80b-7810b219cef3/episodes/573809d5-a942-49df-9a6e-157d251bd26e
222	2022-02-26	EP222 | 📯	50.0	多軍號角吹出翔，風雨飄渺聊槓桿 foodpanda訂閱制服務 #pandapro 現在新推出了多重訂閱方案! 方案分為月費$119、半年費$650，年費$999 (原價$1,299) 3/31前訂閱年費方案限時特價$999，再加碼送出pro $480 專屬購物金現省$780 ！ 平均下來每個月只要$44！無論你在台灣的哪裡、早上或是晚上都享有無限次免費外送！ 加入pandapro還享有包含摩斯漢堡、星巴克等上千家餐廳的專屬優惠 🍔 3/1-3/31，#摩斯漢堡 滿$300享有8折優惠，最高折$100 ☕ 即日起到3/31，#星巴克 滿$300享有8折優惠，最高折$100 以上優惠皆可與加碼優惠	https://player.soundon.fm/p/954689a5-3096-43a4-a80b-7810b219cef3/episodes/ddb9854b-2942-4e53-a15a-16014d1338df
221	2022-02-23	EP221 | 🗿	47.7	聊貸款俄烏和大摩新報告 本集節目由善存贊助 *臉書有抽獎 投資理財的世界瞬息萬變，整天用3C緊跟盤勢，紅綠線圖高高低低，想突破茫茫股海，就艾做好有神保養！ 主委不只懂投資、更懂得投資自己的健康，推薦給大家，股海明燈「善存葉黃素」 1.70年營養科學經驗的大品牌，讓我安心投資健康！ 2.善存葉黃素，分子小1/2+，好吸收高17%*，加上獨特液態膠囊，吸收好自然效果好！ 3.用專業保留純粹，一天一顆輕鬆補充20毫克，效率做好有神保養！ Momo 2/23一日限定優惠，只要市價73折！ 低點啦！立馬手刀買進！👉 https://reurl.cc/jk9p9L 做好有神保養，精準投資，不再股海茫茫！ 	https://player.soundon.fm/p/954689a5-3096-43a4-a80b-7810b219cef3/episodes/01ebd85d-affb-4ab6-b6cd-8c962e16872a
220	2022-02-19	EP220 | 💃	45.5	出院啦嘻嘻 本集節目由簡單JAN DAN贊助 去年合作過MIT保養品《簡單JAN DAN》，迴響很不錯，難怪可以在沒實體通路、沒發試用包的情況下，光靠網路販售殺出一條血路，創辦人是個愛狗的男生，所以全系列都是不做動物實驗、不含動物成分，零殘忍的純素品牌，成分單純連Vegan、孕婦都可以用。 他們的明星商品 #簡單玫瑰青春露，就是保濕化妝水，適合我這種怕麻煩的男生，不要黏、不用多罐，洗完臉隨便用，跟我一樣不懂的就選「新手小菜雞🐥」組；臉比較乾的可以加一瓶保濕精華。 ⠀⠀ 懂保養的直接選「保養老司機🚛」組，補水、保濕、鎖水，三個步驟就搞定！現在外出戴口罩很悶，記得加購噴霧降溫只要$199! 不限金	https://player.soundon.fm/p/954689a5-3096-43a4-a80b-7810b219cef3/episodes/ca254ec2-bd6d-4e11-b2ac-377cab321616
219	2022-02-16	EP219 | 宇宙大勃盤	47.5	#YZDBP 贏要衝 輸要梭 本集節目由 #Sony WF-1000XM4 真無線主動式降噪耳機 贊助 Sony WF-1000XM4 真無線主動式降噪耳機，可隔離交通工具環境噪音，享受高品質的音樂 、PODCAST、或追劇。 -外型簡約質感、輕巧好攜帶 -支援 HiRes Wireless 無線高解析音質，依環境或使用習慣可搭配不同的降噪模式 -全新的處理器和噪音隔離耳塞，有效隔絕外界噪音及環境音 -Speak to chat功能：說話時自動暫停音訊及降噪功能，15秒後恢復自動播放 -最高24小時長效續航力 -機身防水 戴上Sony WF-1000XM4、收聽股癌，讓你享受美好的通勤時光 h	https://player.soundon.fm/p/954689a5-3096-43a4-a80b-7810b219cef3/episodes/87a3a552-62ec-487d-8cd4-0797babb9972
218	2022-02-12	EP218 | 💸	47.5	聊通膨 本集節目由 水果豬高級進口水果店 贊助 #產地直送，新鮮如同現採，每日班機天天飛 #日本空運抵台 #日本農協認證 各式日本頂級進口水果、各色稀有品項，大宗貨源、充足供應 【秉持嚴格品質控管】 出貨前，逐一檢查水果，完善保護固定，防止運送中晃動，優於黑貓冷藏宅配包裝的標準。 【優質的VIP服務】 一對一服務，貼近顧客需求，客製化推薦、貼心效率回覆。嚴謹的SOP，來對待每一項頂級新鮮水果。 品嘗水果豬的長崎草莓、福岡草莓，外型紮實鮮紅、口感甜而不膩，香氣特殊濃郁，價格實在，只要整把草莓塞入口中，戀愛幸福的滋味肯定湧上心頭。 今年還沒吃到日本草莓的，認真不要錯過了！！即日起至3/31日止，全	https://player.soundon.fm/p/954689a5-3096-43a4-a80b-7810b219cef3/episodes/e226c096-9e97-4be5-9e28-01cee26d21fe
217	2022-02-09	EP217 | 🏖	46.7	聊一下退休財務規劃 本集節目由MACKMYRA麥格瑞 瑞典單一純麥威士忌贊助播出 沒錯! 就是那間推出全球第一支AI人工智慧威士忌的瑞典蒸餾廠，這回帶著最新季節限量款春酩，白樺樹汁葡萄酒和雪莉桶的迷人香氣和豐潤口感強勢回歸! 新年期間和特別介紹招牌瑞典煙燻威士忌，獨特杜松菸煙燻味，猶如琴酒神秘優雅的調性，給酒客顛覆想像的泥煤威士忌體驗! MACKMYRA麥格瑞 1999年至今的威士忌探索者 -堅持100%瑞典原料展現瑞典風土 -嚴選200年瑞典老橡木打造獨家30升橡木桶 -獲選全球最佳蒸餾廠 智慧環保節能工藝領先業界 投資聽股癌 品酩麥格瑞 主委懂得喝專屬優惠碼 GOOAYE 瑞典威士忌全酒款	https://player.soundon.fm/p/954689a5-3096-43a4-a80b-7810b219cef3/episodes/6d11cc01-ebf0-4f5b-a5e3-a26f0fa4ceda
216	2022-02-05	EP216 | ( *・ω・)✄╰ひ╯	48.6	聊下海盜船行情嚕錢法和fb 本集節目由【 超級數字力｜一生受用的財務思維 】贊助 公司經營者，提升數字管理能力做出精準決策，避免被客戶倒帳、被供應商斷料；中高階管理者，學財報能幫公司開源節流增加運營效率；上班族，選擇發展好的公司，用CEO/接班人思維工作，增加職涯投報率；一般大衆，可以運用財報知識來規避陷阱與風險，不要被看起來賺錢但經營不善的公司蒙蔽。 【超級數字力課程】原先為兩天一夜的精品實體課程，報名費用 $58,000 台幣，透過 MJ 老師獨特的教學魅力及專利教學法，至今惠澤超過兩萬名學生。過去10年來每堂課都是場場爆滿，學員組成涵蓋 企業主、高階主管、創業家、醫師、律師等。不過由於時	https://player.soundon.fm/p/954689a5-3096-43a4-a80b-7810b219cef3/episodes/499c8ec6-76cd-4d11-82ae-a24f869d142d
215	2022-02-01	EP215 | 💡	48.6	分享arkㄉbig idea 本集節目由消逝的光芒 2 與 OhMai 贊助 病毒贏了，文明衰退至了黑暗年代。這個被稱之為都市的地方，也是人類最後的聚落之一，即將崩塌。用你的敏捷與戰鬥技術來生存，並重新塑造這個世界。你的選擇非常重要。 在 Steam 上獲得「壓倒性好評」玩家評價的末日生存遊戲《垂死之光》（舊譯）二代續作即將正式推出，Dying Light 2: Stay Human《消逝的光芒 2：人與仁之戰》將再次帶來深刻的故事劇情，繼續闡述病毒疫情爆發 20 年後的故事。 4 倍大的遊戲地圖、優異的 2-4 人多人合作遊玩體驗，讓你充分運用流暢的跑酷技巧穿梭在整座開放世界城市中，並藉由精	https://player.soundon.fm/p/954689a5-3096-43a4-a80b-7810b219cef3/episodes/2acfb1a5-7c7e-45f2-a770-a2df24050d3e
214	2022-01-29	EP214 | 🏎	47.0	聊下特蘋軟財報 本集節目由 Voicetube Hero 贊助 Hero線上英語課程為VoiceTube其中一款產品，擁有三大特點 1.影片情境學習，多元活潑題材 囊括多元主題影片並深入解析，透過情境主題，學習如何運用相關單字、片語、互動對話語句 。 2.口說AI語音分析，為生活對話打下扎實基礎 單句口說練習針對發音技巧講解，給予口說精準與流暢度的語音分析與回饋。 3.獨特AI智能推薦系統 智能即時調整個人課程難度，藉此找到最適合學員的學習步調。 1/11-2/6 VoiceTube推出新一輪的「Hero零元挑戰」 只要每週上四堂課即能全額退費，已有萬名用戶零元挑戰成功，培養定期學習的好習慣，	https://player.soundon.fm/p/954689a5-3096-43a4-a80b-7810b219cef3/episodes/a20ba472-fdbc-4fd2-925c-6798b1ad925c
213	2022-01-26	EP213 | 🐯	48.5	聊下成長性在哪 面對環境挑戰 保護力哪裡來? 善存世界第一綜合維他命， 一錠補充22種人體無法自行製造的營養素*， 主委邀你一起提升保護力+、促進新陳代謝、增強體力！ 1.「維生素B1、B2和鋅」維持能量正常代謝，提升活力 2.「維生素A、菸鹼素、生物素、泛酸」增進黏膜健康 3.「維生素C、維生素E」具抗氧化作用 現在就跟著主委一起補給身體所需的營養成分，更有精力做好所有事情！ 傳送門（期限只到2022/2/15，數量有限欲購從速！）： 股癌專屬賣場：https://reurl.cc/DddQQN 善存家族針對男女性還有各自的專屬配方，一樣有主委優惠喔！https://reurl.cc/9OO	https://player.soundon.fm/p/954689a5-3096-43a4-a80b-7810b219cef3/episodes/22311740-4a73-40b7-a38b-760242eaf9e5
212	2022-01-22	EP212 | 🤿	48.8	聊一下三大關注市場和網飛牌潛艇 本集節目由趨勢科技贊助 假投資真詐騙越來越多，現代駭客不只是從電腦手機駭入，也會透過像是智慧家電，像是家中上網的Wi-Fi 路由器、網路監視器等來搞破壞；更誇張的甚至偷用你家的 Wi-Fi 來犯罪。 想要避免家裡被駭客入侵或不小心點到假連結，一台智慧網安管家就能保護全家人的網路裝置，趨勢科技的智慧網安管家透過手機就能管理所有連上你家網路的裝置，包含阻擋惡意網站、即時警示以及網路存取管理，通通透過一支手機就能解決。還能為孩子設定適合的網路使用規則，讓全家人享受更安心的智慧家庭生活。 主委折扣碼 [Gooaye ]可享7折： http://t.rend.tw/?i=	https://player.soundon.fm/p/954689a5-3096-43a4-a80b-7810b219cef3/episodes/ed7c534f-14ee-4a90-a852-6b9f71ee7e43
211	2022-01-19	EP211 | 🤏🥚	49.9	聊msft吃atvi和marks memo。 本集節目由 ViewSonic 贊助 想要提升在家看電影追劇、打電玩的爽度，M2e 微型投影機，就是你最佳選擇 阿嬤也能輕鬆操作 • 一鍵開機、無須安裝 • 自動垂直梯形修正 • 瞬時自動對焦 滿滿的影音震撼享受 • 1080p Full HD 解析度 • 125% Rec.709 劇院級色彩 • 內建 Harman Kardon 雙喇叭 獨享、三五好友同樂皆歡喜 • Type-C 一線連接 • 1kg 的機身，走到哪投到哪 主委專屬賣場獨家新年價 $18,888，登錄再延長 1 年保固 優惠活動從 1/19 (三) - 1/27 (四) 止 mo	https://player.soundon.fm/p/954689a5-3096-43a4-a80b-7810b219cef3/episodes/2774da64-6c28-4348-b243-0095e9e1585d
210	2022-01-15	EP210 | 🐔🐔🕘🇹🇼	45.0	聊G foodpanda 訂閱制服務 #pandapro 推出半價49元優惠，點兩單就回本！ 訂閱即享三大好處 1. 訂餐滿179元，不限地區，整個月享無限次免費外送。 2. 上千家餐廳包含漢堡王、摩斯漢堡等皆有pandapro專屬優惠。 3. 外帶自取再享額外5%優惠。 即日起到2/4號，訂閱 pandapro 享限時半價49元 新用戶輸入主委專屬優惠碼 "GOOAYE" 再享滿300折150優惠 馬上點起來 > https://www.foodpanda.com.tw/ #foodpanda #pandapro限時半價49元 股癌傳送門：http://linktr.ee/gooaye --	https://player.soundon.fm/p/954689a5-3096-43a4-a80b-7810b219cef3/episodes/729089c2-1c94-40b3-bb2b-b776cdb14afc
209	2022-01-12	EP209 | ⛄	49.1	聊下ttwo吃znga，很冷ㄛ ◤ 本集節目由 MOFT 隱形支架 贊助播出 ◢ 癌寶們看過來～～～拜年必備時尚配件！ ✨ iPhone 12/13 磁吸式手機支架+保護殼 ✨ 不只能當支架看股盤、化身卡夾刷卡超方便 新年新希望，幫手機治裝！ 即日起到 2/12 ▶︎ 主委專屬優惠 ◀ ︎ 1. 輸入股癌專屬折扣碼：gooaye，直接享 85 折優惠 2. 全館滿千免運 2/14 — 4/14 ▶︎ 主委加碼優惠 ◀ 專屬折扣碼：gooaye150，指定商品滿 $1,500 再折 $150 🧧 領完紅包買起來，限時優惠趁現在！ 好康傳送門：https://pse.is/3ywfqa 股癌傳送門	https://player.soundon.fm/p/954689a5-3096-43a4-a80b-7810b219cef3/episodes/2609268a-7fc2-4c98-bbc0-5008afcaed13
208	2022-01-08	EP208 | 出國即出包	49.0	還好這次先調好，經驗比起模擬想像真實一百倍啊。 本集節目由【70mai儲能行動電源】贊助 看一下手邊行動電源有多勇？5,000mah? (毫安) 10,000mah?，不用比了，這台七十邁儲能電源直接給你 28萬mah 的怪獸級電量，iphone 就能充飽 60 隻，Macbook可以充20台，這就叫直上頂規！ ＊六大特色一次盤點 ① 1,000Wh神級電量，可充超過60台iPhone ② 1,200W 大功率輸出，電磁爐電冰箱都能用 ③ 10 個可用插孔，AC,DC,USB,TypeC都包辦 ④ 2 小時極速快充，免變壓器使用更輕便 ⑤ 獨家APP輔助，隨時監控充電狀態 ⑥ 多國安全認證，集	https://player.soundon.fm/p/954689a5-3096-43a4-a80b-7810b219cef3/episodes/db116d95-d7f9-4b66-96f0-aa30146f7174
207	2022-01-05	EP207 | *\(^_^)/*	47.0	聊下風水輪流轉 | 黑繃帶修護乳霜 | 與瑞士頂級醫學美容中心合作，含有最高濃度30%抗老成份普拉斯鏈，等於注入10罐抗老精萃成份，快速修護乾燥、泛紅與瑕疵。 | 綠寶瓶精華 | 一滴蘊含億萬法國珊瑚草成份，從肌底開始修護毛孔粗大、敏感與痘痘問題，一滴嫩透亮。 懶得出門看這邊 股癌聽眾獨家折扣碼：Gooaye(注意大小寫），下單不限金額，就再送價值$2,050的黑繃帶修護乳霜與綠寶瓶精華各5ml (折扣碼只到1/11為止) 官網購買，這邊最划算：https://bit.ly/3JEFqAj 先試用再購買 現在只要到 HR赫蓮娜官網登記，就可以到新光三越信義A8、南西、台中或台南新天 地赫蓮娜櫃	https://player.soundon.fm/p/954689a5-3096-43a4-a80b-7810b219cef3/episodes/7b7c2431-b150-4ee0-9797-0d23bf7b93a6
206	2022-01-01	EP206 | 新年快樂	44.1	答案在自己的屁股後面 BFFECT好肌膚精華研究室 《股癌專屬優惠組合 79折 輸入優惠碼「GOOAYE」再折100 最高幫你省730》 ※專屬優惠連結： https://bfc.cool/QnUlL ※單筆滿2000 隨貨贈 五百元85折優惠卷共四張，不限品項/支數單張最高折500元 6入組合一次買到位，優惠只到1/15，記得要用優惠碼【 GOOAYE 】 《BFFECT 股癌專屬組合必買推薦》 抗老美白安太座組 6入↘79折 原價3000 最終價 2270 現省730 控油抗痘ETF組 6入↘79折 原價2300 最終價 1717 現省583 股癌保濕大補帖6入↘79折 原價​​1920 	https://player.soundon.fm/p/954689a5-3096-43a4-a80b-7810b219cef3/episodes/00beb560-79a7-43c1-a6a1-969e7d60fdd3
205	2021-12-29	EP205 | 上集欠ㄉ	46.2	聊一下自己怎ㄇ收斂。 本集節目由 #**芳茲生技 **贊助 📣主委年終福利給好給滿👇 #互動驚喜 為人生幸福提前佈局💯健康才是最穩健的投資～ 選擇營養師與多項國際認證的優質績優股『芳茲 滴雞精/滴魚精』，輕鬆進場日常滋補，帶你開啟健康的財富密碼！ #日月養生滴雞精🐔 ✅嚴選紅羽土雞全雞滴煉不加一滴水 ✅含優質蛋白質及總支鏈胺基酸BCAA ✅有效率補充精氣神，提升保護力💪 #日月養生滴魚精🐟 ✅嚴選虱目魚與深海魚軟骨素雙魚滴煉 ✅輕鬆補充鈣質、牛磺酸和膠原蛋白 ✅補充均衡營養，行動力不卡關👍 過年送禮送健康，芳茲 與 安平開台天后宮 聯名推出年節限量版 #天后平安祝福禮盒，經媽祖與眾神加持祈福的	https://player.soundon.fm/p/954689a5-3096-43a4-a80b-7810b219cef3/episodes/19db70ff-4c95-4ef9-ab17-0f328ed61886
204	2021-12-25	EP204 | 聖誕快樂	46.7	聖誕快樂ㄡ 《艾爾登法環》是由打造出具有影響力的黑暗奇幻動作 RPG《黑暗靈魂》系列的宮崎英高和【冰與火之歌】作者 George R.R. Martin 兩人合力創造充滿奇幻故事和傳說的嶄新世界。玩家將踏上精心打造的旅程，在充滿鮮血和欺瞞的世界中，會遇到因各種動機而幫助或阻礙玩家的登場人物、背景深不可測的敵人和令人畏懼的野獸，並在冒險過程中揭開這片被詛咒之地的秘密和神話，進而決定這片土地的命運。 2 月 25 日在 PlayStation 5、PlayStation 4、Xbox Series X|S、Xbox One 與 PC Steam 平台推出繁體中文版。股癌獨家早鳥預購價全平台現折 1	https://player.soundon.fm/p/954689a5-3096-43a4-a80b-7810b219cef3/episodes/348f3f7f-0f97-4353-a66d-4f4766b86a38
203	2021-12-22	EP203 | 冬至ㄌ	44.5	聊一下跟幣仔見面的心得，米股沉默循環猜到了一個段落開始進去跟他幹，以及看美股做台的注意事項。 過年吃干貝，福虎生風財進來，奢華致富美味 產自「#日本北海道一級產地」的鮮美干貝 擁有絕佳的自然環境及乾淨海域，#有全日本最美味的美譽之稱! 肉厚Q彈甜味絕佳，極品中的極品 過年準備這道，和手賞心一樣大的#北海道頂級干貝，送禮自用都絕對讓你超有面子! 就算不能出國，也能嚐到#來自日本北海道的純淨美味! 生食切片爆鮮甜，熟食乾煎金黃脆! 大顆飽嘴好福氣，年菜這道最霸氣! 【主委專屬賣場】全品項7折起，買多再享67折!!!!! 今年過年特別早，來自日本的頂級干貝提早買起來，1月中出貨給你 不用擔心忘記買年	https://player.soundon.fm/p/954689a5-3096-43a4-a80b-7810b219cef3/episodes/15090dd5-f344-40ff-90fa-3ebe43aec102
202	2021-12-18	EP202 | 渾水摸貝	48.4	渾水開嚕貝殼，同時聊一下目前成長股和 big cap 的 NTM 估值已經差不多落到疫情初始前後的位置了。 本集節目由 PressPlay Academy 贊助 #2000元獎學金計畫不要錯過 學了多年英文在職場上還是無法掌握母語者的溝通邏輯? 全球Podcast突破 2 億次下載的 All Ears English 團隊和 PressPlay Academy 首度跨國合作推出獨家中文版商務英文聽說讀寫全攻略課程 3大課程亮點,幫助你成功接軌國際職場 ✓ 真實應用:9大職場主題 x 百位歐美商業人士訪談整理, ✓ 扎實計畫:60天讀書計畫表 + 課後測驗,隨時檢視學習狀況 ✓ 完整回饋:AEE	https://player.soundon.fm/p/954689a5-3096-43a4-a80b-7810b219cef3/episodes/1dcfd8bc-fe13-445e-8f8c-109a7f0f67e6
201	2021-12-15	EP201 | 被弄出翔	47.0	被行情弄出翔來？我也是。 本節目由 HARU 含春贊助 堅持要帶給你「完美的情愛體驗」的HARU又再次創新😍 歷經兩年的研發，HARU含春終於成功推出了STEAMY熱愛型保險套！ 將HARU最知名的熱感潤滑液與保險套結合，一款有溫度的保險套就此誕生🔥 😚STEAMY Thin 熱愛輕薄型保險套使用起來「輕薄絲滑」 👑STEAMY King Head 熱愛型保險套則是「前端加厚」 兩款則都添加了「STEAMY大麻熱感潤滑液」，帶給你熱感愛潮般的體感享受。想要知道兩款使用起來不同的地方在哪裡嗎😏，那就快親自來體驗看看吧！ 偷偷跟你說…🤫「搭配HARUOrgasm大麻熱浪迷情潤滑液更刺激更享受～」 	https://player.soundon.fm/p/954689a5-3096-43a4-a80b-7810b219cef3/episodes/b7b83c93-f74c-42df-892f-8a3d12083512
200	2021-12-11	EP200 | 提款仔	48.1	米國高層賣股額創新高是稅務問題啦，也不是說看壞還怎樣的。他們很多股票還因為 option + RSU，看似狂賣卻持股反而增加超爽der。 本集節目由拜耳拜維佳贊助 在工作滿檔的12月，面對各種股市寒冬及疫情風聲，你是不是已經做好萬全準備～ 主委邀你跟拜維佳一起打起精神 #POWERON ，小小一錠攜帶好方便，維持思緒清晰，對抗寒冬不擔心。 **#拜維佳主委獨家優惠 **挺你到底，拜維佳30錠2入組限時優惠61折，領券再送$50，快揪前後左右同事一起團購買一波！ #跟主委一起對抗寒冬 #獲利POWERON 連結：https://reurl.cc/EZ9Xx1 內審字號: CH-20211201-	https://player.soundon.fm/p/954689a5-3096-43a4-a80b-7810b219cef3/episodes/ee05b625-7a78-472e-b8fd-a7f5036a429e
199	2021-12-08	EP199 | 挖挖	47.4	挖挖挖 買績優股聽股癌，養出肌優寶靠 #妙而舒 👇雙十二【破盤下殺】+【主委專屬優惠碼】現折優惠 往下看領取👇 菜雞爸媽必投資1 #妙而舒_頂柔舒護 1) 如喀什米爾羊毛般五星級蓬軟，一摸就知道選對了 2) 100%*透氣素材，維護小屁屁健康和平 3) 超萌粉嫩色，叫老公尿布記得買那款粉色包裝 寶寶會翻身後必投資2 #妙而舒_妙兒褲 1) 2.5倍**超彈力腰圍，爸爸也能輕鬆套牢好動寶 2) 波型透氣腰圍，乾爽舒適無負擔 想要管理小屁屁皮膚風險 主委選用來自日本肌研究的「妙而舒」 通過 #小主委屁屁五星認證 🎵 呵護屁屁 #妙而舒好亞沙系やさしい 【入手尿布績優股妙而舒傳送門 #限時優惠 至1	https://player.soundon.fm/p/954689a5-3096-43a4-a80b-7810b219cef3/episodes/d21844c8-ab92-49fb-8993-3b5f957e1e49
198	2021-12-04	EP198 | 破壞式創新低	47.5	破壞式創新股正在破壞式創新低，殺聲震天除了躺平、祈禱，打世紀帝國，還是有很多事情可以做。 家裡亮晶晶，財神笑嘻嘻 伊萊克斯新一代完美管家無線hepa吸塵器，比五折還便宜!! 1、hepa等級濾網：過濾效果更強大，有效對抗塵蟎等過敏源 2、500g無重力手感：清潔非常省力，男女老幼都能輕鬆的使用。 3、毛髮截斷功能：不需徒手清理，即可輕易解決吸頭被毛髮纏繞的困擾 4、吸頭大全配：5款吸頭，床墊、細縫、沙發等任何死角都可以完美清潔。 5、可自行站立設計，走到哪站到哪，不需要另購收納架! 【主委專屬優惠重點】 1、輸入股癌專屬折扣碼gooaye，吸塵器直接折價5910元，買愈多折愈多! 2、滿額再送	https://player.soundon.fm/p/954689a5-3096-43a4-a80b-7810b219cef3/episodes/f6439b48-6c8c-448d-b023-20223c6df282
197	2021-12-01	EP197 | 樂透仔	45.6	你會因為股票今天漲而糾結昨天為何賣，跟樂透開出來你後悔沒簽那幾個號碼其實是差不多的意思；聊一下避險、部位風控。 本集節目由 OhMai 與《世紀帝國 4》贊助 繼最經典的二代推出睽違長達 22 年後，正宗四代續作帶領玩家重新找回 PC 即時戰略遊戲的榮光。透過 OhMai 購買《世紀帝國 4》PC Steam 中文數位標準版只要 NT 1,390 元，輸入折扣碼 gooaye 可再折 40 元、比 Steam 商店現省 149 元！ 這款真的超好玩，一窩蜂火箭弄到你哭，法蘭西騎士，村民的夢魘。 連結：https://AOE4.OhMai.tw/gooaye 折扣碼：gooaye 股癌傳送門：h	https://player.soundon.fm/p/954689a5-3096-43a4-a80b-7810b219cef3/episodes/ffa7b0ad-f364-48d8-85e4-523c27f9113f
196	2021-11-27	EP196 | 黑色星期五	47.0	打折囉== 本集節目由 Voicetube Hero 贊助 -影片情境學習，多元活潑題材 囊括各式生活化、最新時事、多元主題影片並深入解析，透過情境主題，學習如何運用相關單字、片語、互動對話語句 。 -口說AI語音分析，為生活對話打下扎實基礎 單句口說練習針對難字、特殊發音、連音等發音技巧講解，再以模仿的方式進行口說錄製練習，給予口說精準與流暢度的語音分析與回饋。 -獨特AI智能推薦系統 根據受國際認可的歐洲共同語文參考標準分級，智能即時調整個人課程難度，這與傳統補習班的固定教材與上課進度的教學方式有所差異，藉此找到最適合學員的學習步調。 零元挑戰 11/26-12/10 VoiceTube即	https://player.soundon.fm/p/954689a5-3096-43a4-a80b-7810b219cef3/episodes/d03cf3d2-741f-42b9-b34e-f8bd04e0ee1c
195	2021-11-24	EP195 | 台非友好	46.4	台灣是僅次於南非持有南非幣數一數二多的國家，我想跟看完瘋狂麥斯後有很多莎莉賽隆粉有關。 【犀牛盾Clear透明手機殼系列 】 一體成型極致工藝打造而成，乾淨無暇的透明外觀完整呈現手機「真實」的樣貌 1. 延續品牌著名的防摔技術，擁有超越軍規等級的耐衝擊性。 2. 經SGS檢測結果不含雙酚 A，抗黃化設計，解決透明手機殼最為困擾的黃化問題。 3. 8色鏡頭框 、26個按鍵鈕，以及6色掛繩可供自由選擇搭配 4. 全新掛繩配件解放雙手 5. 掛繩材料使用寶特瓶以及紡織品回收紗線，調節扣和繩頭扣則是以RhinoShield犀牛盾回收的塑膠背板製成，在展現個人風格的同時也為地球的環境永續盡一份心力。 C	https://player.soundon.fm/p/954689a5-3096-43a4-a80b-7810b219cef3/episodes/484efa98-aec2-467b-9e88-d307cab7729f
194	2021-11-20	EP194 | 2022 大浪	45.5	週五晚上發現全世界的主要被動元件廠都在漲，是聞到什麼味道還是巧合？宏達電裝了四個充電樁不給我充電==。 預購突破3,600,000元，芬蘭原廠設計，NOKIA智能抗噪音樂耳機限量預購中！【股癌粉絲獨家優惠】預購優惠2,199元(未來售價4,999元)，獨家送原廠5A閃充傳輸線！ 手刀搶購→https://zecz.ec/3CkLtFc ✔️一鍵切換ANC與環境音模式 ✔️自動偵測通話模式 ✔️25HR強勁續航 ✔️無鹵環保材質 ✔️單耳輕量4g ✔️藍牙5.2晶片更順暢 上市前，NOKIA耳機台灣團隊蒐集超過800份問卷，希望找出大家在使用藍牙耳機時最常遇到的困擾。我們發現，超過一半以上的使用	https://player.soundon.fm/p/954689a5-3096-43a4-a80b-7810b219cef3/episodes/4d98e5a2-3e33-4957-b823-4aad37e2e36d
193	2021-11-17	EP193 | =≠！	46.7	缺貨受害仔的潛在春天，標題是棒球隊流氓示意圖。 本節目由HP贊助 Smart Tank795辦公旗艦印表機，給你最精彩極致、聰明無限的列印體驗，透過HP Smart App就能遠端設定工作流程，同時支援USB快速列印並採連續供墨技術，最低單張列印成本不到0.07元，給你超大印量的實惠列印享受； 如果你在雙十一沒搶到，沒關係，HP提供主委聽眾享優惠折扣1000元，歡迎點擊以下連結立刻購買！ https://bit.ly/3FnfyWz 股癌傳送門：http://linktr.ee/gooaye -- Hosting provided by SoundOn	https://player.soundon.fm/p/954689a5-3096-43a4-a80b-7810b219cef3/episodes/abaa069b-df1a-458d-a86c-e8d6b94a0c97
192	2021-11-13	EP192 | 專業投資人	45.5	實務上拿得出三千萬你就可以變成特級廚師_專業投資人。 本集節目由國泰產險贊助。 股癌聽眾專屬優惠!! #投保車險加碼抽Switch 開車在路上擔心愛車被撞，維修費負擔不起嗎？ 國泰產險網站，讓你在外用手機也能輕鬆操作，最快五分鐘就能完成投保！ 不懂商品也沒關係～從保險介紹、試算到投保完成，網站上全部都有。 而且現在正值國泰產險線上週年慶期間，除了Switch外一口氣還可以抽超多好禮，其他商品優惠大家可以自己去網站看看! ▼主委專屬加碼好康▼ 1. 於2021/11/13~12/13 期間，透過下方連結或輸入主委專屬活動碼【gooaye】成功線上投保強制險，加碼再抽「Switch (1名)」。 	https://player.soundon.fm/p/954689a5-3096-43a4-a80b-7810b219cef3/episodes/ef5364d5-aa04-4eeb-bab4-55719a8d36fa
191	2021-11-10	EP191 | 想像力就是超能力	44.4	那天突然被電到一下，你用上市櫃公司的估值去看宏達電會覺得到底貴沙小的，但如果用 NFT、幣圈、元宇宙的角度，這家有 VR、有手機、最近又有 NFT 的公司超便宜耶… 那是一個魷魚幣、各類狗狗幣，各種 jpeg 都可以 to the moon 的世界。 力度伸C+D+鋅 黑醋栗口味 30錠兩盒組 兩盒原價$1,920， MOMO現在雙11期間特價 57折只要 $1,090，買再送五月花厚棒袖珍包(1袋) 主委聽眾專屬額外優惠 股癌聽眾點擊下方折扣連結領取折價券，直接特價再現折50！ 提醒贈品數量有限, 送完為止, 現在購買優惠最多 沒搶到贈品的朋友沒關係, 品牌年末感恩大家支持, 現折活動一路走	https://player.soundon.fm/p/954689a5-3096-43a4-a80b-7810b219cef3/episodes/82957288-7623-4dc9-add5-5f4b3f557c8a
190	2021-11-06	EP190 | 期貨	45.1	ep189一ㄍ聽眾說他之前做期貨都被說是投機仔，期貨真的只有投機ㄇ？ 本集節目由德國淨水專家 - @BRITA.Taiwan贊助 股癌親身五星體驗，德國BRITA好水 從濾水開始，讓健康好水，用健康的身體迎接海上的大風大浪 【BRITA x MOMO雙11購物節】超殺優惠重點 ① 11/6-11/8輸入股癌獨家折扣碼Gooaye，即可享不限品項50元折價券 ② 註冊BRITA會員 再抽1年份濾芯組 ③ 指定品項最高回饋20% (含mo卡10%) ④ 指定品項送專屬贈品 (WMF鍋、大同電鍋、1111mo幣等) 【專屬折扣碼 點我】 https://bit.ly/3mFMP96 【BRITA 從	https://player.soundon.fm/p/954689a5-3096-43a4-a80b-7810b219cef3/episodes/29337974-6040-4b84-b242-dd6f9c9e3c59
189	2021-11-03	EP189 | 吃筍是為了可以一直吃筍	47.9	為何要停損？因為時間/金錢是有限的，承受不起一次過大的傷害。除非你是富豪或是永恆族，那就是另外一回事了。 本集節目由原食實驗室 - 貓咪狗勾ㄉ最愛贊助 秋口愛吃的原食實驗室又來啦，這次針對冷凍乾燥食品推出一系列新的純肉凍乾：蛋黃、火雞、黑豬肉，都讓家裡愛挑嘴的寶貝們可以大快朵頤一番。 9 折優惠碼：gooaye2 立即下單即刻吃爆：https://reurl.cc/xEeQgV 股癌傳送門：https://linktr.ee/gooaye -- Hosting provided by SoundOn	https://player.soundon.fm/p/954689a5-3096-43a4-a80b-7810b219cef3/episodes/0a5f08e0-dd62-450a-a475-f4b1fde43e7f
188	2021-10-30	EP188 | 相信蜥蜴	43.5	蜥蜴來到信仰之躍的時刻，META 會拖垮公司還是會是新的出路？同時聊一下 telegram 群友敲碗的交易手法淺談＿不要迷信聖杯，只有適合與不適合沒有太多好壞。 本集節目由賞心樂事贊助 史上最美卡式爐，姍姍來遲，邀你一起感受餐桌上的美景，來看這組「dr hows絕美卡式爐+煎烤盤」 1、輕量設計可在餐桌上方便烹煮，戶外露營也輕便 2、簡潔造型上加入清新色彩，讓人一眼就愛上 3、好清潔不易髒 4、設有孩童安全裝置及瓦斯罐雙重安全裝置 5、通過台灣商品檢驗，品質安全安心 最冷冬天來臨，陽台客廳煮鍋必備良伴，限時賣場只到11/5 https://gbf.tw/g6ttw 股癌傳送門：http://l	https://player.soundon.fm/p/954689a5-3096-43a4-a80b-7810b219cef3/episodes/96f6ed39-5d61-4205-9d68-59c1f97ac76e
187	2021-10-27	EP187 | 一個月前安安靜靜	45.9	沈默循環就是這樣，小小的修正就能擊潰很多人的信心，市場情緒常在極端值間跳動；若小修正就崩壞，那如果真正的大跌呢？也聊一下 FB, MSFT 的財報。 本集節目由水果豬高級進口水果店贊助 #產地直送，新鮮如同現採，每日班機天天飛 #日本空運抵台 #日本農協認證 各式日本頂級進口水果、各色稀有品項，大宗貨源、充足供應 【秉持嚴格品質控管】 出貨前，逐一檢查水果，完善保護固定，防止運送中晃動，優於黑貓冷藏宅配包裝的標準。 【優質的VIP服務】 #一對一服務，貼近顧客需求，客製化推薦、貼心效率回覆。#嚴謹的SOP，來對待每一項頂級新鮮水果。 #水果豬 的 #長野麝香葡萄，飽滿果粒放入口中、爆炸性的麝香	https://player.soundon.fm/p/954689a5-3096-43a4-a80b-7810b219cef3/episodes/388c1aa9-e54d-4088-bbcc-b24aa198caac
186	2021-10-23	EP186 | 公主道車神回來了	43.3	最近美股又熱鬧起來才發現川普離開的一年間股市雖然持續爬，但激情也少了不少；聊下 TMTG 和特特。 本集節目由台積電贊助 聽過Q3法說的都知道，台積要在日本設廠了，而且離2奈米不遠了。果然只有GG才能超越GG。但還是要有志同道合的你一起共創奇蹟，才能飛得更高更遠。 各位，假如你是明年的碩博畢業生，別錯過登積的機會，這次預聘活動真的香！投履歷沒那麼可怕，你可以隨時上系統修改台積履歷沒問題，啊如果有問題，下禮拜還有最後一週的徵才說明會，請點本文下方連結報名👇 2022台積電預辦登積計畫（包含研發替代役） ✨預聘（含研替）專屬✨ ◆ 預計今年底前完成面談，最快明年１月拿到聘書 ◆ 申請預聘且成功登積	https://player.soundon.fm/p/954689a5-3096-43a4-a80b-7810b219cef3/episodes/9a5313a9-6537-4033-9c81-94282ec77e5e
185	2021-10-20	EP185 | 網飛往天上飛	39.5	之前往地上飛財報前加碼ㄉ我現虧 10% 之後，現在一回神已經漲一百多元了紀念一下。 風險控款靠股癌 頭皮控管靠森歐黎漾 熱銷全球14國 MIT洗沐品牌森歐黎漾SAHOLEA 換季必備 淨平衡茶樹系列 皮屑搔癢先止停 髮根蓬鬆秒回升 無論男女都可輕鬆做好頭皮管理 告別換季頭皮暴雪！ 即日起至2022/01/20止 官網結帳輸入主委專屬折扣碼GOOAYE 可享最高$250折扣 茶樹控油止癢抗屑組： https://mwf.one/vzsRk 茶樹勁涼蓬鬆抗屑組： https://mwf.one/9q4nK MOMO旗艦館開館慶 立享9折券： https://mwf.one/CXkzi 蝦皮旗艦館 	https://player.soundon.fm/p/954689a5-3096-43a4-a80b-7810b219cef3/episodes/a8ce2052-363f-4748-892c-d59507d57ae2
184	2021-10-16	EP184 | 肥尾	44.8	講肥尾應用。 本集節目由台新商務卡贊助 ｜2021必須擁有的信用卡｜ ．台新商務卡． 讓您輕鬆消費，累積兌換頂級禮遇 📍期間限定 辦卡首刷再抽最新的iPad mini：https://result.friendo.com.tw/YYwQm ▼台新商務卡 2021年Q4首刷好禮三選一▼ 1. 刷卡金 NT$1,600 2. 藍芽耳機 (定價 NT$4980) 3. 無線充電臭氧紫外線燈殺菌盒 (定價 NT$2980) 【加碼送】累積消費達 NT$20,000，再送 NT$2,000多選一即享券(限量600分，可選屈臣氏、家樂福、遠東百貨、遠東SOGO百貨) ▼消費享頂級回饋▼ ✔國內刷卡滿額禮最	https://player.soundon.fm/p/954689a5-3096-43a4-a80b-7810b219cef3/episodes/fe9c4c06-49ca-4caf-8926-b80875a838de
183	2021-10-13	EP183 | 海邊車車	42.8	最近台股在摔鴻海集團卻硬挺挺，聊一下鴻海的電動車和關係企業。 比感情更經得起風雨、比投資更經得起環境試煉， 天氣界資優股「V-TEX地表最強防水鞋」一雙就能搞定一年四季。 👇V-TEX強檔系列 新色上市 - Weave時尚潮流黑 【真。完全防水】 不再是市面上防潑水，而是真正防水！就算連續泡水24hr也不怕！常保雙腳乾爽舒適 【打破防水鞋傳統印象】 完美結合防水、透氣、輕量等12大特色，簡約百搭，穿著感更與一般休閒鞋無異，輕鬆就能穿上一整天 【銀纖維技術】 此系列添加銀纖維，可抗菌抑味，不再擔心異味纏身 【3M識別系統】 兩側與腳跟的識別，採用3M反光材質印刷，夜晚更是吸睛 💥官網搬新家 好禮	https://player.soundon.fm/p/954689a5-3096-43a4-a80b-7810b219cef3/episodes/30c3eb7b-5049-41d0-a2dc-7a1e0a233d52
182	2021-10-09	EP182 | 別人都跌就你最特別	44.7	九月初納斯達克修正至今 -5% 的條件下特斯拉漲了 7.5%，一反今年軟桿特性，聊一下特的股東會內容。 股癌聽眾專屬優惠 #10/15截止 #五倍券用起來 #超殺66折 空氣變好，財神來罩 伊萊克斯Pure A9空氣清淨機，消保處抽驗，潔淨效能第一 1、 五層過濾網，可濾除奈米級病毒和細菌，擁有99.9%以上的抗菌力 2、 五角設計，可釋放螺旋狀氣流；超高換氣效率，可快速淨化家中空氣 3、 北歐風外型，放在家裡就是一台藝術品! 4、 使用app即可遠端開機，隨時觀察家裡空氣狀況 5、 獲得歐洲過敏研究基金會(ECARF)認證 季節交替空氣品質拉警報，快來為家人添購一台強大功能的空氣清淨機! 【	https://player.soundon.fm/p/954689a5-3096-43a4-a80b-7810b219cef3/episodes/36ca2193-408a-4044-81a6-ed055d65af27
181	2021-10-06	EP181 | 第五屆沉默循環	37.5	進入市場就是一門修練哪，要接刀要慢慢接。 本集節目由 Lalamove 贊助播出 Lalamove為24小時即時物流媒合平台，手機App一鍵下單，提供機車、廂型貨車、貨車等多種車型，更於今年推出全新的「跨城貨運」服務，翻轉過往市場對於即時物流只能送餐點、文件等印象，重塑台灣的物流模式。看準長途貨運的即時物流需求，跨城貨運服務仍維持Lalamove特色，支援24小時隨叫隨送與GPS即時貨態追蹤，以專件包車配送，距離越遠越便宜，價格超實惠。 #雙11大促電商即時出貨 電商大促雙11於下個月開打, 還擔心物流塞車無法即時出貨嗎? Lalamove 24小時隨叫隨送全年無休, 還提供多種車型隨你裝! 	https://player.soundon.fm/p/954689a5-3096-43a4-a80b-7810b219cef3/episodes/95f70713-da4b-4776-bc07-6f355b7c2bcb
180	2021-10-02	EP180 | 走火入魔	41.8	這集講走火入魔的過程，當你以為找到真理，結果又是另一面牆。 本集節目由利捷維贊助 利捷維有酵男&女性綜合維生素 忙碌的生活沒時間補充各種身體所需的維生素? 就讓醫師跟營養師推薦的好品牌 #利捷維 來當小幫手! 輕鬆一小顆就能補充一日所需，還分男&女款，讓維生素補充得更精準~ 利捷維有酵男性綜合維生素+鋅錠 含有13種維生素+8種礦物質，提供男性生理所需鋅，有助於維持生殖機能，好活力健康滿分 利捷維有酵女性綜合維生素+鐵錠 含有13種維生素+9種礦物質，提供女性生理所需微膠囊鐵，微膠囊技術沒有金屬味，好吸收、好氣色，美麗滿分 知名江坤俊醫師唯一推薦，健康更有酵 原價2罐1360元，現在任選2罐只	https://player.soundon.fm/p/954689a5-3096-43a4-a80b-7810b219cef3/episodes/c3132088-537d-4e29-b648-a04bfd91af9d
179	2021-09-29	EP179 | 停電	42.3	就聊停電。 本集節目由犀牛盾贊助 RhinoShield犀牛盾也搶先推出適用於新機種 iPhone 13 系列的 SolidSuit 防摔背蓋手機殼、Mod NX 防摔邊框背蓋兩用殼和3D壯撞貼。 一體成型的SolidSuit防摔殼或是飾條背板可拆換的Mod NX，都能完整包覆手機，加高的鏡頭框設計細節，讓你不擔心放手機時鏡頭會高於接觸面的磨損問題。 滿版設計的3D壯撞貼，除了可以避免手機螢幕刮傷，獨家塑料材質，能有效吸收衝擊力道，降低螢幕碎裂的風險。 Mod NX 和 SolidSuit 都有多樣配置能選擇，供你組出最好看的 iPhone。不僅如此，RhinoShield 犀牛盾還提供客製化	https://player.soundon.fm/p/954689a5-3096-43a4-a80b-7810b219cef3/episodes/77a447f0-0ba5-4f89-86ac-386ef193e7bd
178	2021-09-25	EP178 | 別查瑪利歐兄弟真人版	43.6	介紹好書，一群打牌、量化交易仔征服市場；小聊任天堂的發表會。 本集節目由 🛰 SAT. Knowledge 知識衛星&⚡Ricky神速文法課 贊助 #文末抽獎 很多的人在考完多益之後，常常不知道該怎麼讓英文程度更進一步；要把英文變做邁向成功的基礎，你需要的不只是會考試解題，更要能在生活中自然的運用。️ 英文名師 Ricky，帶著你用淺顯易懂的方式，去理解 #英文文法脈絡 和 #常用型態 ，快速度做出反應；搭配各種生活話題與情境範例，讓你能真正提升英文「用」的能力。 【 #主委灑福利 限時優惠 4 折到 10/10 】 領券輸入主委專屬優惠碼「股癌 」，除限時優惠4折外，還能再多折扣 $300 	https://player.soundon.fm/p/954689a5-3096-43a4-a80b-7810b219cef3/episodes/c25246cc-2b54-4f48-87d2-2f9e3620df7c
177	2021-09-22	EP177 | 半夜打牌	44.9	半夜跟群友打牌產生了這集的心得。 本集節目由 KIEHL's 契爾氏 贊助 | 11kDa超導全能修護露(神力小紅瓶) | 超速修護，解決8大肌膚問題：乾燥、泛紅、瑕疵、暗沉、粗糙、失去彈性、皺紋、油光。 | 激光極淨白淡斑精華 | 淡痘疤超快！1滴終結3種暗沉困擾，讓你肌膚超透亮。 | 金盞花植物精華化妝水 | 舒緩7大肌膚問題敏感、泛紅、油光、痘痘、粉刺、乾燥、毛孔粗大，天然植物萃取、無酒精、無香精、皮膚科醫師＆成分專家推薦。 | 冰河醣蛋白保濕霜 | 舒緩肌膚敏感＋同時保濕肌膚，你皮膚乾、泛紅、脫皮通通都可以用！ 宅男宅女懶得出門看這邊👇 股癌聽眾獨家折扣碼：GOOAYE，下單只要超過$	https://player.soundon.fm/p/954689a5-3096-43a4-a80b-7810b219cef3/episodes/59cf9229-3a29-49f8-a99d-a89499f4e1ad
176	2021-09-18	EP176 | 塞車點我	43.8	中秋節快樂，跟大家聊一下很多人關心的恆大集團事件，以及 Gogoro 透過 SPAC 赴美上市。 本集節目由全面屍控贊助 有喪屍有喪屍有喪屍纏著我 徐懷鈺代言末日生存策略手遊《全面屍控》週年慶活動現正進行中 免費200抽，新英雄貝卡，陰屍路聯動英雄戴瑞，通通免費獲得！還有全新劇情、全新玩法，超多福利大放送，參與遊戲探索全新副本，簽到就送橙色英雄貝卡！除了200抽寶箱大獎贈送，揪好友一起玩，還有機會贏得終極末日生存大獎藍寶堅尼喔！超多劇情彩蛋等你發掘！ 菜雞特別福利，專屬連結下載遊戲有機會獲得Line points、7-11商品卡 下載連結：https://stateofsurvival.co/	https://player.soundon.fm/p/954689a5-3096-43a4-a80b-7810b219cef3/episodes/347c87df-604e-4b8a-b6cc-35b3c6f7c1d9
175	2021-09-15	EP175 | 天峰回來到	42.5	就決定換天峰藍了，A15 快多少、效能增幾個百分比和價錢增幾個百分比，我們果粉可是一點都不在意ㄉ喔。 本集節目由西班牙輕珠寶 MAJORICA 贊助 來自歐洲西班牙輕珠寶MAJORICA，於1890年誕生於地中海馬略卡島，130年獨家工藝打造#世界第一顆手工E珍珠。 自然生態0 污染，節能愛地球，每一顆都獨一無二，並且享有#十年保固。 E珍珠的含義是 ： ➤Earth Friendly 友善自然 汲取地中海海洋精粹，層層包覆打造，不傷害海洋以及珍珠貝，是真正的#素食珍珠。 ➤ Easy-to-wear 輕鬆穿搭： 方便當代女性生活配戴穿脫便捷，通過SGS 歐盟 EN12472 高規格檢測，不過	https://player.soundon.fm/p/954689a5-3096-43a4-a80b-7810b219cef3/episodes/eb5627cf-7f48-4f34-a33f-4a5a5d72adcb
174	2021-09-11	EP174 | 路上的皮卡丘	40.3	聊一下臉書和雷朋的 AR 眼鏡和蘋果 v Epic 的看法和影響。 本集節目由 Samsung 三星電子贊助 Samsung Galaxy Z Fold3 5G與Z Flip3 5G摺疊旗艦正式在台上市，邀請大家進入大「摺」學時代，讓消費者能盡情享受生活裡隨處可摺的驚喜，讓每個人都成為大摺學家。 ✨ Galaxy Z Flip3 5G 玩美設計，翻轉時尚摺學力✨ ●輕巧造型與繽紛色系：絨絲白、幻影黑、石墨綠、日落紫多款繽紛顏色，讓老婆每天看都笑嘻嘻，時尚輕巧外型，讓她美上加美，轉身成為時尚辣妻。 ●免手持拍攝：可免手持將手機摺起，拍出以往無法做到的自拍角度，約會輕鬆完成自拍，再也不用為了拍不好	https://player.soundon.fm/p/954689a5-3096-43a4-a80b-7810b219cef3/episodes/cec691e0-0cdc-42d4-93e1-aa03153dfea5
173	2021-09-08	EP173 | 咕嚕咕嚕	44.4	這下子大家一起咕嚕咕嚕了，聊一下最近市場對於供應鏈的一些消息。 主委秀髮認證 解決頭皮油痘癢最終秘方 頭皮清爽大使 藥師羅西洗髮粉 謝主委專屬代碼『GOOAYE』 #加入會員輸入主委專屬代碼『GOOAYE』即可享以下優惠： 1.滿1400元送190 元（洗髮粉試管3g正貨）。 2.滿5000元送700 元（洗髮粉50g正貨）。 3.滿9000元送1400 元（洗髮粉50g正貨兩罐）。 活動時間從：2021/09/08-2021/09/22 23:59為止 ◤藥師洗髮粉 頭皮清爽五星吹捧 #窄口不適用補充包 https://lihi1.com/uPs6s ◢ ◤洗髮粉補充包5入組 環保組合減少廢	https://player.soundon.fm/p/954689a5-3096-43a4-a80b-7810b219cef3/episodes/36f16881-4965-4991-af77-8066893eaa77
172	2021-09-04	EP172 | 借停一下	41.4	股市一直漲，一路上大家都很怕，從去年講說要減碼到現在，但問題並不是單純的減碼，而是減碼後呢？錢又要放去哪？同個標的想要高賣低買，是大家都想做到，但實際上沒多少人做得到的事情；同時聊一下海外券商相關問題。 本集節目由拜耳拜維佳贊助 頭沉、口渴、太熱的時後，拜維佳一顆丟下去督嚕督嚕打打打，一口灌下去涼快過癮歡樂送直達，POWER ON! 一整天活力搞定。 拜維佳 30錠兩盒組 主委雙重福利 優惠期間: 9/4-9/11: 1) 兩盒原價$1,898, 主委特別優惠期間 63折 $1,196, 2) 點擊下方折扣連結主委獨家折扣碼再現折$50 連結：https://www.momoshop.com.	https://player.soundon.fm/p/954689a5-3096-43a4-a80b-7810b219cef3/episodes/26d8a75c-5757-4660-8210-ec4ffa2255bb
171	2021-09-01	EP171 | ☆㊣↙GG614↗㊣☆	44.9	也沒啥，就是 LoveGG 年初買了台積電在 614，從此那邊有一道看不見的牆，最大權值股被當塑膠，致敬一下祝早日攻破。這集聊中國連續鐵拳的潛在隱形受害者，比較少被提到的奢侈品品牌，然後一些後市看法。 BFFECT好肌膚精華研究室** ** 《主委專屬優惠組合79折輸入優惠碼「GOOAYE」再折**100 **最高幫你省700》 ** ※專屬優惠連結：https://bfc.cool/jDPNk** 優惠只到9/15，記得要用優惠碼【** GOOAYE **】 ※BFFECT所有商品：https://bfc.cool/5Kgmy 自選保養長期優惠碼【** GOOAYE **】做您開啟好肌膚的第	https://player.soundon.fm/p/954689a5-3096-43a4-a80b-7810b219cef3/episodes/abe95f26-fb50-4c52-9c85-1cbcd1eda2bf
170	2021-08-28	EP170 | 菸要起價ㄟ餒	39.9	遇到人家要漲價？以雞排店和台積電舉例。 Hero線上英語課程為VoiceTube其中一款產品，以現下熱門影片素材搭配多元題型，提升聽說讀寫能力；並有AI智能系統，動態調整課程難度，協助使用者找尋到最適合自己的教材，在最短的時間內有感提升英文能力。 8月26-9/10 VoiceTube即將推出新一輪的「2021 Hero零元挑戰」，只要每週上四堂課即能全額退費。已有萬名用戶零元挑戰成功，等於可以免費學英文。對於想要掌控國際趨勢，提升英語能力，了解國外股市朋友們來說是最佳幫手！ 股癌專屬9折優惠碼 gooaye 連結：http://voicetu.be/3kswxy 股癌傳送門：https://	https://player.soundon.fm/p/954689a5-3096-43a4-a80b-7810b219cef3/episodes/1cbfed2f-a1f2-49f2-959d-973b7ffcbd2f
169	2021-08-25	EP169 | 損害控制	38.2	一種是機械硬性設定價位停損，跌破當看錯；另外一種是風控為根本，設定每個部位上限，如此一來就算跌成壁紙，那也就是設定的%數而已不會歸西，也不會說抄底抄到變成大股東；聊股市近況和強勢族群。 本集節目由 H-U-N HUN餐飲集團贊助 來自台中的冠軍義式餐飲集團，推出全新產品［宅JAI經典橘肉醬］，將賣爆７０萬份的經典橘醬口味神還原，微波加熱就能拌飯拌麵拌冬粉任你拌，不管上班或在家都能輕鬆做出好吃餐點！ 即日起到9/15 ，上主委專屬賣場，有三種經典禮盒組78折特惠起任你選，再多贈一包讓你消夜也可以吃 專屬賣場連結，買起來就對了：https://bit.ly/3xVQ4eQ 股癌傳送門：https:	https://player.soundon.fm/p/954689a5-3096-43a4-a80b-7810b219cef3/episodes/234c2811-a450-4539-8ed6-ba7e8e62987d
168	2021-08-21	EP168 | 168ㄟ台股週一彈啦	45.2	彈！彈！彈！彈！聊一下台股的看法和分享一下 onlyfans 自斷經脈, tesla bot, amazon 百貨的想法。話說，NVDA 又創新高了，換算拆股前是 828 了，就慢慢看著他長大。 「吉時保」在2018年超越業界成立了網路投保平台，核心精神在於扭轉保險以往繁重、複雜、難以接近的形象，期望以簡單、快速、平易近人的本質，提供以消費者需求為導向的創新保險。 共享汽車加碼險針對iRent. Zipcar,格上車共享三種共享汽車作保障。在台灣，其實人們對於「租車要保險？」這件事情其實很模糊，也有人認為自己技術夠好，沒那麼衰會被撞；或是認為小車禍乾脆就自掏腰包付了就算了。再加上我相信這就跟投	https://player.soundon.fm/p/954689a5-3096-43a4-a80b-7810b219cef3/episodes/61c38ef5-6a77-489a-988c-c5ba60bed9df
167	2021-08-18	EP167 | 被嚕牆上三天挖不下來	46.0	這應該是這陣子很多人的感受，聊台美股近況和觀點。 本集節目由百富單一麥芽威士忌贊助 【百富威士忌 一心一藝 說來聽聽】由黃子佼引領，一探4位創作領域一心專注的創作者，聊 聊作品背後的故事 Sound on傳送門👉https://reurl.cc/XW3Zn0 股癌傳送門：https://linktr.ee/gooaye -- Hosting provided by SoundOn	https://player.soundon.fm/p/954689a5-3096-43a4-a80b-7810b219cef3/episodes/642bc569-fb39-4d56-8ff7-e1d8304c70df
166	2021-08-14	EP166 | 滾石不生苔滾石滾下山	47.7	許多策略都有其適合的市場，想隨市況轉換不同策略困難也進階，別忘了暫時休息靜待機會、買進並持有這些基礎選項。 本集節目由養元堂贊助 從藥房起家的養元堂，秉持著初心製作零食漢方，嚴選可食用中藥材原料，GMP藥廠合格檢驗生產，自動化產線密封包裝，SGS檢測合格，養元堂六十年老字號保養品。 「養元果」漢方喉糖，入口的酸甜淡薄是烏梅和甘草，薄荷的清涼果著羅漢果和藕節，長柄菊、麥門冬、彭大海都讓蜂蜜給包覆讓你保持好精神、保護你的喉嚨。 「明亮果」萃入5mg的游離葉黃素，搭配中國九大仙草之首的古代貴族專屬鐵皮石斛，營養豐富。3C滑不停，靈魂之窗一片明亮。 『不舒服就含我』 股癌專屬 1+1 組合（養元果x1	https://player.soundon.fm/p/954689a5-3096-43a4-a80b-7810b219cef3/episodes/fc5ccd35-c4e9-427a-a8b2-afe4e82ca90b
165	2021-08-11	EP165 | 秤斤論兩	43.5	聊估值，和加速估值速度，讓別人幫你打工，你只要負責做決定ㄉ方法。 本集節目由德國淨水專家 - @BRITA.Taiwan贊助 不管想當鋼鐵人還是航海王，健康的身體是成就財富的首要之務， 人體70%由水組成，所以身體要健康，喝好水當然是重要關鍵 風險管理靠股癌，好水管理就放心交給BRITA吧！ 【BRITA x MOMO 817超級品牌日】六大超殺優惠 ① 你消費我買單：8/16前預先加入購物車，並於8/17結帳，即可抽購物車BRITA商品免單 ② 滿千送百：全館商品均享滿千送百，回饋無上限 ③ 滿額回饋：滿 $2500再回饋2%、滿 $15000再回饋10% mo幣(不累贈) ④ 滿額登記抽：	https://player.soundon.fm/p/954689a5-3096-43a4-a80b-7810b219cef3/episodes/36e13052-38bf-40cb-82cf-bde81f773296
164	2021-08-07	EP164 | 股海方唐鏡	44.8	有一好沒兩好，想追求極致的資金效率，就會用大量的摩擦成本來交換。 本集節目由 「帶給你完美性愛體驗的HARU 含春」贊助 主委聽眾專屬優惠！輸入「gooaye」即享全館9折！ 體驗高潮漲停板>> https://letsharu.cc/GOOAYExHARU HARU首創大麻熱感高潮潤滑液，酥、麻、熱、暖的體感搭配HARU保險套，絕對讓你在茫茫股海中與另外一半談一場安全又長紅的愛情！ HARU獨家特點： - 高級精品級的包裝與內容物 - 獨家大麻籽萃取技術，有效舒緩私密處 - 添加粧品及保濕因子，邊愛愛邊保濕 - 酥麻熱暖體感，增加敏感度讓激情蔓延 不只HARU大麻潤滑液能讓刺激程度一路飆漲，	https://player.soundon.fm/p/954689a5-3096-43a4-a80b-7810b219cef3/episodes/0f51a374-509a-408e-9f7b-6748185489f5
163	2021-08-04	EP163 | 28天打工倒數	47.4	彌月禮盒給我自己出去送，聊一下SQ AFTPY 和介紹 BNPL。 疫情在走，防護要有！185 年的老品牌白蘭氏鷄精，擁有國家健康食品「抗疲勞」及「免疫調節」雙認證，15 分鐘就能提升新陳代謝，快速補充體力；天天喝，還能強化免疫力。 現在白蘭氏鷄精還推廣「12 天動 + 吃」活動，鼓勵大家連續 12 天養成良好運動及飲食習慣，搭配零脂肪、零膽固醇、低鈉的白蘭氏鷄精，天天顧好體力、免疫力，趕快來試試。 【父親節限定優惠】 即日起至 8/15 在 Momo 買白蘭氏鷄精，全館 85 折起，再抽 Mo 幣 888 元，整個 8 月，下單滿額還有多項好禮陪你歡慶父親節 快上 Momo 買起來 : ht	https://player.soundon.fm/p/954689a5-3096-43a4-a80b-7810b219cef3/episodes/da0520e4-aa4c-4666-9cec-657320fd947b
162	2021-07-31	EP162 | ( ＾o)ρ┳┻┳°σ(o^ )	47.1	聊一下台灣市場動態更新，美股財報和選擇權較為進階的應用。 本集節目由 OVO 量子電視 贊助 OVO QLED 量子電視，預購已經突破1000萬。採用 QLED 量子點技術，超廣色域，還原真實色彩，從此不需要再忍受褪色或暗沉的畫面 加上內建剛拿到熱騰騰的美國專利 OVO TV OS，是由台灣新創團隊研發，是一款真正做到個人化的智慧電視系統 單一頁面設計，不用來回切換訊號源 串流頻道、影音APP、推薦選單和常用功能，以及透過 HDMI 接入的數位機上盒、電腦、遊戲機，通通整合在首頁，一目瞭然，輕鬆上手 還有眾多強大功能與特色，像是 4K HDR10+、AV1、AI 音畫質強化、低藍光、不閃屏、杜	https://player.soundon.fm/p/954689a5-3096-43a4-a80b-7810b219cef3/episodes/b42e8b5a-5fe4-4ce4-b50f-12a9bd467d66
161	2021-07-28	EP161 | (☉∀☉)	47.6	這是我看到陸股崩完美股崩、美股崩完台股崩的表情，講一下心得。 本集節目由拜耳力度伸贊助 不管解不解封，大家還是得提高警覺，立刻把你手上罪惡的手搖飲，換成力度伸發泡錠，加入300CC冰水鋪ㄘ鋪ㄘ，炎熱的下午來一杯，不僅消暑增強保護力還能補充水分！ 力度伸C+D+鋅 柳橙口味 30錠三盒組，主委粉絲三重福利： 1)原價$2,880, 主委特別優惠期間 $1,530, 2)購買再附贈橘子工坊高效速淨洗碗精補充包430ml x1 3)點擊下方折扣連結主委獨家折扣碼現折$50, 連結：https://www.momoshop.com.tw/edm/cmmedm.jsp?npn=1vEJK1KsmBne&	https://player.soundon.fm/p/954689a5-3096-43a4-a80b-7810b219cef3/episodes/45d6c9ca-6414-47eb-b029-54ac43179c38
160	2021-07-24	EP160 | 遇水則發	43.1	一場大雨，有些人發財，有些人發爐，大家都要平安。 本集節目由伊萊克斯與錦達貿易贊助 股癌聽眾專屬優惠!!#文末抽獎 #7/30截止 全世界缺很大「伊萊克斯Pure i9.2新一代掃地機器人」 現貨到港折扣最殺，限時55折只有7天 【強大5功能，父親節必買】 1. 不碰撞(遇障礙自動煞車，有cushion蓋設計可保護精緻家具） 2. 不纏繞(電器電線/延長線會延邊打掃，不會像他牌直接過騎上電風扇） 3、三角外型設計，角落清潔能力最強 4、APP智能遙控，清掃完畫地圖給你看，掃過哪裡一清二楚 5、自動回充：快沒電時自動回充，充完再繼續掃! 【專屬雙重送!!】 1、輸入折扣碼gooaye再送$350	https://player.soundon.fm/p/954689a5-3096-43a4-a80b-7810b219cef3/episodes/d95c402b-bf9a-4350-8e72-f428cd94fe0b
159	2021-07-21	EP159 |  (´･_･`)	46.0	聊下最近的調整和介紹書。(內會聽到部分隔壁裝潢ㄉ聲音，還請見諒) 7/20-7/23蝦皮閱讀節推出股癌五星吹捧優惠 股癌專屬折扣碼【GOOAYE07】滿$299折$50 其他優惠還包含： ➤ 閱讀節多讀多便宜，$399結帳再9折、$799再88折、$999再85折 ➤ 閱讀節$299免運 ➤ 股癌推薦書單限時特價 ➤ 文創商品$699享9折 ➤ 誠品全店3折up ➤ 閱讀BOOK全館69折起 ➤ 讀冊7/20-7/22限量優惠券 ➤ 啾咪書房全館滿$399折$40 ➤ 核心書局全館66折起 (以上都是限量優惠建議7/23前趕快去搶，且都可以與全站免運券併用唷) 連結: https://sho.	https://player.soundon.fm/p/954689a5-3096-43a4-a80b-7810b219cef3/episodes/d2e590c2-4d07-4c97-883d-2625d7a1061a
158	2021-07-17	EP158 | 雜訊太多訊號弱就連風吹都要干擾	44.0	聊GG法會和下半年及明年的佈局族群。 享受真放鬆，不必要的都清空，一口茶灌下去，通通清起來。一整天埋在鳥事和沒必要的雜訊裏頭覺得心累，這時候來一罐冰的「原萃」，再一次發現世界很美好。 線上買就有👉https://skyurl.cc/uSvsKVf 股癌傳送門：https://linktr.ee/gooaye -- Hosting provided by SoundOn	https://player.soundon.fm/p/954689a5-3096-43a4-a80b-7810b219cef3/episodes/5f29d07e-efde-49e2-878c-45e8d9a11ca3
157	2021-07-14	EP157 | 姑桃火箭	42.4	New Shepard 長得很像姑桃。 長久困擾的粉刺痘痘問題，就靠NO.1台灣皮膚科醫生指定推薦品牌 #理膚寶水 給股癌聽眾粉獨家優惠，趁現在跟頑固粉刺、痘痘說byebye👋🏻 這兩瓶我自己用過覺得清粉刺效果很不錯，睡前擦隔天起床臉滑嫩像豆腐，滿快的粉刺就有感少一半。他們這瓶不是只有專打表面粉刺，連深層多年的頑固粉刺也照樣處理。 理膚寶水 X 蝦皮，優惠只到7/15 ✨股癌聽眾獨家折扣碼：LRPT88888，滿1200折300 快到賣場使用折扣碼👉🏻 https://sho.pe/3e9hyt ✨粉刺大掃除就靠 #極效三重酸煥膚精華 #三酸煥膚瓶 #蝦皮搶先上市 三重酸溫和代謝老廢角質及粉刺	https://player.soundon.fm/p/954689a5-3096-43a4-a80b-7810b219cef3/episodes/4c205387-8459-4b51-9ad6-fbfd79224d88
156	2021-07-10	EP156 | 賭場上線啦	44.7	本質是避險的衍伸金融品，卻很常被拿來冒險。不是不可以拉，但是一樣要冒險還是有稍微穩健保守的做法：例如不要在飆漲段跑去買超貴的 call, put，或是不要保證金只放一點點就大玩股期。 本集節目由75%潔用酒精界護肌之神 ── @香爵Shiangers 贊助 由家醫科內科醫師雙背書推薦，受到許多醫護喜愛的香爵75%潔用酒精來了！主打一天噴手幾千次清潔也不乾澀、不脫皮，用過的都說沒想到清潔雙手這件事，肌膚能滑得像擦完痱子粉一樣乾爽舒適！✨ 簡單做到極致，成分直上世界最頂級，選用稀有糖蜜發酵的乙醇，大大不同於一般廉價酒精，才會產生你清潔卻像保養一樣的真實感受。 委託GMP廠製造，通過SGS檢測超過7	https://player.soundon.fm/p/954689a5-3096-43a4-a80b-7810b219cef3/episodes/82b4f91b-bcfb-4e37-bdad-703449f8b519
155	2021-07-07	EP155 | 我怕練太壯	43.7	聊一下健身工廠柏文，我沒有買，所以這兩根不甘我ㄉ事情我只是剛好貼文章不是做手；順帶聊聊解封後需求由產品轉服務，以及台灣解封概念股的一些看法。 #利捷維有酵維生素D3錠 一天一顆，快速補足原本缺乏的#維生素D 輕鬆就能強化居家期間最需要的保護力，讓你在關鍵時刻，保護力也得罩得住 使用瑞士大廠非活性D3、美國專利AES有酵好運用、顆粒小好吞食、速溶好吸收 推薦近期長期居家辦公的上班族以及年長者、想要調節生理機能提升保護力的人可試試。 他們第一次放出超低價福利，有興趣的朋友務必把握機會 利捷維有酵維生素D3錠 60錠 3件組 3罐原價$1,800元，股癌聽眾專屬優惠3罐超屌特價$999元 (一罐只要	https://player.soundon.fm/p/954689a5-3096-43a4-a80b-7810b219cef3/episodes/585b1d9e-0b8f-4d8c-aa33-68ea22747ed5
154	2021-07-03	EP154 | 兩點要下山	42.3	攻聖母峰有個說法，下午兩點沒有攻頂成攻就得回頭，否則風險劇增。 本集節目由國票證券贊助 國票證券投資你的白日夢，現在5分鐘就可以快速開戶，準備好證件就能線上快速開通。內建財神選股，三秒幫忙你選好股、此外還有財經消息、選股分析功能，讓你隨時都可以透過手機查看股市行情和研究報告，透過手機就能輕鬆下單。最重要的是還有trailing stop 功能，在這邊稱為雲端智慧單，也就是幫你在達成條件之後可以鎖住獲利，或是說自動幫你停損。 ▼國票證券 新戶好康優惠▼ 1. 開戶禮: 送500元手續費抵用金＋全家電子購物金50元 2. 夜間交易禮: 送夜間交易手續費抵用金8萬8 3. 交易滿額禮: 抽GoGoR	https://player.soundon.fm/p/954689a5-3096-43a4-a80b-7810b219cef3/episodes/ffc2ecda-5b38-456b-a4c7-14fbcb2a540d
153	2021-06-30	EP153 | 三根大紅K散戶不請自來	44.8	如果說紅K是捕蚊燈，我大散戶軍團就是蚊子，看到只有凍未條；聊一下台股冷門股造市，建議直接找民間主力進去鎖漲停，你要多少交易量和討論熱度馬上水到渠成。 本集節目由犀牛盾贊助 台灣手機防摔殼領導品牌 RhinoShield 犀牛盾推出一系列的火影忍者疾風傳授權商品，以經典動畫場景與人物為設計主軸，全系列圖案支援 Mod NX、SolidSuit 手機防摔殼與 AirPods 保護套配件，讓童心未泯的火影迷們能重溫兒時回憶。 「3D壯撞貼」以獨創的耐衝擊塑膠材料製成，在螢幕受到撞擊時，不只提供相當於玻璃貼的保護力，還免除了保護貼破裂的風險，讓使用壽命再延長；3D滿版的設計讓螢幕邊緣包覆性更強，以獨家	https://player.soundon.fm/p/954689a5-3096-43a4-a80b-7810b219cef3/episodes/4ab38360-397a-4843-bbfe-d5660d1f677b
152	2021-06-26	EP152 | 歪打正著	42.4	分享股海中的歪打正著，是往你預期的方向去，但卻不是你想像的理由。 本集節目由 DR.WU 達爾膚 贊助 夏天待在冷氣房的時間可以說是24小時，皮膚乾燥、甚至泛紅可能很常發生，有時候往臉上塗抹瓶瓶罐罐但沒幾個小時就又乾巴巴。這套玻尿酸保濕系列實測後覺得很不錯，而且保濕效果持久連乾燥泛紅的問題也不見了。 DR.WU 好人你幫幫忙送福利，特開專屬賣場多種保濕組合都超優惠。 《股癌專屬賣場 DR.WU 全品項最低5折》優惠只到 7/4 ※ 輸入優惠碼「GOOAYE_DRWU」再折100 ※ 獨家滿額禮：滿$2800再送玻尿酸保濕微導面膜6入 ※專屬優惠連結 ：https://www.drwu.com/	https://player.soundon.fm/p/954689a5-3096-43a4-a80b-7810b219cef3/episodes/36eba442-2ac1-4bff-91e2-bc803f0e7371
151	2021-06-23	EP151 | 報告點解？	41.6	教你怎麼解讀滿天飛的目標價和報告，我的觀察啦。 本集節目由MACKMYRA麥格瑞 瑞典單一純麥威士忌贊助 沒錯! 就是那間推出全球第一支AI人工智慧威士忌的瑞典蒸餾廠，這回又玩全球唯一綠茶桶威士忌，挑戰酒饕味蕾想像的創新之作! 威士忌名人堂首席調酒師Angela D’Orazio嚴選四種日本茗茶(八女煎茶、香棒焙茶、八女玉露、八女抹茶)融合瑞典橡木桶、雪莉桶和波本桶複雜勾兌技術向威士忌地圖獻上充滿瑞典風土和日本禪意的創意大作! MACKMYRA麥格瑞 1999年至今的威士忌探索者 -堅持100%瑞典原料展現瑞典風土 -嚴選200年瑞典老橡木打造獨家30升橡木桶 -獲選全球最佳蒸餾廠 智慧環保節	https://player.soundon.fm/p/954689a5-3096-43a4-a80b-7810b219cef3/episodes/02a4be19-cbdb-49c0-b259-dd628c0a2803
150	2021-06-19	EP150 | 大哥講話了	38.3	FED 最新會議的一些觀察和看法。 本集節目由 Intel 贊助 你是否有過不知道該如何挑選筆電的經驗? 市面上筆電品牌、規格百百種，常常挑到眼花撩亂，但當你認識 Intel Evo 認證平台後，挑選筆電可以變的輕鬆快速! 指定Intel Evo平台的筆電能帶給你全方位的平衡效能，超快的反應能力，幫助你減少不必要的枯等時間。 Intel Evo 平台優點金蓋追: 一秒喚醒！即開即用，無需等待 電力超長！充飽電的狀況下可使用9小時以上，不用受限於插座位置 快速充電！充30分鐘就有4小時電力以上，節省寶貴時間 效能絕佳！能同時開啟多個應用程式、快速切換也不卡頓 高速傳輸！支援Intel Wi-Fi	https://player.soundon.fm/p/954689a5-3096-43a4-a80b-7810b219cef3/episodes/ab6e766e-f562-4b1e-829a-0cc75d9e0ad6
149	2021-06-16	EP149 | 阿姨我不想努力了	46.2	分享上古時期聊到的阿姨，很多人敲碗之下姍姍來遲。 本集節目由【TRYALL 最實在的高蛋白品牌】贊助播 出。 TRYALL 是由台灣健身朋友都知道的 運動吃蛋白 團隊所打造的高蛋白乳清品牌。更是榮獲 UrMart 電商平台 2020 年最多用戶消費且平均 4.8 顆星好 評的超屌品牌，光是無添加乳清系列，每月就可以 賣掉近半噸!(賣爆) 平時一包最低只要 $31,主委限定再加碼! 📍 傳送門 https://urmt.tw/主委折扣碼gooaye再95折 輸入主委折扣碼【GOOAYE】全品牌再享 95 折 使用期限只到 8/31,利多好時機,行動要快 🎊 6 月 TRYALL 品牌月!好康再加	https://player.soundon.fm/p/954689a5-3096-43a4-a80b-7810b219cef3/episodes/08b33474-0721-4e22-9a3a-40f4871d90bb
148	2021-06-12	EP148 | 被祖ㄌ	44.3	但我會繼續當順民和股東，臉書太香了；聊一下特斯拉。 本集節目由華碩ASUS Zenfone 贊助 華碩 Zenfone 8 5G 旗艦手機正式上市。以「剛好．更好」為特色開發全新Zenfone 8，擁有5.9吋輕巧機身，單手剛好就能輕鬆操作。另搭載最新高通S888 5G處理器，不只小巧，效能更好！ 螢幕是具有120Hz螢幕更新率的AMOLED 超美全螢幕，再加上4,000 mAh強大電量和 IP68 防塵防水認證，讓你一手掌握各種強大功能。另外他有超高畫素的雙鏡頭，也有保留3.5mm 耳機孔。 即日起~6/30在全台各電信、各大電商及門市購買Zenfone 8，再到活動頁登錄「gooaye30	https://player.soundon.fm/p/954689a5-3096-43a4-a80b-7810b219cef3/episodes/f2523fdf-970c-4c03-84cb-c1592bcef866
147	2021-06-09	EP147 | 好用的三段論	43.9	今天聊一點心法的東西，以及身為鍵盤父親的雲玩家看法。 羅技上半年最大檔期促銷活動 618 全台網路實體通路下殺最低 43 折起 現在上活動網頁，抽 PS5, 羅技 x Herman Miller 電競椅，還有價值 $1168, 或是 $368 折扣券，抽到即可現用現省，活動時間 5/31-6/20。 菜雞獨家組合優惠 ： ERGO K860 人體工學鍵盤 + MX VERTICAL 無線垂直滑鼠人體工學鍵鼠組合特價 $6280 (原價 $6980) G502 Lightspeed 無線電競滑鼠 原價 $4990，618 活動最低 $2890 G512 電競鍵盤原價 $3290，618 活動最低	https://player.soundon.fm/p/954689a5-3096-43a4-a80b-7810b219cef3/episodes/bf5d9949-914d-4ac7-a9ac-68789f38c0e5
146	2021-06-05	EP146 | NVDA700	41.3	等了好幾季終於盼到 NVDA 飛天，立個旗子看看會怎樣。聊一下美股幾個大頭、台股供應鏈和 AMC 近期射上天事件。 本集節目由原食實驗室贊助 原食實驗室是一家以寵物為出發點的寵物鮮食廠。只採用人食等級食材，所有原食材都是來自於來源透明的原料廠廠商。每一隻貓狗的需求都不同，所以致力於「客製化鮮食」，讓每種食譜都經過我們獸醫師、營養師的悉心調配，做出最適合寶貝的美味餐點。 凍乾零食、主食，冷凍鮮食，好評大推薦，秋口認證的好吃。 gooaye 折扣碼 9 折優惠 立即下單即刻吃爆：https://reurl.cc/Q96pp0 股癌傳送門：https://linktr.ee/gooaye -- Ho	https://player.soundon.fm/p/954689a5-3096-43a4-a80b-7810b219cef3/episodes/f251b36a-2fc8-4b51-9040-cc3e9342537e
145	2021-06-02	EP145 | 孩子王...？！	46.0	聊下自己對於疫苗公司和三胎化孩子王的看法。 本集節目由氧潤藥妝贊助 氧潤藥妝是以藥妝保養品起家的15年企業，有醫藥研發團隊和自己的尖端實驗室。是以強大的醫學背景、專業的製藥基礎，來研發安全有效的產品。 疫情期間推出「森林全精油頭皮療癒系列」，療癒舒緩身心 與市售的洗髮精比較,我們敢承諾你: *你洗到的不是石化合成界面活性劑，是真正溫和的氨基酸界面活性劑。 *你看到的顏色不是人工色素，是真正的洗髮液原色。 *你聞到的不是人工香精，是5種珍貴的天然精油，如茶樹精油…等。 「森林全精油頭皮療癒系列」，天然精油洗髮精洗到好洗到滿，洗到整晚充滿療癒、壓力舒緩。「酷樂頭皮止癢液」給妳整頭清涼、「髮固多頭皮	https://player.soundon.fm/p/954689a5-3096-43a4-a80b-7810b219cef3/episodes/f276e601-3d02-4dab-b8c9-0eeca7ae516a
144	2021-05-29	EP144 | 地藏王	44.6	聊一下新的炒股代號-地藏王，和蒙格阿北。 樂天Kobo 閱讀器上次找我廣告賣到歪頭，現在再次回來送福利，推出旗艦款電子書閱讀器 Kobo Elipsa，10.3 吋大螢幕搭載 16 階 E Ink Carta™ 電子紙螢幕，最重要的是終於開放手寫筆記功能，筆記仔可以隨時隨地畫線寫筆記，不只支援 PDF 還有在樂天Kobo 購買的 Epub 流動格式，再也不用背斷背包肩帶，帶著一大堆書、筆記本、和書寫工具。更猛的是還支援手寫與圖像辨識，可以畫完線稿再轉化成精美流程圖。 過往 10.3 吋超大螢幕的閱讀器通常都是一萬五起跳，樂天 Kobo Elipsa 不到一萬五，預購套組內含 Kobo Elip	https://player.soundon.fm/p/954689a5-3096-43a4-a80b-7810b219cef3/episodes/0b6723a3-b97d-47af-9e26-553b4f16de18
143	2021-05-26	EP143 | オラオラ	43.3	美國的成長股和台股科技同時醒神，抓到ㄌ，深層政府在控盤。 投資保護力的績優股— #我的健康日記【 #超前部署益生菌】 ✨加了鋅、D3、C的益生菌✨醫師也推薦👍 專為關鍵時刻開發的益生菌👑，讓你不怕外界的髒東西，還能輕鬆面對季節轉換! 滿滿都是 #保護力精華 成份 ✅150億cells保護力3益菌 ✅滿滿一日所需 #維生素D3、C、 #鋅 ✅250mg酵母 #多醣體 ✅歐洲百年居家必備保健百寶箱--#接骨木莓 ✅牛初乳 #免疫球蛋白 ✅養氣滋補首選 #西洋蔘 萃取物 🔥主委粉絲獨家, 5/26~6/1 #買一送一秘密賣場 數量有限 晚來搶不到 (💰一天不到15元，請一起打包家人的健康) *廠商說	https://player.soundon.fm/p/954689a5-3096-43a4-a80b-7810b219cef3/episodes/c94b78c1-7aa7-4c35-943e-74c358e8f7a1
142	2021-05-22	EP142 | 玩遊戲ㄉ不會變壞	43.7	最近都在打世紀，同時 Steam 遊戲庫也越來越大，TTWO 開出不錯的財報華爾街上調目標價，大宅男時代。 全球最強末日生存策略手遊與最強末日影視IP The Walking Dead聯名，主角戴瑞全球代言！ 立即下載遊戲，解鎖陰屍路線索，免費獲得全新英雄戴瑞，還有末日生存挑戰、趣味小遊戲、以及The Walking Dead陰屍路元素收集等超多活動。 【陰屍路英雄加入遊戲】 戴瑞正式登場，還原電視劇中的經典造型和技能 【還原陰屍路經典劇情】 在遊戲內收集陰屍路經典元素，觸發神秘彩蛋，喚醒11年的記憶 【摩托狂飆】 鏽斑和戴瑞將環城三圈，在摩托車的引擎聲中盡情享受狂飆快感。 趕快下載遊戲去看一	https://player.soundon.fm/p/954689a5-3096-43a4-a80b-7810b219cef3/episodes/9dc0621d-9d20-4cd8-ad64-f3a6dd8d1e4c
141	2021-05-19	EP141 | 甩到你叫媽	43.7	雲霄飛車齁勝。 本集節目由滿額就送大瓶酒精的 畑中義和商店贊助 畑中義和商店是日本兵庫134年歷史的老牌，新推出『淨顏毛穴蒟蒻片』專門針對臉上凸起、粗糙、黑頭白頭跟閉鎖，愛好強勁清潔和快速洗淨的各位信徒男女們，一定要帶走蒟蒻片！一次有感、七日煥新，菜雞升級變嫩肌！ 不須改變你的洗臉步驟 只要最後加上這道清潔手續就能 讓你戴口罩的臉容光煥發氣色佳 亮澤有朝氣、財神眷顧你 大盤波動也亂不了你的好運😏 三級警戒期間 主委這檔再加碼🔥🔥🔥 滿一千二就送姊妹品牌香爵 75%酒精乾洗手噴霧500ml一大瓶！ 是時候加碼進場、保護自己💪 傳送門→ https://hatanaka-shouten.cc/股癌	https://player.soundon.fm/p/954689a5-3096-43a4-a80b-7810b219cef3/episodes/8c2e4c09-3305-4abf-955b-232b029d2470
140	2021-05-15	EP140 | 不要賣場群聚辣乾	43.0	台灣絕對不會餓死，人多的地方先不要去拉。 本集節目由【率土之濱】贊助播出 古有諸葛孔明草船借箭 現有主委孟恭廣送幸福 《率土之濱》首次日本混服，祭出五百萬獎金號召台港澳弟兄迎戰！ 除了規劃資金佈局，也別忘了行軍布陣，雙管齊下祝主公獲利滿滿！ ↓↓↓別錯過時機，下載遊戲立即進場↓↓↓ 主委專屬傳送門：https://go.onelink.me/DURC/Gooaye 股癌傳送門：https://linktr.ee/gooaye -- Hosting provided by SoundOn	https://player.soundon.fm/p/954689a5-3096-43a4-a80b-7810b219cef3/episodes/08a430be-b275-49d7-b561-e8adf50e9a71
139	2021-05-12	EP139 | 未接來電：塔位仲介	43.1	聽眾票選的標題。 風險控款靠股癌 頭皮控管靠森歐黎漾 熱銷全球14國 MIT洗沐品牌森歐黎漾SAHOLEA 超人氣控油神器 淨平衡系列 無論男女都可輕鬆做好頭皮管理 打造髮根蓬鬆 髮尾柔順 即日起至2021/08/13止 官網結帳輸入主委專屬折扣碼GOOAYE 可享最高$250折扣 男神清爽控油洗沐組 https://mwf.one/qZBcW 女神蓬鬆柔順洗護組 https://mwf.one/yNqqh 首次加入SAHOLEA森歐黎漾Line@ 再享$100品牌優惠卷 https://mwf.one/aZHuG/gooaye 馬來西亞蝦皮Shopee Malaysia 男神清爽控油洗	https://player.soundon.fm/p/954689a5-3096-43a4-a80b-7810b219cef3/episodes/9d1863b2-c01e-4693-82a8-ab6264938aaa
138	2021-05-08	EP138 | 哩五碳及謀	43.5	教你怎麼發財。 本集節目由台灣山葉機車贊助。 謝謝大家熱情支持EC-05電動機車Ｘ股癌主委放福利活動，主辦單位收到各位踴躍報名賞車，福利直接加碼，3,000元購車金不用「抽」，只要來店賞車、回填問卷，購車金就直接「送」給大家! 國際機車大廠YAMAHA推出兼具「運動化跑格外觀及舒適騎乘｣的電動機車EC-05。由日本設計師操刀，外觀造型優美流線線條，並以「騎士3角」作為設計，完美詮釋人體工學的細節，帶來更優越的外型及騎乘感。 EC-05的動力可媲美油車125C.C動力輸出，啟動「競速模式」就能提高行進速度。煞車提供UBS連動煞車系統及BOSCH ABS 10雙迴路防鎖死煞車系統2個版本，可以自己	https://player.soundon.fm/p/954689a5-3096-43a4-a80b-7810b219cef3/episodes/a533df1c-069c-4151-8bde-9c2470aa61d6
137	2021-05-05	EP137 | 187年ㄉ智慧	44.0	聊一下波克夏海瑟威的股東會。ps. 也順帶補充一下我覺得把下跌怪給葉倫有點怪怪的，首先他不是聯準會官員，再來是擴表都還沒停還現在講升息是跳關了，那就是她個人意見。但當然市場在高檔什麼風吹草動都能甩轎，什麼鬼理由都是好理由也不意外就是了。 BFFECT好肌膚精華研究室 《主委專屬優惠組合79折 輸入優惠碼「GOOAYE」再折120 最高幫你省700》 ※專屬優惠連結：https://bfc.cool/B2iUj 優惠只到5/20，記得要用優惠碼「GOOAYE」 ※BFFECT所有商品：https://bfc.cool/P1fuP 自選保養長期優惠碼「GOOAYE」做您開啟好肌膚的第一瓶精華 股癌	https://player.soundon.fm/p/954689a5-3096-43a4-a80b-7810b219cef3/episodes/0e5fa258-3352-440c-9208-2fc9a07734c4
136	2021-05-01	EP136 | 看圖說故事	44.4	電子真的稍微回神了感到欣慰，同時伺服器族群有明顯表現；台美股關鍵公司財報表現普遍不錯，但股價漲跌互見。不用為賦新詞強說愁，跌了就硬要從財報裡抓毛病、漲了就說是交出完美的財報，買到財報持續開出好成績的就不用想太多，畢竟高檔震盪還滿正常的，財報好代表之後回檔至少有業績支撐。 本集節目由【樂天Kobo電子書】贊助播出 樂天Kobo 電子書閱讀器祈雨衝業績！ 樂天Kobo電子書超過600萬本中外文書籍、12萬本繁體中文書籍，24小時網站購買，免運免等待；支援手機平板app及閱讀器離線閱讀。 電子書閱讀器有低藍光電子紙螢幕不傷眼，字體行距可調大，還有防水功能。 不管你是看書眼累累，還是厭倦了與書爭地；樂	https://player.soundon.fm/p/954689a5-3096-43a4-a80b-7810b219cef3/episodes/c7d526fd-19f5-48d8-bf6b-4e2247897fc0
135	2021-04-28	EP135 | 還有什麼沒在漲	42.9	電子股進入休息之後由傳產接力，自航海王之後、鋼鐵人、銅樂會、綠巨人接力，在糧價黃小玉期貨上漲後，食品股也跟著上去。不只萬股價漲，溢價題材也發威，越南 ETF 現割一把買在溢價高點的韭，熱度高什麼東西都能追價。本週為重要電子股法說會，資金會不會青睞可以觀察後續。 力度伸黑醋栗口味 30 錠兩盒組原價$1,260，4/28 MOMO 特價 $999，購買再送五月花厚棒袖珍包(1袋) 股癌聽眾點擊下方折扣連結，直接現折50！ 4/28購買最划算, 不僅現折50再送五月花厚棒袖珍包1袋，當天沒搶到的朋友沒關係, 主委現折活動一路走到5/5, 隨買隨享受喔。 MOMO領券連結 >>> https://w	https://player.soundon.fm/p/954689a5-3096-43a4-a80b-7810b219cef3/episodes/ded7e595-3fc4-4fe4-9f7c-62bff2acafaf
134	2021-04-24	EP134 | 賺便當心慌慌	41.2	上週爆量日尿有閃出來的舉個手，風險報酬是每次買進的必做功課。如果說你為了上檔 2% 的報酬而進場蒙受下檔 18% 的風險，那也算是滿有想法的。 本集節目由 Mdmmd.明洞國際 贊助 #明洞國際 是一間做保養品起家的十年企業，集團內有自己的醫美診所及皮膚專科醫師研究室。網路賣場裡面有保養品、化妝品、洗髮精、沐浴乳、衛生棉等400多樣民生必須品可以選購。 研究室最近剛上架新品 #無皂性系列 洗髮精、沐浴乳，特別適合小孩及敏感肌使用。 大人平常使用也能減少皮膚刺激，保留人體基礎防護力，減少掉髮及皮膚乾癢等多項好處。 是一款 #全家人 都可使用的洗沐系列商品。 結帳輸入股癌專屬折扣碼【gooaye】	https://player.soundon.fm/p/954689a5-3096-43a4-a80b-7810b219cef3/episodes/672c1636-2950-4600-a1c0-f9879c12b3a6
133	2021-04-21	EP133 | 網飛往地上飛	41.7	一早起來看到主要持股之一網飛跳水，我感到異常的平靜，這就是韭菜轉職硬頸韭菜的過程吧；聊網飛財報和蘋果發表會的新東西。 來自日本的 #五星級 All in one保養品「#美樂思凝露」 ，全系列銷售累積突破2,000萬瓶，洗臉後只要這一瓶，菜肌直飆變美肌！ 選用有「美肌溫泉」之稱的「日本出雲玉造溫泉水」，再添加「超級膠原蛋白」、 「玻尿酸」 、 「神經醯胺」 、 「維他命C」等 #66種奢華保濕成分，鎖水保濕後再注入滿滿美容精華，肌膚自然水．亮．爆．表！ 堅持不添加防腐劑、香料、酒精、界面活性劑等8大化學成分，無論男女老幼／敏感肌／混和肌／小菜肌…各種肌都能安心使用～ #美樂思 在母親節優惠期間	https://player.soundon.fm/p/954689a5-3096-43a4-a80b-7810b219cef3/episodes/e28da8b6-0d12-41cd-9793-422f07e761a8
132	2021-04-17	EP132 | Mary and Larry	40.1	這是一個投對胎的故事。聊下台積電釋出車用 Q3 緩解的重要指標以及 Amazon Jeff Bezos 的給股東信。 本集節目由 OVO 智慧投影機 贊助 OVO 智慧投影機 K1 是一款螢幕可以變大變小、輕鬆帶來帶去，還能降低孩子眼睛負擔的百吋無框電視。高亮度、高畫質，燈不關黑就能看；輕巧不佔空間，走到哪看到哪。 K1 拿下了 MOMO 和燦坤的銷售冠軍，推出黑色款 K1-B，同時在畫質與色彩調整功能做了重大升級。即日起開放預購，特價再送 5 大好禮，立即上 OVO 官網 o v o t v . com 了解詳情。 主委發福利助你成為硬漢：https://lihi1.com/vuimr ■ 	https://player.soundon.fm/p/954689a5-3096-43a4-a80b-7810b219cef3/episodes/691bcc91-98b5-4f79-aecc-ddcf02debab1
131	2021-04-14	EP131 | 聊個房	44.1	聊一下看房的心得，以及大盤大概討論一下。 本集節目由鳳凰電波贊助 買東西會買正版 打醫美更需要認明原廠避免被雷，有一些價格低雖然省到錢好像很爽，但有可能會用到來路不明東西的風險卻更高，除了可能導致無效甚至帶來更大的風險，認明正版的鳳凰電波，才能讓你在愛美的路上走得安心順利。 想和紫薇一樣，也是要懂挑，原廠的機器和探頭，缺一不可。 1. 選擇取得「原廠機器證書」的認證診所 治療前請診所出示原廠購機證書，確認是不是原廠正貨機器，配上專業醫師才能達到效果。 2. 認明正貨探頭，「掃描防偽雷射標QR CODE」辨真偽 開始前一定要要求診所當面拆封全新探頭，除了要確認外盒包裝是不是完整的，也要確認 雷射	https://player.soundon.fm/p/954689a5-3096-43a4-a80b-7810b219cef3/episodes/31e86dcb-17b8-4553-976a-f2b9d7bd0f2b
130	2021-04-10	EP130 | 技術動能仔	41.6	分享一下技術仔和動能仔大概在幹什麼。 本集節目由國泰產險贊助 國泰產險的網站無論你選擇用電腦或手機操作都很簡單，從保險介紹、試算到投保；最快5分鐘就可以完成投保，連家門都不用走出去！而且線上投保任意險還有87折優惠，整個投保過程非常方便，幫自己省下不少時間。 ▼國泰產險線上投保車險超多好康▼ 1. 投保汽車強制險現折330元，機車強制險最高優惠 215 元 2. 2021/06/30 前早鳥投保即可抽「iPhone 12+ AirPods Pro」 3. 投保汽車車體險即送100公里不限次數的道路救援(每日限一次)，24小時都有服務 4. 任意險享有87折(例如車體險、第三人責任險等) 另外除	https://player.soundon.fm/p/954689a5-3096-43a4-a80b-7810b219cef3/episodes/baf09d31-2385-456a-aade-3accfbbe9d13
129	2021-04-07	EP129 | 誰都會賠錢拉	36.8	我不相信有人都完全不會賠錢也從沒看錯過，有認識的話請私。不改相信 100% 勝率、相信穩賺不賠迷思，就注定韭到深處無怨尤，這跟古人求長生不老藥有點像。 本集節目由萌髮Fresh up贊助 萌髮 fresh up 是一款會養髮的洗髮精，七早八早頭上沒毛，看起來就像老了好幾歲，添加養髮液的萌髮 fresh up 強健髮根，不只男生可以用，連孕婦也可以安心使用。 萌髮 fresh up 添加了專利胜肽成分，洗髮時兼具養髮功能，減緩頭皮壓力，如果頭皮容易出油且有頭皮屑，建議使用萌髮甦活洗髮精-調理抗屑型；如果秀髮乾燥、脆弱易斷，建議使用萌髮甦活洗髮精-調理養護型。除二歲以下孩童使用前須諮詢醫師藥師之外	https://player.soundon.fm/p/954689a5-3096-43a4-a80b-7810b219cef3/episodes/78617b72-0acf-475e-84d4-15f92bc61146
128	2021-04-03	EP128 | 大撒幣	42.1	中國撒完美國撒，美國開撒中國加，兩強接連大撒幣，股民秋嘎songyy。 我必須得說花旗負責做這張圖的真的很有想法，手拿瞎拍一頓瀟灑如風，應該可以跟我成為朋友。 花旗現金回饋PLUS鈦金卡 https://skyurl.cc/gooayeciti 新戶行動支付最優10% (至2021/6) · 2021/6/30前核卡之新戶都可以享有加碼回饋 一般消費你想到的都2% (至2021/12) · 保費首選2% · 超市購買日用品2% · 百貨公司/線上購物也2% · 一張卡carry你所有消費都2% 2021繳稅季活動 ．021/4~5核卡新戶繳稅也2%回饋，再享3期0利率 (4/6開跑，活動內容詳	https://player.soundon.fm/p/954689a5-3096-43a4-a80b-7810b219cef3/episodes/ce17bf9c-9f3e-44c1-8b22-b80e8c9de022
127	2021-03-31	EP127 | 地表最大當日虧損	44.8	聊下台美股近況，分享一下美國基建原物料相關 ETF，再來談 Archegos 爆倉事件。 本集節目由農純鄉贊助 農純鄉與大甲媽祖首度聯名，精心推出「媽祖ㄟ疼惜」系列聯名商品：平安健康滴雞精禮盒、好孕安產滴雞精禮盒。有了媽祖加持，搭配禮盒中的平安碗、金好養杯盤組喝滴雞精，讓身心靈都倍感療癒，媽祖粉千萬不要錯過。嚴選富士蘋果搭配台灣香米作為聯名寶寶粥的主食材，研發了平平安安粥，可以常溫保存、隔水加熱，使用上非常的方便。每一碗平平安安粥不只滿滿營養，也是媽祖疼惜、父母對寶寶的最大心願。 現在只要買任一聯名產品，就送媽祖過火加持惜命命御守一套（內含大甲媽平安符） 滿3500再送 媽祖顯靈碗一個，數量有	https://player.soundon.fm/p/954689a5-3096-43a4-a80b-7810b219cef3/episodes/89e8f5ab-b5fb-4f8c-a7b4-ad5377cb1ecc
126	2021-03-27	EP126 | 棉花	46.3	聊一下棉花事件，以及 FED 主委打的預防針，停止擴表、縮表、升息可能都會往前拉。本來 dotplot 預期是 2023 升，但聯準會人員有稍微放提早的風聲。我覺得也不用過度解讀，就是經濟好才會停止放水，但停止放水可能又會影響到一些反應到未來好幾年的高估值股票，就像煉蠱一樣，看哪邊力道強大。 本集節目由 yoxi 贊助 yoxi 天天搭，好車等你抽回家，3/15 - 4/11只要透過 yoxi APP派遣叫車即可參加抽獎，趟趟都有機會把Corolla Cross開回家，總價百萬好禮與趟次累積獎等你拿，搭越多中獎機會越高! 活動期間也不定時有限量搭車優惠!立即了解活動詳情：https://bit	https://player.soundon.fm/p/954689a5-3096-43a4-a80b-7810b219cef3/episodes/09774a6e-4282-4864-aaf7-e0693154474f
125	2021-03-24	EP125 | 全球最大白牌車聯盟上線啦	43.0	聊一下鴻海 MIH，以及殖利率的常見迷思。 本集節目由 Pernaton 百通關贊助 100% Swiss Made 瑞士第一 擦的葡萄糖胺。PERNATON 百通關凝膠，以外用塗抹的方式，局部補充葡萄糖胺，提升關健活動力。銀髮族、上班族、勞碌命族，抹下去 songyy。 百通關聯合主委放福利，擦了人生不卡關，涼感125mlx1,溫感125mlx1,加贈3包涼的隨身包。 結帳時輸入『gooaye』優惠碼，享全店78折 滿額贈禮最有誠意，價值超過一萬元 https://www.myswiss.life/products/pernaton-gooaye 股癌傳送門：https://linktr.e	https://player.soundon.fm/p/954689a5-3096-43a4-a80b-7810b219cef3/episodes/83b36a5b-95a1-4192-b8af-1d6702c2b009
124	2021-03-20	EP124 | 熱鬧香港	44.5	IPO 狂潮還沒有結束，二次上市的中國巨獸會再拉一波。過去幾年來表現欠佳的恒生指數在中國版 IPO 狂潮之後，會由科技板塊帶動整體市場的表現。我只覺得好羨慕這些華爾街的承銷商，在美國還在中國，這一兩年的 IPO 賺到流湯。 本集節目由 L. ERICKSON 贊助 L. ERICKSON 是來自美國的時尚髮飾品牌，明星商品－彈力髮圈 在網路上號稱「髮圈界的 LV」，萬名網友好評推薦、許多明星網紅私下愛用！由數十條彈力繩與紡紗螺旋交叉編織而成，「不易鬆、不咬髮、彈性強」三大特色，完美解決女性最在意的綁髮困擾，超過30種顏色選擇，是髮圈也是飾品！ 除了可以送朋友、送老婆、送媽媽，還可以當作辦公室人	https://player.soundon.fm/p/954689a5-3096-43a4-a80b-7810b219cef3/episodes/1ccb8a77-d1b6-4361-8dad-8a2324da1cb1
123	2021-03-17	EP123 | 蘋果怎麼吃才營養	41.2	遲至產品正式推出開賣才跑去買供應鏈是很有創意的想法，凡事就拼個超前部署。 【 防水超給力 輕鬆讓你防水逆】 V-TEX地表最強防水鞋，最新強力主打「 WEAVE編織系列 」： 榮獲多國專利認證的防水透濕膜＋踩水5萬次鞋內仍乾爽＋奈米技術快速排汗＋銀纖維內裡層，抗菌超舒適。 V-TEX，一雙具備防水、透氣、超輕量、耐熱、抗寒….等12項強大功能的晴雨兩用鞋。 現正官網限定優惠：全家店取一雙免運＋滿$7000再贈市值$3199太陽眼鏡＋主委專屬優惠碼『gooaye88』結帳再打 88 折，手刀下單立馬享 3 重好康。 https://lihi1.cc/fjEoe 股癌傳送門：https://lin	https://player.soundon.fm/p/954689a5-3096-43a4-a80b-7810b219cef3/episodes/d3f93077-6652-4bb4-ac0b-179d80103597
122	2021-03-13	EP122 | 加速入土ㄉ小訣竅	41.9	分享一下如何快速把自己送進棺材，接著介紹一本還不錯的說明書，有緣者收。 本集節目由 Samsung Galaxy Tab S7 | S7+ 贊助 Samsung Galaxy Tab S7+ 是全台第一款 5G 高效筆電級平板，大螢幕好攜帶，工作看盤看資料比起盯手機螢幕手機來得輕鬆，工作結束還能直接躺沙發進入娛樂模式。 一台平板解決你生活中的需求，現在 Galaxy Tab S7 登錄送摺疊鍵盤+平板收納包，S7+ 登錄送書本式鍵盤皮套。 主委特別加碼福利：3/13-3/31購買S7/S7+輸入優惠序號「gooayes7」，加碼送Samsung 皮質文件手提包 (鑑賞期後出貨) 現在馬上去買：	https://player.soundon.fm/p/954689a5-3096-43a4-a80b-7810b219cef3/episodes/01763db8-86d8-49a7-8f16-0ab375559e68
121	2021-03-10	EP121 | (=ﾟωﾟ)っ∠※ Kaboom!	43.9	昨天煙火行情大反彈，科技股修正完之後是一個很好的起算點，介紹一些價值 ETF，來看看接下來兩邊績效怎麼跑。但這此的回調也算讓大家知道不能只看獲利，波動性也要考慮，否則被嚇到砍在阿呆谷就什麼都沒了。同時再聊一下交易策略的誤區，盡信書不如無書，菜的時候照本宣科很重要，但之後必須靈活一點。 本集節目由上品寢具床墊館贊助 -被Liza搶走的超好眠枕頭 由權威睡眠博士和專家共同研發並取得專利的GLORY親水護頸枕，符合人體工學的特殊海鷗式造型，不論正睡或側睡，都提供最完整舒適的支撐。釋放整天的肩頸痠痛疲累，讓你一躺就睡，睡得好，頭腦清晰，選股無往不利。 主委專屬優惠價現折$1,000元 官網連結：htt	https://player.soundon.fm/p/954689a5-3096-43a4-a80b-7810b219cef3/episodes/d2043762-4ab2-42b4-8a8b-cbd704204b4e
120	2021-03-06	EP120 | this too shall pass	44.8	Podcast 排行上多了很多的英文新節目，我不跟著寫一點英文只怕會被擠下去。 本集節目由統洋有機豆漿贊助 統洋有機豆漿全系列使用蘭陽泉水+有機豆成分單純，如果有糖也是用有機糖。選擇豐富，有豆漿、濃豆乳、發芽豆漿、全豆豆奶，在生產過程中不加防腐劑、香料、發泡劑。採用全自動化無菌室真空充填，灌入耐高溫且不含塑化劑的5號pp罐，未開封時常溫可以擺放一年之久。 現在到3月底，結帳時輸入gooaye(小寫)全館不限金額79折，另外加入統洋會員立即獲得39元購物金都可以一起使用，且會員消費單筆滿千免運又有5%紅利回饋，買越多賺越多。 領島拎啦！：https://www.top-most.com.tw/ 	https://player.soundon.fm/p/954689a5-3096-43a4-a80b-7810b219cef3/episodes/28d2bf2a-03e5-4b3c-8599-7d301b3392ea
119	2021-03-03	EP119 | 探索發財頻道	40.8	分享那天 clubhouse 上大家說要辯一下 Cathie v Warren 孰優孰劣，最後沒什麼結論的話題，以及讚嘆一下探索頻道的股價表現和聊一下他們做得怎樣，應該很多人也是從小喜歡看探索頻道、動物星球、TLC 和 National Geographic 的吧？前面三者是同一品牌，National Geographic 是迪士尼的。 滙豐銀行匯鑽卡，最高6%現金回饋*！！3月底前新戶解鎖任務成功最高千元刷卡金，還有LINE TV、LINE MUSIC、Google Play、手機保險多重優惠！再搭配運籌理財ONE能戶，免帳管費、一個平台搞定美股港股海外ETF和基金！現在新戶解任務最高回饋2	https://player.soundon.fm/p/954689a5-3096-43a4-a80b-7810b219cef3/episodes/0c6331a3-3c31-40d3-a419-71f2138b6e18
118	2021-02-27	EP118 | 情緒炸裂	41.5	這幾天的下殺讓一些晚進場的人情緒炸裂了，但不要放棄這個很好審視自己策略的機會。會心態炸裂代表你哪裡有做錯，之所以還是會建議多元配置來分散資產，就是因為投資是比氣長，你要找出一個可以遇到下殺讓你睡得著，繼續往更長目標走的設計，而不是整天想 all in all out；聊一下 NVDA and SQ 的財報後看法。 【美股投資要獲利 💵 先養好英文實力】 萬人好評的 VoiceTube Hero 零元挑戰，讓你免費學英文！3/10 (三) 前輸入『gooaye』享主委獨家 85 折，再參加 Hero 零元挑戰。每週上 4 堂課就全額退費，等於免費學英文！ 馬上報名：https://bit.ly/	https://player.soundon.fm/p/954689a5-3096-43a4-a80b-7810b219cef3/episodes/e97a84fc-d248-43cb-b669-fb2722de0b08
117	2021-02-24	EP117 | 腳麻ㄉ來	42.8	美港股科技股跳樓，台股雖然硬挺著，但很多人可能也瑟瑟發抖怕是下一個，該怎麼看待這種幾個月就來一次的修正呢？ 本集節目由拜維佳贊助 拜維佳 30 錠兩盒組 股癌專屬優惠，兩盒原價$1,900，現特價 $1,146，到PChome輸入折扣碼【GOOAYE】再享超驚爆折扣價！ PChome連結 https://24h.pchome.com.tw/prod/DBBC4T-1900AXGX1 限時優惠即日起到 3 月 2 日，詳細優惠以活動網頁為主。 Podcast內審字號:L.TW.MKT.CC.02.2021.0551 股癌傳送門：https://linktr.ee/gooaye -- Hostin	https://player.soundon.fm/p/954689a5-3096-43a4-a80b-7810b219cef3/episodes/e3a4d4f9-2aa0-4cf0-b444-047a60ea39c3
116	2021-02-20	EP116 | 13F	40.9	聊一下 GME 後續，以及切入到 Michael Burry 和其他機構的 13F，和分享一下假設要當跟單仔，要怎麼當比較好。 本集節目由 HP Taiwan 贊助 HP Smart Tank 615 連續供墨印表機集列印、影印、掃描和傳真四大功能一身，還可搭配 app 和 WiFi 使用。辦公室裡的超強神隊友 Smart Tank 615，原價 6990 元，謝主委聽眾專屬優惠價 5990 元，現享折扣1000 元！此優惠 3/11 前有效喔！ https://bit.ly/37qddvv 股癌傳送門：https://linktr.ee/gooaye -- Hosting provided 	https://player.soundon.fm/p/954689a5-3096-43a4-a80b-7810b219cef3/episodes/de331ad5-c313-437b-aaef-984bc00a3752
115	2021-02-17	EP115 | 召喚仔	41.0	我不知道怎麼翻譯比較好，價值投資者 Pabrai 提出的 Spawner 分類理論其實很好用，非常適合拿來篩選你想買的標的，分享給大家。 本集節目由HH草本新淨界贊助 2017年創立的MIT本土私密保養品牌，推出的第一隻產品「私密抗菌潔淨露」從開賣到現在已經銷售百萬瓶，靠著海量的素人口碑一個傳一個熱銷到現在，品牌名Herb&Health傳達著理念—「草本」與「健康」，堅持使用精油以及植萃元素來打造一支支「連自己也會想持續用下去」的產品。 雖然一開始針對女性開發，但其實男性也能使用。如果你有異味搔癢的困擾、是私密保養新手、第一次看到這個牌子想嘗試看看，推薦「洗+噴套組」，做好最基礎的保養；潔淨露	https://player.soundon.fm/p/954689a5-3096-43a4-a80b-7810b219cef3/episodes/c88db5a5-b53e-4c45-84da-b7c7b0f5d3ba
114	2021-02-13	EP114 | 🧧🧧🧧	39.7	新年快樂啊，聊一下量化巨頭文藝復興科技 Renaissance Technologies 的贖回事件。 本集節目由羅技贊助 電競和高階商務品牌羅技 Logitech 放福利啦 即日起到2月21日，羅技在全台網路、實體通路推出「送鼠迎牛」的歡慶新年活動，全品項都有最低57折的優惠折扣。 專業電競玩家首選Pro wireless電競無線滑鼠，原價$4990，特價$3388。 行動辦公、生活都好用的MX Anywhere 2S滑鼠，原價$2390，特價$1488。 活動期間滿額登錄發票，還可以抽獎價值20萬的金牛、金滑鼠。 還有給股癌粉絲的獨家優惠，於羅技網路旗艦店指定商用、電競商品 輸入折扣碼LO	https://player.soundon.fm/p/954689a5-3096-43a4-a80b-7810b219cef3/episodes/e21ac339-f52a-4267-b1a6-b222d2ae4f2f
113	2021-02-10	EP113 | 信仰的平方	39.7	特斯拉買進了比特幣作為公司資產配置的一環，分享一下我的看法。 本集節目由 SAT. Knowledge 知識衛星 贊助 #文末抽獎 SAT. Knowledge 知識衛星網羅優質老師來放福利做新年活動，一口氣新推出超過 20 組線上學習產品，還有全站七折起的超值優惠！從「職場技能」、「語言學習」 到 「投資理財」等實用主題，學習不限時間地點，過年除了團聚，投資自己穩賺不賠。 【 #主委灑福利 限時優惠到2/21 】 領券輸入主委專屬優惠碼「 gooaye 」，全站七折外可再多打9折！ 平台傳送門：http://go.sat.cool/3cwsdb 【 #廠商灑福利 再抽 5,000元 學習金】	https://player.soundon.fm/p/954689a5-3096-43a4-a80b-7810b219cef3/episodes/bad08258-0fbc-4dc6-a913-96a71d932d81
112	2021-02-06	EP112 | Cubanㄉ領口策略	40.5	跟大家總結 Clubhouse 的心得，分享 Mark Cuban 的重要心法，以及他在網路泡沫時代的經典操作。 本節節目由茶樹莊園贊助 茶樹天然抗菌領導品牌「茶樹莊園」推出全新商品－茶樹抗菌防護清潔噴霧，可以有效消滅、擊破 3 大病毒、9 大菌種。讓「茶樹莊園」陪你渡過危機四伏的防疫期。茶樹莊園全系列商品，無論居家或個人清潔，種類選擇眾多，主要成分皆來自最高等級澳洲茶樹精油添加，並經 SGS 認證有效具高達百分之 99.9 抗菌力，絕對是防疫期間的最佳投資標的！ 現在輸入股癌專屬優惠碼：GOOAYE 專屬賣場➤http://bit.ly/39EI49l 直接買進一波“股癌X茶樹莊園防疫ETF	https://player.soundon.fm/p/954689a5-3096-43a4-a80b-7810b219cef3/episodes/71145bf1-d783-4608-ae4b-1f7c857b00f5
111	2021-02-03	EP111 | Clubhouse發掘一堆小說家	40.5	跟大家總結一下 GME 的後續，接著聊 Clubhouse 現象和背後的技術提供，可能是中國的聲網 Agora，接著聊新春放假前要怎麼處理手上部位。 本集節目由Toshiba台灣東芝硬碟贊助 #文末抽獎 Toshiba Gaming外接式硬碟專為遊戲主機與電競桌機打造，平均最高可存100套遊戲，同時支援Xbox、PlayStation等遊戲主機，並相容於Mac系統，完全適合同時軋很多遊戲的人，以及你各位佛系收藏型玩家。 現在領券買Toshiba 4TB外接式硬碟馬上現折500元，不知道怎麼選請參考： 🔸遊戲玩家: Gaming 🔸Mac使用者或商務人士: Flex 🔸CP值才是王道: Adva	https://player.soundon.fm/p/954689a5-3096-43a4-a80b-7810b219cef3/episodes/7145166a-38e6-4382-a6e2-9a656fca7e8c
110	2021-01-30	EP110 | 嘎你個songYY	40.3	接續 EP108 優摟 的後續，詳細的說明放空的機制和幫忙勘誤現在很多流竄的錯誤說法，包含空單部位不能大於 100% 等。詳解 GameStop GME 的現狀和實際參與的玩家，這並不是一個單純的散戶 v 機構事件，實為機構對幹。 本集節目由 WeMo 贊助 貼文下方留言「免費騎」再抽 24HR 免費騎 3 名！ WeMo Scooter 為亞洲最大規模共享電動機車租借服務，用手機 APP 即能找車、租車、騎車、還車，隨租隨還最方便。WeMo Scooter 擁有 24 小時專業團隊維運車輛，無需擔心換電，同時享免費三大保險保障，營運範圍以雙北、高雄為主。 新戶註冊輸入優惠碼「GOOAYE」，	https://player.soundon.fm/p/954689a5-3096-43a4-a80b-7810b219cef3/episodes/df3ef455-d77e-414b-9421-09000b0957eb
109	2021-01-27	EP109 | ==	38.1	聊晶圓代工和台灣整個相關產業鍊，以及分析一下彭博最近那篇過度依賴台灣的文章，也說一點車用缺貨的話題。 本集節目由曼黛瑪蓮贊助 貼身胸型保養專家曼黛瑪璉，品牌名稱源自法文 Mode Marie，中譯為都會女子，承襲法式優雅風格，打造台灣機能內衣第一品牌，致力研發女性美胸版型，成為胸型保養專家。 憑圖片至實體門市圖示上的新款式獨家限定折扣成套內衣八五折，此外其他款式也有春節滿額折抵歡迎來試穿選購。 股癌傳送門：https://linktr.ee/gooaye -- Hosting provided by SoundOn	https://player.soundon.fm/p/954689a5-3096-43a4-a80b-7810b219cef3/episodes/db471b30-b7c9-43a4-bb36-a9fedb7d7c24
108	2021-01-23	EP108 | 優摟！	26.6	優摟啦哪次不優摟，聊一下 GameStop 慘絕人寰的嘎空案件和看法。 本集節目由 EASY LIFE 十月被贊助 十月被為台灣氣候開發製作厚薄適中，夏天冷房蓋也很舒服，不怕冷的人可蓋一整年的好棉被。此外也推出了冬月被來給怕冷仔，三倍羽絨暖到你哭。採用日本開發的防螨布料搭配低過敏羽絨製作，MIT 品質保證可自家機洗，輕盈收納方便，棉被就選十月被/冬月被！ 股癌專屬特惠賣場優惠到 2/28 https://www.fomico.com.tw/pages/gooaye 冬月被現折1000 、十月被也有主委優惠價 https://linktr.ee/gooaye -- Hosting provide	https://player.soundon.fm/p/954689a5-3096-43a4-a80b-7810b219cef3/episodes/dffbfade-fcd4-44f6-ad56-6e077d7f8767
107	2021-01-20	EP107 | puipui	40.0	聊投資路上掛掉往生了怎麼辦，Netflix 的一些看法。 本集節目由 嵐 台灣男士造型贊助 嵐的髮泥、髮蠟專門為台灣亞熱帶潮濕悶熱氣候所研發設計，高定型、不油膩、好清洗又可重複塑型，菜雞老手都特別適合使用。此外嵐還有洗顏皂、洗髮精、固態香水等男性各類質感生活商品。備長炭控油保濕洗顏皂，幫助你在洗臉後能夠繼續保持清醒；極光海洋胺基酸洗髮精，鞏固你的一頭秀髮烏拉拉又滑又嫩；最後極光海洋和春之果蔓兩款固態香水，讓你香香的自信出門。 官網提供股癌優惠組合 額外加碼輸入專屬優惠碼「 gooaye 」 蝦皮輸入「LENT888 」 即享主委優惠結帳再 85 折 官網 ➤https://reurl.cc/3	https://player.soundon.fm/p/954689a5-3096-43a4-a80b-7810b219cef3/episodes/0e026c27-80a9-4a5d-a00f-6692d58df160
106	2021-01-16	EP106 | ＜コ:彡	41.0	聊一下準備要下市的富邦 VIX 和避險相關產品為什麼不適合當主力資金部位以及避險是有成本等的，接著談半導體。 本集節目由中國信託中華電信聯名卡贊助 2021/1/16~2021/2/28 中華電信聯名卡 首刷禮最高贈700元刷卡金 無情加碼再抽Play Station 5超級豪華大禮包 (*PS5超級豪華大禮包內含遊戲機主機光碟版、無線控制器、雙手把充電座、無線耳機組、NBA 2K21中文一般版、還有決勝時刻黑色行動冷戰中文版，總價值NT$ 26,947元) 主委專屬辦卡連結https://ctbc.tw/GOOAYE 謹慎理財信用至上 股癌傳送門-https://linktr.ee/gooa	https://player.soundon.fm/p/954689a5-3096-43a4-a80b-7810b219cef3/episodes/4f64b26f-30bb-41a4-a3ef-6056351c0fb3
105	2021-01-13	EP105 | ʕ•͡ᴥ•ʔ	40.7	跟大家聊一下股匯雙殺的可能劇本，外資從反一被趕出來後大量的賺進權值股，同時台指期見到了五年來的首次淨空單，其實就是換個遊樂場繼續炒匯的意思。當然派對什麼時候結束沒人知道，不過我們可以從幾個面向觀察並擬定一些劇本來幫助自己消化未來可能發生得事情。 本集節目由畑中義和商店贊助 畑中義和商店的世界第一•水凝光洗顏蒟蒻海綿，登台四個月、賣斷四次、賣破四萬顆。溫和清潔、保濕補水、用後保養品吸收率變超高；能讓毛孔汙垢、老廢角質、粉刺痘痘、暗沉無光都有改善；嬰兒肌／老人肌／敏感肌，男女老少都能安心使用；據說皮膚越爛、越有效！ 現正推出限量新年禮盒只要$1160 首波推廣就交給謝主委衝業績了！ 傳送門→htt	https://player.soundon.fm/p/954689a5-3096-43a4-a80b-7810b219cef3/episodes/45ec121c-e004-4933-8b6a-9ddeaaec2c6f
104	2021-01-09	EP104 | ʕ•͡ᴥ•ʔʕ•͡ᴥ•ʔ	40.9	臉書和推特把川普給禁了，要不要因為這樣把臉書和推特賣了啊？我個人覺得與其賣股票，不如先改掉用臉書罵臉書、或是用推特罵推特這樣的習慣，試著先找看看有沒有其他選擇。如果你很討厭它但還是得用它，是否更加彰顯其不可取代性？不過社群媒體本來就很容易被燒，前陣子是 BLM 份子不喜歡、現在是川普支持者不喜歡，兩面不是人，大家都覺得不夠公正。 本集節目由給我 5 分鐘贊助 「給我 5 分鐘，給你好咖啡」，給我 5 分鐘堅持提供可以追溯源頭且更有個性的單品咖啡讓消費者不用花上很多時間，不用付出很大代價，就可以喝上一杯高品質有風味的單品咖啡。挑選來自不同產區，不同風土條件的單品咖啡，用最佳的烘焙曲線詮釋每支咖啡	https://player.soundon.fm/p/954689a5-3096-43a4-a80b-7810b219cef3/episodes/66a6116d-8de5-4805-a6dc-568ea2eba2af
103	2021-01-06	EP103 | 誰要洗碗	40.0	分享一下台股多次機會財大飆漲的過往案例，挖礦主板、MLCC、防疫，到現在的貨櫃輪，提醒一些基本觀念，祝大家航海王順利退休。 本集節目由簡單JAN DAN贊助 兩年前面臨倒閉，靠熟客一個個回購才撐過危機；去年重新站穩腳步，新品一推出就好千人預購，它是MIT植萃保養《簡單JAN DAN》。更有趣的是，創辦人還是個男生？！沒有實體店面、不發試用包，光靠網路經營+熟客回購就能在保養品紅海裡殺出一條血路！不禁讓我想：「X，產品力到底是有多屌？」 – 最有名的是玫瑰青春露，是保濕化妝水，適合我這種怕麻煩的男生，不要黏膩不用多罐，洗完臉隨便用，跟我一樣不懂的就選「新手小菜雞」組；女生或是懂保養自己的男生可以	https://player.soundon.fm/p/954689a5-3096-43a4-a80b-7810b219cef3/episodes/87400d9c-b11a-48fa-abaa-a1f71adafaf6
102	2021-01-02	EP102 | 小朋友才做選擇	36.3	新年快樂，一集內把主被動投資和配置比例、工具、方法，以及調整依據一次講完，剩的去 google 應該就能完成初步打底了。 本集節目由富佳泰國際 Funy 麻吉貓兒童相機贊助 Funy 麻吉貓兒童相機適合兩歲到 88 歲的快樂寶貝，過年禮物、生日禮物、乖寶寶禮物都可以。這是一台前後雙鏡頭 3200 萬畫素，附帶有高畫質大尺寸觸控螢幕，以及支援 wifi 和專屬 App 預覽、傳輸照片的兒童相機。 主委專屬特惠另外加贈32G記憶卡 (gooaye) https://liteshop.tw/products/rhAQSGMSqCuYtPHX4EdnxxXy?u=pRk2yt -Telegram 頻道	https://player.soundon.fm/p/954689a5-3096-43a4-a80b-7810b219cef3/episodes/e9285453-b8a7-449d-9d25-edd6db895d7a
101	2020-12-30	EP101 | 方舟漏水RRRRrr	42.1	ARK ETFs 昨天跳樓，分享一下我ㄉ看法。 本集節目由入口科技贊助 下載探路客app，最適合手機寫稿的部落格，現在加入再賺萬元稿費～不只無廣告好閱讀，如果你有在多平台經營網誌，那一定要試試看一鍵搬家功能，貼上網址就輕鬆將文章複製過來，原文仍然保留，按下更新還隨時備份同步！等於多一個曝光平台耶～ 1. 下載探路客app https://timelog.page.link/gooaye 2. 加碼！送萬元稿費 https://timelog.timelog.to/a199168838 -Telegram 頻道：https://t.me/Gooaye -- Hosting provided by	https://player.soundon.fm/p/954689a5-3096-43a4-a80b-7810b219cef3/episodes/26820cdf-5c44-4c80-a4ce-6301876f1465
100	2020-12-26	EP100 | Jack Ma又來了	41.7	開頭聊一下資安類股，接著談馬雲、阿里巴巴遇到的大麻煩，以及多元配置的重要性。 本集節目由趨勢科技贊助 趨勢科技 【PC-cillin 2021 防毒軟體】，保護投資帳號，不管電腦還手機都幫你顧到好。 很多人手機電腦每天交易幾萬塊上下再跳，防毒不只看運氣，是怕裝置中毒錯失賺錢良機，輕則花時間聯繫客服，重則帳戶資料被刪被偷，這時可能就會慶幸有買防毒保險。 PC-cillin用AI大數據智慧防毒，主動提醒並封鎖惡意網址，雲端版也把 80% 病毒碼上傳雲端，讓裝置更輕薄快速，大家愛用的網路購物，「安心Pay」功能也提供多重線上交易防護。 趨勢PC-cillin同時也是台灣付費防毒調查中第一名。 12/	https://player.soundon.fm/p/954689a5-3096-43a4-a80b-7810b219cef3/episodes/27c42e40-64f1-465c-af21-74e21c115997
99	2020-12-23	EP99 | 焦慮bad	38.4	焦慮bad，小分享聽來ㄉ臉書一些貼文冷知識。 本集節目由綠藤生機贊助 活萃修護精華露是為肌膚保濕跟抗老設計的產品，綠藤的活萃修護精華露利用大小分子的玻尿酸，從裡到外幫肌膚加強保濕；使用國際公認抗老成分「活萃青花椰苗」可以深入修護肌膚，抵抗老化、減少細紋與暗沉；此外獲得國際有機認證，熱銷十八萬瓶，登上紐約時裝周，獲得一堆五星好評，聽說今年週年慶剛開始短短 10 分鐘就熱賣了 500 組。 保養就使用這瓶，舊客大力推薦回購 no.1，現在配合主委放福利，只要使用 gooaye 優惠碼，即享臉部保養商品任兩件 85 折，新客註冊還可以現領購物金馬上再折 50 塊只到 12/30。 https://m	https://player.soundon.fm/p/954689a5-3096-43a4-a80b-7810b219cef3/episodes/e5c0adf3-989d-4737-a36c-eb921ed21044
98	2020-12-19	EP98 | 金金蠢驢	40.6	談金金併和波蘭蠢驢股價崩盤。 本集節目由 Alto 贊助 Alto 是專注於蘋果產品的台灣皮革配件品牌，用來自義大利淡淡香氣、細緻手感的皮革，與簡潔優雅設計，手工打造 iPhone 皮革手機殼、Apple Watch 皮革錶帶、AirPods 皮革保護套等產品。 Alto 為 iPhone 12 打造全新 360 防摔系列，輕薄防摔的皮革手機殼，通過 1.5 公尺軍規防摔，側邊 360 度 TPU 防摔塑料完整保護手機，完美結合皮革的溫潤手感，讓防摔手機殼不再厚重，與質感合一。 現在輸入股癌專屬，優惠碼「 Gooaye 」，iPhone 12 全系列即享 9 折優惠 主委質感加碼，優惠碼「 G	https://player.soundon.fm/p/954689a5-3096-43a4-a80b-7810b219cef3/episodes/88912660-aa0d-40e9-b40e-23ad478658f5
97	2020-12-16	EP97 | 肉片下架	39.7	聊發卡機構抵制地表最強大的成人集團 Mindgeek 旗下 Pornhub 事件。 本集節目由佐登妮絲贊助 佐登妮絲以 SPA 服務起家跨足於保養品領域，龍血求麗修護系列發掘了秘魯 8000 年龍血樹脂優越的抗氧化功效，能夠舒緩肌膚、修護及重建肌膚平衡。將其並添加在配方中，開發適合 20~35 歲年輕肌齡的「龍血求麗修護系列」。 全系列同品項買 1 送 1，輸入專屬代碼 ”gooaye”，贈櫻花香膏。 使用 line pay 結帳，回饋 12% line point 點數，上限最高 300 點。 https://buy.jourdeness.com//market-url/Gooaye -Te	https://player.soundon.fm/p/954689a5-3096-43a4-a80b-7810b219cef3/episodes/70407dd3-a42e-45b3-80c0-e4aca2818ff9
96	2020-12-12	EP96 | 飯店？	44.1	這集閒聊比較多一點啦，後面聊 OTA 平台們，BKNG, ABNB, EXPE 以及疫情後可以觀察的一些產業，如果有看好要佈局要提早，等到大家開始報復性旅遊出行時一定就慢了。 本集節目由《英雄聯盟：激鬥峽谷》贊助 李星給酷 +Q、Rock 熟撞到對面失智煮熟、布里茲屌拉屌槌，通通都在手機裡面。 下載連結：https://riotgames.sng.link/Daafs/pj1j -Telegram 頻道：https://t.me/Gooaye -- Hosting provided by SoundOn	https://player.soundon.fm/p/954689a5-3096-43a4-a80b-7810b219cef3/episodes/8e69fc82-6df1-4d1d-a50c-206f0f1ce321
95	2020-12-09	EP95 | 房產去槓桿 金融去股利	42.2	聊一下最近政府的一些措施和可能施行方案對於股價和房市的影響，關於央行的去槓桿和內政部的反紅單我個人覺得都是很棒的起手，算是比較針對投機型買盤的抑制；而金融股有沒有股利我覺得不重要，不給你股利錢也不會蒸發、也不用除息，但如果市場上很多人是為了股利買的，那可能會嚇跑一些人。 本集節目是由 Alpecin 贊助 Alpecin 是德國第一名的男士護髮品牌，針對男生不同的頭皮狀況可以提供最適合的產品。Alpecin C1 咖啡因洗髮露強健髮根、蓬鬆頭髮讓你看起來清爽、有精神；Alpecin Hybrid 雙動力咖啡因洗髮露專門挑戰乾性頭皮屑、Alpecin Double Effect 雙效咖啡因抗頭皮	https://player.soundon.fm/p/954689a5-3096-43a4-a80b-7810b219cef3/episodes/2c867304-9d47-4354-8e54-b8f2013c6e8d
94	2020-12-05	EP94 | 帶把的卡珊德拉	41.9	Cassandra 卡珊德拉是不被相信的女先知，先知們精準的眼力和對於宇宙事物的了解，使她們無法正常生活，在世人眼中成了瘋子，這也是自古以來先知們一再遭遇的命運。Michael Burry 在推特上表示放空 Tesla 之後，把自己的名字改成卡珊德拉（感謝 Kristy Guo 說明這一段）。我覺得 Michael Burry 是很有想法的人，聞名於次貸風暴、而後提出了 ETF 泡沫論（部分認同，不是所有的 ETF，像大家常買的指數型 ETF 我覺得沒問題），而現在出來打擊電動車之王特斯拉了。 本集節目由國泰世華銀行贊助 國泰世華網路銀行 App 很好用，如果卡疑似被幹走，可以一鍵鎖卡，不用排	https://player.soundon.fm/p/954689a5-3096-43a4-a80b-7810b219cef3/episodes/24197edf-49c0-4271-85f8-01cdee0a2fc3
93	2020-12-02	EP93 | 香港特首現金水位全球之冠	42.3	本集跟大家聊一下現金水位的迷思，有時候你很高興現金水位拉高閃過跌幅，但有沒有想過之後何時要追回來？以及有沒有回測過假設 100% 資金留在配置裡，會不會反而還贏過殺進殺出的操作？更別提像台股的交易成本挺高的，一直進出的成本也要算進去。接著聊勞退的弊案，這是一個理應全民都要關注的議題，卻沒有獲得對應的曝光量，我想台灣人真的很有錢 respect, cool cool cool cool cool. 本集節目由 Hahow 好學校贊助。 「Hahow 好學校」是全台最大也最有趣的線上課程平台，創立的初衷是希望創造一個不受限與適才適性的環境，讓大家更輕鬆快樂地累積知識技能，進而推動社會持續進步。 【	https://player.soundon.fm/p/954689a5-3096-43a4-a80b-7810b219cef3/episodes/01a7f5de-e90f-4c42-b8f5-c4e95530e5e8
92	2020-11-28	EP92 | 真金不怕火煉	40.8	真金遇到火只會軟竿，燒完之後又會硬起來。Palantir 空單餘額來到高點，但其實也只和 Tesla 差不多；放空機構 Citron 香櫞進場空 Palantir，不過理由我覺得很白癡，這檔股票之後會進入一個激烈的多空交戰，若空手的我就比較建議看戲就好。目前市場上最貴的股票其實不是漲到歪頭的 Palantir，用差不多的估值方式 Zoom 差不多是四倍貴、而 Snowflake 則接近十倍貴。 本集節目由瘋種菜贊助 瘋種菜是一款讓你重溫苗栗農夫之感的遊戲，強調真實體驗，無腦蝦種一頓是沒辦法的。此外會依據線上玩家的販售總量去調整市場價格，讓你自己評估何時賣出；最後也最狂的，遊戲中務農辛勞，官方會	https://player.soundon.fm/p/954689a5-3096-43a4-a80b-7810b219cef3/episodes/4faabe52-7d95-4a24-ac06-90f70594c6c7
91	2020-11-25	EP91 | 合約不要瞎簽	42.5	跟大家聊 ARK Invest Catherine Wood 可能會被奪走公司掌控權的一些看法，順帶聊一下新創仔該怎麼設計股權和一些注意事項；這一集 QA 最後面有雞湯請大家慎入。 【VoiceTube Hero 課程 66 折，英文溜起來！】 2020 學英文最狂優惠！66折只到 12/9 (三) 輸入優惠碼『Gooaye』再打9折，等於課程6折！ 還能參加零元挑戰，天天上課再全額退費 使用『Gooaye』優惠碼，天天都享9折優惠 年後轉職，就靠這次 >>>https://bit.ly/2KgWm5A 下載 New hero app 免費試上一堂課 >> https://herov3.pag	https://player.soundon.fm/p/954689a5-3096-43a4-a80b-7810b219cef3/episodes/3d51666a-89eb-4fc0-8bf0-d3d7ba09df6f
90	2020-11-21	EP90 | 專扁直銷	39.1	分享一個人對付直銷商五年的例子，來警惕你我道德標準固然是生活必需，但在市場上卻不是第一考量；且股海是用真金白銀投票的，在大多數的狀況你怎麼想可能不重要。這也是為什麼常聽到「完全不知道在漲什麼」、「市場瘋了怎麼這種東西這麼貴」、「這家公司明明很好為什麼股價一直跌」等說法的出現原因。 本集節目由花旗銀行贊助 花旗全球外幣通，讓你用晶片金融卡在全球購物網站刷卡時，直接從外幣帳戶扣款。提供多達 14 種幣別，系統會幫你自動偵測幣別，而且零交易手續費。 現在針對花旗財富管理或花旗私人財富管理貴賓還有限時優惠，以花旗全球外幣通之外幣刷卡消費，可以有最高 4.5% 的現金回饋，活動自即日起到 2020 年 	https://player.soundon.fm/p/954689a5-3096-43a4-a80b-7810b219cef3/episodes/14ba553c-3a6d-41e3-a62f-404564860fe1
89	2020-11-18	EP89 | 玉子燒不加蛋	33.0	最近大家很常在討論，既然 0050 ＝ 台積電和他的快樂好朋友，那我幹嘛不買台積電就好了？或是說既然美股是 Big Tech, Big Cap 的形狀，那我幹嘛不買這些公司就好，為啥還要買 ETF？藉由這集跟大家講一下我的看法，我認為這樣的說法偏事後論，且此一時彼一時，之前大家吹捧大立光，現在吹捧台積電，你不知道會不會兩三年後變成吹捧聯發科之類的，買 ETF 好處在是在於我全都要，而不是重壓單一股票。 本集節目由 V-TEX 防水鞋贊助 V-TEX 使用多國專利認證的防水透濕膜，測試過踩水 5 萬次，鞋內依舊保持乾爽，防水無死角的超高包覆感，奈米技術還能快速排除汗氣，完美集合防水、透氣、超輕量	https://player.soundon.fm/p/954689a5-3096-43a4-a80b-7810b219cef3/episodes/86a5d6fb-a9c0-4bd6-af5b-a5bc4801f5d2
88	2020-11-14	EP88 | 中國瘋狗浪	42.7	中國的電動車蔚來、小鵬、理想大暴漲，連帶中概股 FUTU, PDD 等一起井噴，這我們演練過很多次了，族群一起暴漲一般最後就是一兩個鮮花留下其他凋亡，不要暈車記得下車即可。而看到中國股炸射，可能會讓一些人對於中國市場提起興趣，怎麼樣才能在人為介入明顯的市場投資？我介紹一些 ETF 給你吧，至少比單壓的風險小多了。 本集節目由 BFFECT 好肌膚精華研究室贊助 《股癌專屬賣場 BFFECT 全品項最低79折 滿 2000 再送 2000 優惠券》 ※ 任選乙件以上 89 折、任選四件以上 85 折、任選六件以上 79 折 ※ 加碼送，結帳金額滿 2000 元送價值 2000 元折價券 （85 	https://player.soundon.fm/p/954689a5-3096-43a4-a80b-7810b219cef3/episodes/2a580f17-736b-41c1-972d-852cd4aa2eec
87	2020-11-11	EP87 | 疫苗登場下一步	42.0	聊一下疫苗之後的變革和注意事項，以及分享一下上次股災秀一波的 BIll Ackman 又開始拿部分資金出來對沖市場了，這次他又會看對嗎？ 本集節目由三國群英傳 M 贊助 萬人國戰 全民皆兵 《三國群英傳M》 以忠實還原 《三國群英傳Online》 為目標，掌握原始美術風格、職業、打寶吃王、武魂、國戰等核心玩法，並調整為適合手機使用者的操作與介面，讓老玩家能隨時隨地的打開手機重懷過往三國旅程。三國群英傳 M 跟 PXGo 全聯線上購合作，「今晚菜錢，三群 M 幫你買單！」有千萬福利金要送給玩家，除了各種面額福利金，還有四萬杯經典熱美式，頭獎高達 10 萬福利點數！ 即日起，每日登入遊戲即可領取搜	https://player.soundon.fm/p/954689a5-3096-43a4-a80b-7810b219cef3/episodes/5f84d712-1299-4bb6-95bf-66b0835d747d
86	2020-11-07	EP86 | 聽眾叫我解釋反一	41.5	那我就解釋給你聽，順便跟你講高潮激昂之後該怎麼面對；我覺得最近真的是大 SMDFK 季節。 拜維佳 30 錠兩盒組 股癌專屬優惠 兩盒原價 $1,518，雙 11 股癌大吉大利價 $1168 到 PChome 輸入折扣碼【GOOAYE】再享超驚爆折扣價！ PChome 連結 >>> https://24h.pchome.com.tw/prod/DBBC4T-1900AXGX1 限時優惠：即日起到11月 11日 詳細優惠以活動網頁為主 Podcast 內審字號: L.TW.MKT.CC.10.2020.0525 Facebook https://reurl.cc/318Q4l Telegram 	https://player.soundon.fm/p/954689a5-3096-43a4-a80b-7810b219cef3/episodes/48a75360-8a6f-4578-b6cb-7906f8905cfc
85	2020-11-04	EP85 | 傑克馬忘記自己在中國	42.5	聊一下螞蟻金服的暫緩上市以及今天的大戰，之前說過傑克馬有時會膨脹，而他真的膨脹了，然後就被處理了。 本集節目 Paula's Choice 寶拉珍選贊助 水楊酸精華液使用衛福部公告最高濃度 2% 水楊酸，輕盈如水、協助調理油脂分泌過多的問題；預防痘痘粉刺形成，強力去除老廢角質，深入毛孔解決阻塞改善皮膚粗糙問題。果酸身體乳添加 10% 果酸，協助去除粗糙老廢角質、改善肌膚暗沉、減少膚色不均；豐富的抗氧化物，強力防禦環境傷害、修護舒緩、安撫去角質不適感。 兩個都沒有添加有的沒有的，可以搭配一起使用。組合原價 $2410，本身就已經 78 折，骨折價直接省了 540，接著馬上使用主委專屬優惠碼『GO	https://player.soundon.fm/p/954689a5-3096-43a4-a80b-7810b219cef3/episodes/be94e1c8-97ff-4772-b52c-18700841a5a6
84	2020-10-30	EP84 | 性感會更有價值	41.5	先跟大家聊一下市場上的不確定性，以及幫忙考古 16 年美選前也是連日下跌、台灣當時希迷居多、選後跌破大家眼鏡大漲、以及老美和老川為何會慢慢轉性的過程。市場是動態的，架構模型時隨時都要修正參數，不可能畫好地圖給你照著走只能見招拆招。聊一下估值為什麼是科學也是藝術，一個產業如果變得更「性感」，那可能想像空間也會跟著變很大。 本集節目由杜蕾斯贊助 杜蕾斯是家喻戶曉，為大家帶來幸福快樂及滿滿安全感的品牌。 現正推出杜蕾斯超薄勁潤裝，還加碼附贈激潤之戰遊戲墊。10/31~11/2 限時三天非專區商品使用股癌專屬折扣碼 GOOAYE 滿 1500 打 8 折，不可用在部分不可折扣商品及組合包；股癌專區組合	https://player.soundon.fm/p/954689a5-3096-43a4-a80b-7810b219cef3/episodes/742f4b84-ff01-4e06-84f7-09d8e34a92ec
83	2020-10-28	EP83 | 好肥的螞蟻	41.0	螞蟻金服是全球最大的 IPO 獨角獸，華麗登場讓一堆韭菜員工發大財，而馬雲也因為這樣往前 10 大富豪挑戰，不知何時可以再看到拍爛片和唱唱跳跳ㄉ那個活潑 Jack Ma。接著聊低利和 QE 造成的美國房市熱潮，不過 Z, IPOB, RDFN 等等卻帶著好消息先修正一波，同時也談一下台灣房市我的看法；開頭回應一位聽眾路西恩的來信。 本集節目由法國雅漾贊助 來自法國敏弱肌界第一把交椅，活泉水大廠雅漾母公司背景是藥廠，所有產品從研發、調配、到生產整個製程，都以製藥的嚴格標準控管，有病吃藥，肌膚有問題找雅漾，蟬聯17年銷售 NO.1 好評大熱門。 24H 保濕精華輕鬆解決缺水問題，買 2 送 9 $	https://player.soundon.fm/p/954689a5-3096-43a4-a80b-7810b219cef3/episodes/470f5786-af2e-4ceb-a887-f1ab91e0692d
82	2020-10-24	EP82 | 零股交易 fracking	41.4	跟大家介紹零股交易和注意事項，聊一下 SMDFK 的各種案例，如司法部 Google 對反壟斷卻漲了、Tesla 超讚財報卻跌，於是大夥兒又得去找理由來解釋為什麼，但實際上短線不可預期的案例比比皆是，就放寬心；天然氣產出州能源政策非常重要，特別像是賓州是天然氣大洲，第二次辯論又被打一把，我看老川現在越追越近。 本集節目由橘子工坊贊助 從2009年上市以來，橘子工坊帶動了天然家用清潔品的發展，今天要跟大家介紹的是洗淨病毒天然洗衣精。與一般抗菌洗衣精不同, 不只細菌, 連大家最怕的流感病毒、冠狀病毒都能洗淨，冠狀病毒的部分橘子工坊是以貓冠狀病毒 NTU156 實驗，證實可以確實洗淨。新產品添加的微	https://player.soundon.fm/p/954689a5-3096-43a4-a80b-7810b219cef3/episodes/f84d093c-8d37-4973-9402-13ebaed0e5fa
81	2020-10-21	EP81 | 電動車鬼故事+1	41.9	做空機構 Bonitas Research 發布了做空 Hyliion 的報告，跟在 Hindenburg Research 發佈 Nikola 的做空報告之後，讓一些人懷疑電動車裡面似乎真的挺多雷的，特別是那些說是特斯拉殺手的。此外這兩家都是 SPAC 公司，也再一次增溫 SPAC 之亂。我個人覺得波尼塔斯的這份做空報告沒有當初興登堡的猛，但對股價還是有效打擊。不過波尼塔斯一如其他做空機構，也不一定每次都看對，他們年初喊空的 JKS 已經漲了好幾倍了… 也聊一下 Howard Marks 最新備忘錄的一些看法。 本集節目由犀牛盾贊助 全新 iPhone 12 完整的防護標配登場！手機殼、螢幕	https://player.soundon.fm/p/954689a5-3096-43a4-a80b-7810b219cef3/episodes/fb5eb182-b923-4b33-985e-637cd56b93d2
80	2020-10-17	EP80 | 菸之帥照流出	41.8	這一集跟大家聊美選最新話題，以及再次呼籲二手手機、電腦，真的要好好小心啊，接著小帶一下台股盤面上比較沒有表現的看法，相信 2021 一切都會變更好的。恭喜 Post Malone 拿了一整台車的獎回家，2020 BBMA 最大贏家。 本集節目由 BFFECT 好肌膚精華研究室贊助 《主委專屬優惠組合79折 輸入優惠碼「GOOAYE」再折120 最高幫你省700》 ※專屬優惠連結：https://bfc.cool/cJswp 優惠只到10月底，記得要用優惠碼「GOOAYE」 ※BFFECT所有商品：https://bfc.cool/gnJdq 自選保養長期優惠碼「GOOAYE」做您開啟好肌膚的第	https://player.soundon.fm/p/954689a5-3096-43a4-a80b-7810b219cef3/episodes/3578697b-3f60-47c2-b598-879d954dcfdb
79	2020-10-14	EP79 | 有25萬哪個憨仔會選3萬	41.1	前面先跟大家聊一下心靈雞湯喝太多傷身的一貫立場；談一下能源 ETF 如 QCLN, ICLN, TAN 漲勢可能原因；聊 Big Tech 4 被指控壟斷事件，帶一點虎牙和鬥魚合併，騰訊越來越大家的話題來當個對應比較。 本集節目由瑞威寵糧贊助 瑞威是台灣唯一由台大動物營養師團隊組成的寵糧品牌，針對台灣氣候設計適合犬貓的配方。犬貓糧都有配方通過SNQ 國家品質標章認證。 🐢犬糧湖畔水鱉是全球獨家的中華養殖鱉+鱉蛋粉，加上日本專利膠原三胜肽。狗狗在演化過程中很少接觸到鱉肉，理論支持這類肉源比較不容易引起過敏！🐟貓糧海洋魚貝用北歐野生鮭魚添加乳鐵蛋白及美國藥典唯一認證魚油，亮毛護膚喵。 菜雞專屬犬貓	https://player.soundon.fm/p/954689a5-3096-43a4-a80b-7810b219cef3/episodes/4e773677-aa3c-4ea6-ad0b-f51b1a92fd39
78	2020-10-10	EP78 | 原神薩爾達 斷掉的柳樹	38.7	ㄟ 這集節目的 QA 是回答海外的菜雞喔，各國通通有，未來歡迎各國菜雞去 Apple Podcast 留言我後台整合看得到。跟大家聊一下原神我的玩後感，以及其實原創者要對自己有信心，抄仔很難做贏啦。但確實抄仔如果掌握到一些關鍵元素，如讓角色很香、日本聲優等等還是可以發財。談一下柳樹斷掉之後對於金控和壽險等等的影響，有沒有可能這是金融股多年一見的介入機會？還是說就此日薄西山？那可能看低利環境會走多久，以及看匯損開出來會多可怕吧。 本集節目由永豐大戶贊助 大戶數位帳戶是市場上目前唯一推出結合「存款、信用卡、理財、房貸、信貸、換匯、證券」整合性產品服務的數位銀行。永豐大戶卡提供國內 1%、國外 2%	https://player.soundon.fm/p/954689a5-3096-43a4-a80b-7810b219cef3/episodes/d7e1d9a9-878a-4e98-8303-681bdda016bd
77	2020-10-07	EP77 | 麥可貝式歸隊 台美股近況	40.2	川普如預料的在短期內就出院，也如猜測的用華麗的方式登場，一回來第一件事情就是小卡一下紓困導致市場縮了一下，但這紓困早晚還是會拿到啦。台股的強勢族群目前看來還是之前提到的二線晶圓代工和 MOSFET 族群，目前台股持有現金的比例較高，美股部分則就連九月進場的現在應該都是正損益的狀況，我覺得相較來說目前表現好很多。但是隨時都有選舉的不確定性產生，特別是目前選情拉得很近的狀況，所以心臟要大一點。我個人是看好川普上任市場表現會比較好，但拜登上任也只是延後加碼躲一下波動，或可能因為他的加稅計畫帶來的修正而已，不管誰執政我都看好美股未來數年的發展。 本集節目由巴黎萊雅贊助 青春奇蹟金三角組 市值: $45	https://player.soundon.fm/p/954689a5-3096-43a4-a80b-7810b219cef3/episodes/cf8ced13-52df-475a-af1f-e810145399e8
76	2020-10-03	EP76 | 十月驚奇 得疫的一天	39.3	川普中鏢啦！但回測一下 Boris Johnson 和 Jair Bolsonaro 中鏢後，雙雙支持度反而上升，而 FTSE 100 指數也在 BJ 中獎後的數個交易日就收復失土。我個人認為中鏢後獲得最多不確定性的是中國，雖然中國現在很多網友歡慶川普中獎，但我認為若川普連任，現在理由和正當性都滿分，可以期待更多正拳。但同時也聊一下我認為擊潰中國並不是最佳美國利益，最好的劇本是讓你們繼續當打工仔，重洗供應鏈讓你還是得繼續做代工，用美國貨 30 年。補充一下上一期漏講的 Bethesda Orion 技術，這技術可能會幫 Microsoft 在串流上有不少加分的效果。最後聊一下 IPO 之亂的總	https://player.soundon.fm/p/954689a5-3096-43a4-a80b-7810b219cef3/episodes/82fab8fc-58e0-44d1-bb54-ae9a38d644bf
75	2020-09-30	EP75 | 美國老人吵架 遊戲串流時代	40.1	簡單聊一下對於美國選舉辯論會的看法，我覺得大家不用執著誰勝誰敗，你打開不同立場電視台結局都不一樣；個人認為無論誰選上，對中的制裁都會延續，但肯定川普政府說到做到；此外真的對那種威脅移民的情緒勒索仔非常感冒，2016 威脅過一次現在又來。接著分享玩過 Nvidia GFN 之後，即將展開遊戲自組 ETF 的佈局的做法和大概聊一下目前業內參戰的玩家有誰。Google Stadia, Microsoft xCloud+Xbox game pass, Amazon Luna 這三家有自己的公有雲準備大殺一場，以及比較特別的玩家 Nvidia GFN，真的好希望和 Steam 結盟。 本集節目由 Gar	https://player.soundon.fm/p/954689a5-3096-43a4-a80b-7810b219cef3/episodes/88cb615a-ce4e-449d-88f2-7c001ae9c004
74	2020-09-26	EP74 | DR股和高收益債代操	40.5	跟大家聊一下 DR 之亂，以及最近在爆料社團被貼出來的代操炸裂一事，他買的東西是所謂的高收益債，又稱垃圾債。這種東西就是多頭年沒什麼太大的問題，所以可能槓桿還會開好開滿，但一遇到空頭年就會有大量的違約危機，包含 JC Penny 和 FTR 等等。聊一下目前股市階段的操作要點，其實就是多注意以盤代跌，或是根本沒有跌的標的，散戶和法人都不賣，自然在市場上代表的是認同度是更高的。 本集節目由 Eatgether 贊助 「今天想來約點？我想約你一起__。」 Eatgether 是台灣最大的聚會交友 app，透過單刀直入的見面聚會來達到交友目的，也是市面上唯一不以約會為目的、最容易約見面且安全性、互動	https://player.soundon.fm/p/954689a5-3096-43a4-a80b-7810b219cef3/episodes/2e90660e-9db7-4e13-a098-6beda5e587bb
73	2020-09-23	EP73 | 員工綁架公司 TikTok瓜分狀況	41.9	Spotify 被員工綁架，先是刪掉右派內容，現在員工更以冒犯 LGBTQIA+ 族群為由，要求全面審查旗下創作者的內容否則甚至要罷工；一家公司有競爭外患不打緊，內憂耍憨才是最可怕的，現在看起來 Spotify 若不振作，很快就會被夾殺出場。談一下我覺得 TikTok 事件的荒謬之處，若你覺得真的有國安危機，就該直接循印度模式 ban 掉；但看起來大家都想要分一杯羹，最後還是回到$$利益問題，而國家安全只是師出有名的大旗而已，行為裡變成次要目標。 本集節目由BHK's無瑕机力贊助 BHK's 無瑕机力是台灣保健食品品牌有一系列針對全家大小、孕婦、兒童的保健食品。BHK's 金盞花葉黃素很適合當	https://player.soundon.fm/p/954689a5-3096-43a4-a80b-7810b219cef3/episodes/12ceaeb7-6c27-4141-b358-f407b619e98c
72	2020-09-19	EP72 | 酸掉的壽司和融化的雪	40.5	IPO 狂潮過了一半，Snow, Unity, 藏壽司高處不勝寒，如果一開始沒法從聽節目意會的，實際感受應該就很能了解 IPO 的凶險了吧？但好公司還是可以靜待回歸自己的理想價位再來買進。簡單聊一下我怎麼看待 Snowflake 和台灣藏壽司，我是覺得做吃的比較抖，對我來說護城河形同不存在，拿王品和天蔥舉例。 本集節目由 PONY EFFECT 贊助 PONY EFFECT最強「妝前神乳1+1」，零毛孔、保濕、控油、持妝一次具備！「水透光妝前防護乳」，Urcosme的隔離防曬常勝軍！透明無色、清爽保濕的質地，卻有最高防曬係數SPF50+ / PA ++++，全臉、脖子、耳朵都能用，男生用也沒問	https://player.soundon.fm/p/954689a5-3096-43a4-a80b-7810b219cef3/episodes/56259d22-3264-40d6-a531-2eb50adefd27
71	2020-09-16	EP71 | 蘋果 Spotify ARM換手	42.0	蘋果發表會無聊好幾年了，焦點只在期待東西開出來多少錢，只有我這樣嗎？Spotify 耍低能至今裝死不回應，蘋果的 Apple One 訂閱我覺得又會雪上加霜。ARM 換手雖然中國可能會阻止，但老黃也可以斷尾求生犧牲掉 ARM China 之類的，且中國自己很需要，我覺得他們不是笨蛋，盤算好才有動作的。為了不被老黃掐住卵葩，各家更專心發展 RISC-V 當成次方案是有期待可能性的。 本集節目由國泰證券贊助 股票快選 app 有即時的新聞推播讓你掌握最新最快的消息。一系列的選股設定可以讓你跨條件選股。比方說指標選股、基本面、籌碼面、技術面、依據不同風格的喜好都有一系列的對應指標；題材選股的部分則貼	https://player.soundon.fm/p/954689a5-3096-43a4-a80b-7810b219cef3/episodes/594c976d-91c2-4e62-bce4-ee6018d92275
70	2020-09-12	EP70 | Nikola打假 IPO之亂	40.9	跟大家談一下台美現在的 IPO 狂潮，經驗上來說 IPO 後幾個月內都可以期待雲霄飛車，故會比較建議要小心不要一次鎖太多部位在同一價位，水岸第一排是很冷的；台灣的 IPO 抽籤最近也 很瘋，但其實不是每次抽到都可以爽賺價差。聊最近剛被 GM 入股的氫能源車品牌 Nikola，這家公司剛被機構興登堡打假，會不會是惡血 Theranos 2.0 呢？ 註：內有口誤，Nikola 告 Tesla 抄襲的是 One v Semi 不是 Badger v Cybertruck 本集節目由 Decent Rossi 藥師羅西贊助 如果你有頭皮爆油、爆豆、爆癢的困擾，至今找不到適合的洗髮精；或是說細軟髮質崩	https://player.soundon.fm/p/954689a5-3096-43a4-a80b-7810b219cef3/episodes/f921018d-185d-4fca-92d5-681ea5063eda
69	2020-09-09	EP69 | 會冷的都進來	41.2	跟大家聊一下美股的現況，就熱門股特斯拉和電動車產業做一些討論；中芯如果被制裁會爽到誰？是台積電、聯電還是世界先進？講一下我的看法。 本集節目由營養師輕食 300億機能益生菌 贊助 哈嘍，我是江欣樺營養師，希望我用心研製的益生菌能幫助到你（例如變出脖子) 吃起來不甜，才是好的益生菌，台灣唯一榮獲 A.A.100% 無添加最高榮譽 輸入「gooaye」，現折100元，9/10 23:59 結束 https://lihi1.com/Z1E0p -- Hosting provided by SoundOn	https://player.soundon.fm/p/954689a5-3096-43a4-a80b-7810b219cef3/episodes/e892b6d6-110c-4015-8c15-31702233fdee
68	2020-09-05	EP68 | 一天的世界首富	39.9	這個禮拜美股市場的情緒從樂觀瞬間轉為悲觀，Nasdaq 見到三月以來的最大兩日下殺；現在一些外媒報導指出背後和軟銀孫正義大量的選擇權有關係。孫正義曾經參與了網路泡沫的榮景成為一日首富，隨後泡泡就破了；現在他又在市場情緒高點大舉進場，要不要抖呢？ 本集節目由 Samsung Galaxy Note 20 5G系列贊助 手機界的單眼Note 20 5G系列姍姍來遲華麗登場：再進化的 S Pen，超低延遲和真實筆觸讓你就好像書寫在紙上。9/5-9/30，在三星官網購買 Galaxy Note20 5G 系列指定產品，輸入優惠序號 NOTE205G（大寫），登錄送無線藍牙耳機，再額外加送"一年原廠延長	https://player.soundon.fm/p/954689a5-3096-43a4-a80b-7810b219cef3/episodes/e3414688-c762-41ff-bd63-fec53e57b91c
67	2020-09-02	EP67 | Zoom空軍死透 Nvidia新卡有夠香	39.8	Zoom 從資安問題上報的四月開始，從 100 元左右漲到昨天 400 了，在股市裡意氣用事還真沒聽過什麼好下場；Nvidia 推出 Ampere 架構三張卡，價格從頂規 $1499、中階 $699 到低配 $499，我個人覺得香爆。Nvidia 本來重點轉去資料中心、電玩佔比下降，我覺得現在可以期待接下來幾季電玩營收大爆升，這卡太划算了估計會有換卡潮。 本集節目由海尼根 0.0 零酒精贊助 海尼根 0.0 零酒精，隨時暢快沒問題，何時何地都能喝。純正啤酒製程，使用純天然原料如水、麥芽、啤酒花，以海尼根獨特 A 酵母經過兩次發酵釀造，最後以真空蒸餾方式移除酒精。味道還原度超高、微甜麥香果香、細	https://player.soundon.fm/p/954689a5-3096-43a4-a80b-7810b219cef3/episodes/6c52dff3-83d1-4165-a40f-bbb25da3a678
66	2020-08-29	EP66 | 好想安裝 Neuralink 腦機介面	38.5	簡單介紹一下 Neuralink，建議大家去看我臉書貼的影片。與大家一起檢討 8/20 之後的台股走勢，之前聊到那一根下殺不管是程式單、散戶恐慌還是肥手指都不重要，眼見為憑。而確實許多 8/20 殺下去之後的就沒有站回來了，順勢有許多資金了結出場；但反過來說也有新的強勢族群出現。 本集節目由正官庄高麗蔘精 EVERYTIME PLUS 贊助 正官庄 6 年根高麗蔘萃取液 29.7% 是招牌商品，以 6 年根高麗參原料製成，且原料蔘通過 290 多項檢驗，提升保護力、調節生理機能、促進新陳代謝、思緒清晰、增強體力。歡慶正官庄高麗蔘粉 EVERYTIME 通過免疫力認證，即日起正官庄官方商城，輸入	https://player.soundon.fm/p/954689a5-3096-43a4-a80b-7810b219cef3/episodes/5d6ac279-5a5b-4cd0-8dc4-c7bee24fe393
65	2020-08-26	EP65 | 被教召了淦 跟單奧義	43.6	谷關山區五日遊。跟大家聊聊降手續費以及為啥國外券商可以零手續費；我知道很多人跟了我的 BIGC 很高興，但人人都會有看錯的機會，若你這輩子還要跟單，你必須學習怎麼樣當好跟單仔。如此一來你在各個地方看到不錯的標的（像我本人從群組大家身上也撈到不少），那你都能用正確的心態和方式去操作。但我還是建議你該學怎麼釣魚，而不是亂吃魚，免得吃到腥掉的完全不知所措，當了好幾年的跟單仔，晚年才後悔莫及不如好好學投資自保。 本集節目由 GameToGo 遊戲好棒棒贊助 插上 GameToGo，馬上讓您的 Mac 電腦跑 Windows。GameToGo 內建高速 PCIe 固態硬碟，免安裝，預載 Windows 	https://player.soundon.fm/p/954689a5-3096-43a4-a80b-7810b219cef3/episodes/60ca96ad-3980-46dd-927b-b5bd908474f5
64	2020-08-22	EP64 | Starlink 衛星網路 台美股近況更新	41.2	人人都知道這是高檔，但問題是資金要怎麼配置呢？我是覺得台股的參考基準出現了，可以當加減碼的依據。大家都想買 SpaceX 但目前就是買不到，旗下的 Starlink 帶起了低軌道通訊衛星的關注潮，雖然你買不到 SpaceX，但台股有一些可以看的，而注意要點又有哪些？簡單分析一下。 本集節目由神來也德州撲克贊助 神來也德州撲克是新手練牌技首選，也是台灣 Android 和 iOS 下載量最多的德撲品牌，不僅玩家人數最多，而且有高手也有菜雞陪打，不怕找不到合適的牌友，也不怕菜雞報團取暖，永遠無法進步。 使用 FB 綁定登入並在 24 小時內到股癌活動專區輸入 “GOOAYE” 序號，主委無情加碼2	https://player.soundon.fm/p/954689a5-3096-43a4-a80b-7810b219cef3/episodes/dac76287-724c-4e33-be1b-723dc80de826
63	2020-08-19	EP63 | 小米：我只是賣掃地機器人的	40.4	小聊部分美股的概況，接著談美國對華為最新的制裁和後續影響。小米表示：「我只是做掃地機器人的，路過而已」；OPPO 表示：「我們本體是田馥甄，手機是副業，不信你問大家想到 OPPO 想到什麼」，而華為講話很大聲，當然就被教訓。而聯發科、立積等華為供應鏈重挫，是不是代表其他中國手機品牌有起來的機會？我的觀察啦，聽看看。 本集節目由 Engoo 線上英文贊助 一對一的英文家教，還有日韓文選擇！ 不知道要幹嘛，就來學點外語吧。 輸入 engooaye 不限方案類型現折 500 元。 https://lihi1.com/J3trU -- Hosting provided by SoundOn	https://player.soundon.fm/p/954689a5-3096-43a4-a80b-7810b219cef3/episodes/8aee0948-b32a-4536-8b52-ac673f020532
62	2020-08-15	EP62 | 爬山之後就是下山	41.3	開頭先跟大家總結一下香港壹傳媒事件，接著聊台股過往的明星題材，包含挖礦潮的板卡之亂、漲價的 MLCC 之亂、矽晶圓產業循環的擴產之亂、CCL, PCB 以及現在的 ABF 之亂。他們的共通點都是營收、財報真的都有跟上，而另外的共通點是爬很高之後都摔得不輕；這似乎是台股身為中間財、機會財大戶的必經之路，也是最大特色。但是要因為怕受傷就不參與行情嗎？見仁見智囉。如果你累了、怕了，定期定額指數投資永遠是你的避風港。 本集節目由 foodpanda 贊助 台灣人最常使用的美食外送平台 foodpanda 也可即時外送生鮮食材及生活用品，平均 30 分鐘就會送上門；生鮮雜貨專區還有一大亮點熊貓嚴選。熊貓	https://player.soundon.fm/p/954689a5-3096-43a4-a80b-7810b219cef3/episodes/ea02d7c9-f4d8-4d82-acb6-27756fe70781
61	2020-08-12	EP61 | 香港壹傳媒 康友街友	43.7	先跟大家聊判讀資訊的重要性，若只是看圖說故事那誰都會；香港人買爆 Next Digital 的股票，提醒港仔們，雖然這件事很浪漫，但我還是很怕港菜雞有人 all in 去壓，路還很長香港加油，分析給你聽；康友成為街友，這家公司以前超風光，貿易戰時更是台股之王，而現在人去樓空；順便和大家聊聊 KY 股。 本集節目由 L‘Oréal Professionnel 萊雅專業沙龍美髮贊助 「絲芮雅活力啟動精粹」不管你是頭髮稀疏、產後落髮、圓形禿、大量落髮、頭氣味明顯，還是頭皮乾燥缺水都能用這罐。 拯救落髮仔、逆轉禿頭島 8/12 ~ 8/15 主委限定買一送一，限時特惠 36 折。 https://re	https://player.soundon.fm/p/954689a5-3096-43a4-a80b-7810b219cef3/episodes/a3f1a3fa-ca55-4059-93a3-399661a00f3b
60	2020-08-08	EP60 | WeChat TikTok 881	35.0	川普 8/6 簽署行政命令，禁止美國管轄範圍內的個人或實體，和 TikTok 母公司字節跳動，及微信母公司騰訊進行任何交易，時間壓 45 天後生效；騰訊是遊戲巨頭，且轉投資多個美股標的牽涉甚廣，這個「禁止交易」詳細為何大家還不知道，但皮要先繃緊是肯定的，因為股市反應的是未來。 本集節目由 Lalamove 贊助 24小時的物流媒合平台，快速、即時、彈性。 股癌專屬優惠碼 lagooaye ，首次下單折100元。 https://lalamove.app.link/gooaye -- Hosting provided by SoundOn	https://player.soundon.fm/p/954689a5-3096-43a4-a80b-7810b219cef3/episodes/9e1c87d1-6921-48b0-86d2-cb90ce69d950
59	2020-08-05	EP59 | B 咖裡面的 A 咖	41.1	聊一下 Nasdaq 持續創高，台股科技股部分表現優良。對於在車上的人來說，抱著的的最近都在準備看峇里島機票；但如果現在才想要佈局的，除了分批去追科技股心情忐忑之外還有什麼選擇？我個人覺得比起飯店、航空、旅宿和能源這些可能因為時代變遷而不知道多久能重返榮耀的標的來說，軍工股、和 SP500 現在普遍估值 PE 偏低的民生股或許可以看一下，但還是要記得一個觀念，沒有落後就一定得補漲這種事。 本集節目由銀座白石贊助 GINZA DIAMOND SHIRAISHI 銀座白石是日本首創半訂製婚戒的先驅，以日式款待精神「諮詢式」的服務為開業 26 年來的 46 萬對的新人找到屬於他們的命定戒指。 8/3	https://player.soundon.fm/p/954689a5-3096-43a4-a80b-7810b219cef3/episodes/95a9a5b5-f785-48d3-ad93-2e2504aa91ff
58	2020-08-01	EP58 | Tiktok 獎落誰家	40.4	本集跟大家聊一下川普可能在美國時間周六簽署行政命令 ban 掉 Tiktok。而市場上有很多關於字節跳動可能會出售美國 Tiktok（即便公司目前沒做評論），且許多人猜是 Microsoft 會拿去。科技股的財報開出來證明了這陣子並不是亂漲，強勢的股票幾乎都開出了強勢的財報，但成績開完後有些躺平，有些卻繼續漲，這其實也是短線隨機性的印證之一。 本集由飛機杯全球領導品牌 TENGA 贊助 TENGA 是一個標榜愛與自由的品牌。現在推出《謝主委感謝祭》於 2GR4ER 限時開賣，2GR4ER 是亞洲第一的日本設計師販售平台。 三款ETF組合包之外另有主委優惠碼 滿一千九折《GOOAYE1000》 	https://player.soundon.fm/p/954689a5-3096-43a4-a80b-7810b219cef3/episodes/cbfae63f-7501-49f0-965a-9fbd7db5c209
57	2020-07-29	EP57 | 跟風仔都該聊台積電 柳樹理論	39.5	最前面先開幹，然後補充一些我對於台積電的現價看法，不然大家會忘記這是投資為主的節目；跟大家聊聊央行的柳樹理論，台幣持續強勢、美元指數轉弱、零利率和 QE，是否有值得關注的標的類型做一些的討論。 本集節目由 momo 購物網贊助 2020 獨家提供美國第一傢具品牌 La-Z-Boy 北歐藍和簡約灰休閑躺椅，不只白宮影院、影集六人行採用，連奧斯卡都選來當明星禮物。折扣先打到55折、刷 momo 卡再享 5% 回饋，再加上主委折扣 1500，現省超過兩萬，momo 直接給大家最便宜的價格感恩回饋。 https://momo.dm/BrmUrb -- Hosting provided by Sound	https://player.soundon.fm/p/954689a5-3096-43a4-a80b-7810b219cef3/episodes/13f4fe77-d301-414c-aa0d-e1a439d1c2e9
56	2020-07-26	EP56 | 遇到下坡的規劃	39.3	納斯達克和台股櫃買中小型這幾天大出貨，很多人看著財報不停探尋問題出在哪。這其實是很奇怪的事情，比方說我翻過了 MSFT 的財報，我不覺得媒體或是一些人找給你的像是 「Azure 成長不如預期」是下跌主因。你是不是為了看細節而忽略了大盤？沒看到其他中小型科技股怎麼摔的？能小摔而已的根本是超強股。『股市如同一連串的戰鬥，而大盤就是你的望遠鏡』- 李佛摩（雖然他其實不是什麼頂好的股市典範)。 本集節目由綠藤生機贊助 紐約、倫敦時裝秀指定保養品牌，回歸保養的最短途徑。 折扣碼 gooaye，髮品任選二件以上 85 折。 即日起至 8/4 https://mygv.cc/gQ8UA --- 蝦皮閱讀節 	https://player.soundon.fm/p/954689a5-3096-43a4-a80b-7810b219cef3/episodes/a52a1e8d-7167-4f5f-9591-6ac9b0f5d98b
55	2020-07-22	EP55 | 斜槓仔宏碁 詐騙剋星	39.0	宏碁賣起運動飲料和美顏飲，但他不是企業斜槓仔的第一團；現在不專心本業的很多，有些賣吃的、有些炒股、有些則是種起牛樟芝。也聊一下越來越多的詐騙份子，遇到詐騙該怎麼辦？第一步不要貪，再來就是不要暈船。 本集節目由提提研贊助 ☆㊣↙征服法國a台灣面膜↗㊣☆ 其實也不只啦，明明就征服了二十幾個國家，廠商文案太低調了。 7/23 日中午 12:00 起至 7/26，憑折扣碼 gooaye 除了本來美容展五折起大感謝祭，再加碼折一百。 股市你可能抓不到 dip，但明天買提提研絕對是最便宜。 https://m.ttmask.com/39mKOX1 --- EnterSpace 進入空間 -8/20 前 預	https://player.soundon.fm/p/954689a5-3096-43a4-a80b-7810b219cef3/episodes/f19acdb1-5f5d-4775-bcad-7d05532a8ebd
54	2020-07-18	EP54 | Twitter被駭 永世天國一輝	38.3	Twitter 被駭本來以為有便宜的 TWTR 可以撿，但看起來資本市場和被駭的名人們通通都不在意這一件事；永世天國一輝，生技六天王，一起上去也一起下去，為什麼我會避開生技股？因為台股的生技狂潮其實幾年就會出一次；且因為台股的 10% 鎖漲跌限制，有時候想出是出不掉的，恐。 (被反應說搶光了，協調一下籌碼K線官方大方加碼，一定時效內通通有獎，有興趣的盡快上車。此外本方案不會自動續約，別擔心。) 本集節目由籌碼K線贊助 主委 VIP 權限開通步驟： 手機點擊連結 http://cmy.tw/009qdl 下載 APP 進入啟用序號頁面 直接啟用序號(系統會自行代入)進行專業版體驗 如果你不小心滑	https://player.soundon.fm/p/954689a5-3096-43a4-a80b-7810b219cef3/episodes/06ba8da1-7788-4c0c-825e-a33be8892a2d
53	2020-07-15	EP53 | 不是說掉了要撿怎麼逃了 Etoro	41.0	前幾天在哭說假設市場繼續無腦上漲那節目要收掉了，這兩天終於遇到美股下殺（台股表現穩定）， podcast 節目如願可以繼續做下去。我個人是覺得目前殺下來的幅度不大，且也不是什麼特別好的加碼點，如果還沒建倉的還是不適合重壓；聊一下金管會要起訴 etoro 的事件，以及對於金融新創的看法。 本集節目由 Backbone 椎座工學贊助 第一波破百單感恩加碼，線上商城滿 6000 送 500，滿 10000 送 800 快把好看又好用的傢俱帶回家 折扣碼：gooaye500/gooaye800 https://www.backbone.tw/ -- Hosting provided by SoundO	https://player.soundon.fm/p/954689a5-3096-43a4-a80b-7810b219cef3/episodes/02762a8a-4335-48d5-a878-8fb627bcf058
52	2020-07-11	EP52 | 六富仔 Elon Musk 火烤特斯拉空頭	42.0	市場上要如何一魚二吃？先宰空再殺多。特斯拉一直都是空軍熱愛標的，但多軍受傷的次數也不少，且好發於一片樂觀的時候；Peter Thiel 的 Palantir 引起許多菜雞的關注，提醒一下 IPO 的公司都是在比誰大餅畫得大的；我雖然也期待，但提醒不要整天想 all in，否則壓錯一次就夠吐回過往的輝煌戰果。 本集節目由玉山證券富果帳戶贊助 還沒有富果帳戶： 先去玉山銀行開戶，再回來點此連結線上開富果證券戶才能搭上主委優惠列車 https://fugle.pros.is/gooaye *也可以最後一步輸入股癌專屬推薦碼：gooaye （全小寫） 新用戶可得到 168 枚富果幣＋一個月券商買賣集中	https://player.soundon.fm/p/954689a5-3096-43a4-a80b-7810b219cef3/episodes/af0a1504-d2fd-4402-87eb-1ccbe96eab8a
51	2020-07-08	EP51 | 大同結果 更新市況 創作心得分享	41.5	跟大家聊一下大同最後的處置；市場瘋狂漲，就如同跟大家提到的隨便亂買都賺到錢，但當初亂買的人，和現在亂買的人成本有山大的差距，這就是你要注意的風險；應聽眾要求分享一下關於創作的看法。 本集節目由亞曼菲贊助 專門製作無鋼圈和機能型內衣的專家，獨家「試穿再購買」服務，單件押金，試穿三件內衣。 折扣碼$200：gooaye 股癌限時專區：https://bit.ly/3fRzKTL 更多MIT優質內衣：https://bit.ly/2YIhIxD -- Hosting provided by SoundOn	https://player.soundon.fm/p/954689a5-3096-43a4-a80b-7810b219cef3/episodes/99fd0afe-c1c6-4d28-82ba-4b8b90ff99fe
50	2020-07-04	EP50 | 香港和中國趨勢	41.0	08 年之後有個中概股在美上市資金追逐風潮，接下來中概股在港上市可能是下個風潮；跟大家聊一下香港 HSI 和中國指數的未來趨勢，但選擇上我仍以台美投資為主。 本集節目由科技巨頭解碼贊助 輸入折扣碼 gooaye 年訂閱省下 300 元。 https://vocus.cc/techgiantsdecode/introduce -- Hosting provided by SoundOn	https://player.soundon.fm/p/954689a5-3096-43a4-a80b-7810b219cef3/episodes/0dae9f6f-d24c-4a48-8a34-6845c406bee5
49	2020-07-01	EP49 | 大同硬幹仔	42.4	跟大家聊聊資產股的一些坑，分享老股民一廂情願的下場是錯過了大好行情；聊大同事件，這件事情最爽的一方除了硬幹的公司派之外，就是去門口站的黑衣仔。聽說日薪還不錯，未來仍有機會被發工作。 本集節目由亞曼菲贊助 專門製作無鋼圈和機能型內衣的專家，獨家「試穿再購買」服務，單件押金，試穿三件內衣。 折扣碼$200：gooaye 股癌限時專區：https://bit.ly/3fRzKTL 更多MIT優質內衣：https://bit.ly/2YIhIxD -- Hosting provided by SoundOn	https://player.soundon.fm/p/954689a5-3096-43a4-a80b-7810b219cef3/episodes/101e3862-4106-4b77-a80f-466a5c776c7b
48	2020-06-27	EP48 | 菜雞悲歌	41.6	聊一下為什麼菜雞屠宰場對菜雞有特別的誘惑，從 00672L, 瑞幸咖啡、赫茲租車、健安喜的例子我們可以學到什麼？其實趨吉避凶這件事，避凶才是駛得萬年船的主因；接著分享和股市數據庫公司老闆和開發者聊天心得，把驗證後有效的做法公開給大家（其實講過好幾次了只是驗證後更有底氣啦）。 本集節目由信咚企業股份有限公司 UVCLEANER 贊助 專屬賣場提供首次最低價 1880 元 https://24h.pchome.com.tw/prod/DEAUA1-A900ANLR9 -- Hosting provided by SoundOn	https://player.soundon.fm/p/954689a5-3096-43a4-a80b-7810b219cef3/episodes/2c7b5a6e-ff9b-4de4-a7dd-d4fbf6d0054b
47	2020-06-24	EP47 | Spotify 聊執念和盲點	39.4	應聽眾要求繼續推薦電影和音樂；接著聊一下錯過的不只是跑車，你可能也因此閃過抬棺只是你沒注意到，所以不要健忘要做記錄；最後聊一下 Spotify 在 podcast 的佈局和新策略。 本集節目由 Backbone 椎座工學贊助 即日起至7/15 號，在Backbone線上商城結帳時，輸入折扣碼 gooaye 就可以獲得全館九折優惠。 也可以憑粉專/telegram/社團上的主圖片，至「全台 Backbone 試坐點」消費，都享有九折優惠。 https://www.backbone.tw -- Hosting provided by SoundOn	https://player.soundon.fm/p/954689a5-3096-43a4-a80b-7810b219cef3/episodes/243f97c2-6551-46eb-aaff-4bc1b9ed0c0c
46	2020-06-20	EP46 | 風險特輯 羅賓漢散戶 廣明事件	39.4	跟大家聊聊美國菜雞因為看不懂帳上損益而尋短的事件；廣明事件的抄底仔是賭徒還是先知？沒有資訊獲取能力的散戶該因為沒買到扼腕嗎？ 本集節目由樂天 KOBO 贊助 全系列閱讀器 6/19-6/26 95 折(不含配件套組) 購機連結：https://bit.ly/2UNyid2 優惠代碼：GPR9-FODD-RDJ2-IFFZ 備用代碼：VZP2-7W6B-KPJG-TAAE 6/26 23:59PM 前購買填單 https://forms.gle/24e69YrfshkR8Dgb8 買閱讀器就送樂天 kobo 電子書購書金200元 6/19-7/3 23:59 輸入代碼 KoboGooaye2 享	https://player.soundon.fm/p/954689a5-3096-43a4-a80b-7810b219cef3/episodes/74ef4e1f-6197-4ad3-89ac-9ecf4c1cbd86
45	2020-06-17	EP45 | 簡明市況 ETF泡沫紅茶	35.5	跟大家聊聊中印 fight club、中國北京疫情升溫、北韓開炸等事件對於市場的影響為何，接著聊聊之前很多人在問的 Dr. Burry 所提到的 index fund 泡沫的話題。 本集節目由 ShopBack 贊助 這是一款無情現金回饋的綜合平台，在你往後的消費裡都能默默地吐鈔給你，適用在樂天、agoda, booking, pchome24, 博客來等等高達幾百家常見消費勝地都能用，送好送滿。 掃描主委專屬 QR code 或用下面連結即享有福利。 https://app.shopback.com/twn?raf=gKRFRp&slug=referred-signup-bonus ＊QR 	https://player.soundon.fm/p/954689a5-3096-43a4-a80b-7810b219cef3/episodes/a828b01f-f179-42bb-8baf-90bc281846cf
44	2020-06-13	EP44 | 中共同路人來了 市場該有的健康心態	40.9	很高興成為中共同路人的一員感謝抬愛；分享為什麼不該把日常的情緒和觀點過度傾倒至市場交易的原因。舉 Zoom 和抖音為例子，你討厭的東西可能其他用戶根本不在意，市場還是回歸獲利能力和展望為主。 本集節目由蔻蘿蘭贊助 主委專屬折扣碼：KLOR250 https://shopee.tw/product/261146011/7037695826/ -注意，請先至蝦皮後台「我的」>「我的優惠券」新增折扣碼後，再去購買連結。 https://www.facebook.com/klorane.tw/ 購買或產品問題請私訊蔻蘿蘭粉專 -- Hosting provided by SoundOn	https://player.soundon.fm/p/954689a5-3096-43a4-a80b-7810b219cef3/episodes/778324fc-e715-466c-b351-fb4323280a1d
43	2020-06-10	EP43 | 國瑜有退休金 排富排誰你要先講	42.4	中天、合一之前韓國瑜都有買過，現在真的發大財了；聊聊排富這個扎稻草人的議題，以及最後回答問題。 天下 x 謝主委無情放福利 信任邊際, 洞悉市場的人, 漫步華爾街. 金錢心理學. 為什麼要睡覺, 人類大歷史，經典好書兩件七折外加 -20 元折價，請持續鎖定粉專或 telegram 頻道追蹤最新無節操式福利。 -- Hosting provided by SoundOn	https://player.soundon.fm/p/954689a5-3096-43a4-a80b-7810b219cef3/episodes/32e3b43c-eb77-4020-8d3b-b6ed4bbdc1eb
42	2020-06-06	EP42 | 別人恐懼 我更恐懼	40.1	上一次我貼文說巴菲特賣光航空股時，有一群人出來在下面留言說跟巴菲特對做，並嗆出別人恐懼我貪婪（巴菲特名言）。我覺得很屌，respect! 拿巴菲特的話來跟巴菲特對做，且短線上看起來是贏了。 但其實這只是巴菲特資產的一部分，且長線怎麼樣還沒人知道。 本集節目由帶著走的家・走走家具贊助 滿 5000 折 500 折扣碼：gooaye（小寫） https://gogohome.co/gooaye2 -- Hosting provided by SoundOn	https://player.soundon.fm/p/954689a5-3096-43a4-a80b-7810b219cef3/episodes/e5082554-292b-44aa-b4e5-62b000bbc6ea
41	2020-06-03	EP41 | 美國暴動 生技股	41.4	這集跟大家聊聊生技股之亂；談一下 George Floyd 所引發的美國暴動事件、後續影響和對我們的啟示，最後回答問題。 本集節目由迷走工作坊贊助 快參加《做工的人》桌遊募資計畫！ https://zecz.ec/36DjZfW -- Hosting provided by SoundOn	https://player.soundon.fm/p/954689a5-3096-43a4-a80b-7810b219cef3/episodes/1382df23-3792-478d-8764-35f26282ced8
40	2020-05-30	EP40 | 沒人可以完全取代香港	38.8	今晚 SpaceX 第二次挑戰射火箭：香港是不可取代的，他最核心的價值之一就是「背對中國，面向世界」，聊聊我的看法。 本集節目由玉山證券 #富果帳戶 贊助 首先你要去玉山銀行開存戶，接著： A) 開完戶按這個連結線上開富果證券戶才有優惠 https://fugle.pros.is/Q5PJK B) 也可以在富果開戶最後一步輸入股癌專屬推薦碼：gooaye *注意，只要開富果帳戶就好（它就是一個證券戶），不需要額外再開一個玉山證券一般帳戶 現在用推薦碼 Gooaye，開戶完成還送你 108 枚富果幣，投資順利。 -- Hosting provided by SoundOn	https://player.soundon.fm/p/954689a5-3096-43a4-a80b-7810b219cef3/episodes/afbc0d5e-bc0e-4aae-8f5f-26dfe42ea503
39	2020-05-27	EP39 | SpaceX 今晚射火箭 podcast起飛	40.5	這集跟大家聊一下 podcast 圈的現況，大同公司的股東會議題；最期待的 NASA 和 SpaceX 今晚要射火箭囉！以及其他兩家太空旅行的公司 Blue Origin 和 Virgin Galactic；最後回答滿多問題的，就這樣。 -註 維珍銀河的交易代號是 SPCE，SPSE 為口誤 -- Hosting provided by SoundOn	https://player.soundon.fm/p/954689a5-3096-43a4-a80b-7810b219cef3/episodes/3452472a-ea84-4abb-af8b-0b6025d319c8
38	2020-05-23	EP38 | 香港國安法 豆漿我愛你沒事了	39.9	聊聊國安法對香港的影響，以及告訴大家金融巨鱷挑戰香港失敗的經驗；QA 回答很多問題的一集。 本集節目由 easylife 十月被贊助 折扣碼：gooaye 九折優惠 連結https://bit.ly/2JapEzh -- Hosting provided by SoundOn	https://player.soundon.fm/p/954689a5-3096-43a4-a80b-7810b219cef3/episodes/6523661d-5392-4b85-8090-e0248a4db7cd
37	2020-05-20	EP37 | 到底要不要訂閱一堆有的沒的	43.8	聊一下錯誤的消化會造成的不良連鎖反應，接著帶到訂閱經濟的看法，最後回答滿多問題，有聊到很多人好奇的生技股看法。 本集節目樂天 KOBO 電子書贊助 投資最重要的事 - 霍華馬克斯 投資金律 - 威廉伯恩斯坦 窮查理的普通常識 - 查理蒙格 折扣碼：kobogooaye https://www.kobo.com/tw/zh -- Hosting provided by SoundOn	https://player.soundon.fm/p/954689a5-3096-43a4-a80b-7810b219cef3/episodes/1f3c8fa5-3ade-471c-94c4-83aa2924ff79
36	2020-05-16	EP36 | 台積電去美國設廠	36.3	跟大家聊聊台積電去美國設廠之我見為何，算是台積電大特輯，接著回答很多 QA。 本集節目由帶著走的家・走走家具贊助 滿 5000 折 500 折扣碼：gooaye（小寫） https://gogohome.co/gooaye -- Hosting provided by SoundOn	https://player.soundon.fm/p/954689a5-3096-43a4-a80b-7810b219cef3/episodes/27cbe70f-681f-489a-8cd0-babfe101893c
35	2020-05-13	EP35 | 美國經濟數據 航空業 VIX	35.4	前面先閒聊關於 podcast 以及 telegram 社團的現況，接著聊美國難看的經濟數據和財政數字的意涵，航空業的狀況，以及 VIX 為什麼不能像股票越跌越買，和QA。 -- Hosting provided by SoundOn	https://player.soundon.fm/p/954689a5-3096-43a4-a80b-7810b219cef3/episodes/1d9b6e1b-179b-4376-ac5e-91d97b8075a8
34	2020-05-09	EP34 | 原油寶後續 馬斯克訪問 Joeman橘子	43.8	原油寶的韭菜們有救啦！聊聊馬斯克上 Joe Rogan 節目的分享，最後談一下 Joeman 業配橘子，隔天漲停的事情，然後回答很多問題，回答到四十分鐘去了乾。 本集節目由 M觀點 Miula 贊助 請上 YouTube / Podcast / FB 搜尋 M觀點 -- Hosting provided by SoundOn	https://player.soundon.fm/p/954689a5-3096-43a4-a80b-7810b219cef3/episodes/007512cf-12b7-4dd5-877c-350f59e3ebd0
33	2020-05-06	EP33 | 巴菲特股東會 黃國昌選獨董	36.9	巴菲特的股東會有很多有趣的分享，黃國昌選大同的獨立董事，回答問題。 歡迎來臉書抽書《信任邊際》 www.fb.com/gooaye -- Hosting provided by SoundOn	https://player.soundon.fm/p/954689a5-3096-43a4-a80b-7810b219cef3/episodes/acaa8bc4-bfc7-484f-96b4-ab7c021fc509
32	2020-05-03	EP32 | Elon Musk的七傷拳 疫苗	36.6	特斯拉的老闆馬斯克在推特發文表示自家公司股價太高，於是求仁得仁直接崩給你看；疫苗的眉眉角角在哪？哪時候大家可以真正安心？跟大家聊聊疫苗和回答 QA。 本集節目由眠豆腐贊助。 https://sleepytofu.com 股癌專屬優惠代碼 10% off：GOOAYETOFU -- Hosting provided by SoundOn	https://player.soundon.fm/p/954689a5-3096-43a4-a80b-7810b219cef3/episodes/67475902-1ae2-4340-9553-2cf9c3fc1760
31	2020-04-29	EP31 | 原油寶 時力基本薪資 中國 Steam	37.4	本集應中國韭菜聽眾的要求跟大家聊聊韭菜地獄原油寶，此外講一下我對時代力量調漲基本薪資草案的想法和聊聊中國的國服 Steam 以及滿滿的 QA。 本集節目由眠豆腐贊助。 https://sleepytofu.com 股癌專屬優惠代碼 10% off：GOOAYETOFU -- Hosting provided by SoundOn	https://player.soundon.fm/p/954689a5-3096-43a4-a80b-7810b219cef3/episodes/d78bbe86-16d1-4636-9950-29e7a03cce2b
30	2020-04-25	EP30 | Gogoro 白狼去中山演講	33.2	這集聊一下 Gogoro 和他的公關危機，白狼在中山大學的演講風波以及回答QA。 本集節目由眠豆腐贊助。 https://sleepytofu.com 股癌專屬優惠代碼 10% off：GOOAYETOFU 2020/5/31 截止 -- Hosting provided by SoundOn	https://player.soundon.fm/p/954689a5-3096-43a4-a80b-7810b219cef3/episodes/66b2930f-3f8f-48b8-9804-38c7b1c57b54
29	2020-04-22	EP29 | 廉價的油 太空戰士  台灣工會	34.9	跟大家聊聊 WTI 和 Brent 以及回答堆積如山的問題。 本集節目沒人贊助，福利熊你給我出來。 -- Hosting provided by SoundOn	https://player.soundon.fm/p/954689a5-3096-43a4-a80b-7810b219cef3/episodes/0c74ab92-ce80-4886-9be3-cba674425bf0
28	2020-04-20	EP28 | 面對中國數據真假如何解讀	27.3	今天聊聊該怎麼健康的面對中國數據，聊聊現在的市況和把問題回爆。Howard Marks : 如果資本主義沒有破產，就好比天主教沒有地獄。 本集節目由 Group M 旅宿顧問贊助播出 https://www.groupmbnb.com -- Hosting provided by SoundOn	https://player.soundon.fm/p/954689a5-3096-43a4-a80b-7810b219cef3/episodes/6c225d1d-7fef-4070-a73f-43740965f6c5
27	2020-04-17	EP27 | 黃賭毒大發財 推薦書和入門教材	30.4	不要跟勢力強大的人對做，很重要，默念三次。聊聊大麻、賭博電玩、抽卡課長以及全球最大的色情業者，最後回答滿多 Apple podcast 上的問題。 本集節目由 Group M 旅宿顧問贊助播出 https://www.groupmbnb.com -- Hosting provided by SoundOn	https://player.soundon.fm/p/954689a5-3096-43a4-a80b-7810b219cef3/episodes/388ccd1f-95b0-48fe-8812-4fa7813bdb55
26	2020-04-15	EP26 | 逆風分類帽 克蘇魯	27.6	快看看你是葛來分多、史萊哲林還是憨懶美紅幹的陣營。在市場裡冷靜、獨立思考和保持一顆理性清醒的頭腦是很重要的，順帶聊一下美國這樣撒錢到底會不會有業報。 本集節目由 SBD 贊助。 快來買專業的健身器材，折扣碼用起來！ 折扣碼：Gooaye www.sbdapparel.com.tw -- Hosting provided by SoundOn	https://player.soundon.fm/p/954689a5-3096-43a4-a80b-7810b219cef3/episodes/e84ef93d-d4ba-401c-8650-bdc390712b5a
25	2020-04-13	EP25 | Errr 收割韭菜的聲音 華南和霸菱銀行	25.0	韭菜開割收起來！ 本集節目由 SBD 贊助。 快來買專業的健身器材，折扣碼用起來！ 折扣碼：Gooaye www.sbdapparel.com.tw -- Hosting provided by SoundOn	https://player.soundon.fm/p/954689a5-3096-43a4-a80b-7810b219cef3/episodes/fee29039-55ff-460d-bff3-2aed3188dfa1
24	2020-04-10	EP24 | 譚德塞 桑德斯退選 文人相輕	24.9	自古文人相輕，到現在大家還是喜歡互嗆互嘴。 本集節目由茄子青旅 Hostel Jiizu 贊助。 請上Agoda, Booking, 或臉書粉絲頁訂房。 -- Hosting provided by SoundOn	https://player.soundon.fm/p/954689a5-3096-43a4-a80b-7810b219cef3/episodes/7c6adde3-b93a-4579-803d-ec8b36b1a338
23	2020-04-07	EP23 | 瑞幸會計責任 嘉年華郵輪 放福利	23.2	很多時候我們的世界就是上下交相賊。 *沙特是沙烏地阿拉伯不是阿聯酋，不想重錄特此更正 -- Hosting provided by SoundOn	https://player.soundon.fm/p/954689a5-3096-43a4-a80b-7810b219cef3/episodes/33a786c0-0d51-47fc-9f54-c641d6c83fe1
22	2020-04-05	EP22 | 不下標題試試看會怎樣	29.9	沒有值得一聽的內容，垃圾節目。 本集節目由茄子青旅 Hostel Jiizu 贊助。 請上Agoda, Booking, 或臉書粉絲頁訂房。 -- Hosting provided by SoundOn	https://player.soundon.fm/p/954689a5-3096-43a4-a80b-7810b219cef3/episodes/837c0538-266c-4d6d-b8cd-bc6177e93bfd
21	2020-04-03	EP21 | 上節目心得 RSI/KD 中國浮動利率 套利	26.9	這集沒什麼重點，隨便亂聊。 -- Hosting provided by SoundOn	https://player.soundon.fm/p/954689a5-3096-43a4-a80b-7810b219cef3/episodes/14e85d9a-8180-45c1-98e4-07bab3c58ec6
20	2020-04-01	EP20 | 財你個鳥富自由 討論騙人的話術	25.1	這集討論的是被動投資、無腦/懶人投資、和財富自由的盲點以及不合理之處。 本集節目由茄子青旅 Hostel Jiizu 贊助。 請上Agoda, Booking, 或臉書粉絲頁訂房。 -- Hosting provided by SoundOn	https://player.soundon.fm/p/954689a5-3096-43a4-a80b-7810b219cef3/episodes/09671ee3-48bc-49b8-8b42-9ae61cd05729
19	2020-03-29	EP19 | Surpriseㄇㄉㄈㄎ QE降息影響	30.3	聊聊生活中的驚喜們，這集到後來忍不住幾乎都在幹人，慎入。 本集節目由眠豆腐贊助。 https://sleepytofu.com 股癌專屬優惠代碼 10% off：GOOAYETOFU -- Hosting provided by SoundOn	https://player.soundon.fm/p/954689a5-3096-43a4-a80b-7810b219cef3/episodes/c36c424d-0e4c-4ec0-80fc-63faa0c2b0db
18	2020-03-26	EP18 | 川普收回中國病毒說法 疫情股市分析 Zoom買錯事件	25.6	川普果然大器，收回了中國病毒的說法，而中國那邊你要等他收回對美國和義大利的指控應該不可能。分析討論了因為疫情受惠的股票，如視訊會議的 Zoom，但你知道就像當初炒防疫概念股一樣，有人以為買的花王是日本花王，結果是台灣的印刷業花王，Zoom 也發生買錯現象ㄏㄏ；聊了俠盜獵車手的公司，最後就是回答了關於 0056 0050 的 QA。 本集節目由眠豆腐贊助。 https://sleepytofu.com 股癌專屬優惠代碼 10% off：GOOAYETOFU 2020/5/31 截止 -- Hosting provided by SoundOn	https://player.soundon.fm/p/954689a5-3096-43a4-a80b-7810b219cef3/episodes/2f1928a9-2800-4fda-91dd-7524cfda1d0f
17	2020-03-24	EP17 | 庫藏股的秘辛 遊戲橘子	11.0	庫藏股就像是國安基金，在崩跌的時候出來護盤用的，但你知道庫藏股也會有陷阱題嗎？而且買不買庫藏股和股市後來的走勢並沒有絕對相關性。以遊戲橘子來說，17 年的庫藏股執行了 2%，19 年的庫藏股執行了0%，庫藏股是可以喊一喊然後不買的。 本集節目由異物梗色贊助。 -- Hosting provided by SoundOn	https://player.soundon.fm/p/954689a5-3096-43a4-a80b-7810b219cef3/episodes/be3434b6-42d2-49c8-867c-a7f79e071696
16	2020-03-23	EP16 | 鬼故事 失業潮來了 川普帶起的全球反華(亞）	22.2	週末的鬼故事總是來得措手不及，上禮拜追高的這禮拜重摔，在行情未定、熊市趨勢明朗的狀況下還是得小心。加拿大和美國都開出創高的失業數據，疫情控制不住，造成的傷害將指數化增加。隨著川普說 『Chinese Virus』，老實說亞洲人都要小心，因為外國的歧視敗類多半不會分你是哪裡人只看膚色，疫情結束後要出遊請注意人身安全。 -- Hosting provided by SoundOn	https://player.soundon.fm/p/954689a5-3096-43a4-a80b-7810b219cef3/episodes/d39efa98-75f7-46f9-b3b2-395587105978
15	2020-03-21	EP15 | 元大S&P石油正2 00672L之亂 《大賣空》	22.7	其實這產品的短線大漲 85％ 和石油剛好遇到反彈只有一部分的關係，重點是本來要下市，所以價格會去貼淨值；如果有人知道不會下市，那當然抄底隔天就可以馬上賺到溢價價差，這要查有沒有內線交易，是不是有先知。除此之外，規定淨值低於 2 元就要清算，元大也報請了，但顧立雄送出續命丸。那以後怎麼分誰可以誰不行？遊戲規則是不是形同虛設？發行商出局了卻還能繼續爽賺？這有沒有圖利問題？ -- Hosting provided by SoundOn	https://player.soundon.fm/p/954689a5-3096-43a4-a80b-7810b219cef3/episodes/6039f4a4-ceeb-45d9-bfad-015c1349952a
14	2020-03-20	EP14 | 國安基金護盤 聊趨勢怎麼看	22.1	今天聊聊國安基金是怎麼運作的，護盤到底是不是一定就是買在最低點？看了一些評價回答了一些問題，以及講述趨勢怎麼簡單的看。 -- Hosting provided by SoundOn	https://player.soundon.fm/p/954689a5-3096-43a4-a80b-7810b219cef3/episodes/108d9ad9-37c7-4fdc-835d-5b057b560151
13	2020-03-17	EP13 | 人類集體失智現象 美債流動性問題會是大問題	26.7	兩次的搶購衛生紙安屎之亂、厚奶茶、粉塵吸到爽路跑，市場的瘋狂拋售、集體搶債券，其實都是人類的集體失智現象。畢竟人性終究是有感性的成分，而感性的成分會在群體暴衝的時候放到最大，悲劇就是這樣產生的。美國國債被視為無風險的基準，因為有美國政府的擔保，所以其殖利率會被用來衡量其他資產價值的標準；但現在這個殖利率因為流通性問題而上下跳動，這不是好現象，可能讓其他資產的估價變得困難，在多重原因之下甚至引發其他商品的平倉潮，這也是為什麼 FED 要進場購債的原因之一。 -- Hosting provided by SoundOn	https://player.soundon.fm/p/954689a5-3096-43a4-a80b-7810b219cef3/episodes/eddc79ef-78f9-490b-b3c1-1dffd89acdb5
12	2020-03-16	EP12 | QE和零利率都救不起來的市場	19.4	FED 降息四碼、QE 7000 億，美期貨還是熔斷了，疫情對世界經濟的挑戰可能比大家想像的還要嚴峻。要記得 FED 不是為了股市服務而已，放出這麼多的流動性，可能代表實體經濟的預期實在悲觀，病毒再止不住、經濟惡化就煞不住。 -- Hosting provided by SoundOn	https://player.soundon.fm/p/954689a5-3096-43a4-a80b-7810b219cef3/episodes/1b274bf6-d2f8-4116-94ed-7ce155146a31
11	2020-03-14	EP11 | 黑色一星期 本週散戶升級為學長 短評疫情和行情	9.8	這個禮拜是熔斷週，最後週五以昇龍拳做個結束，我知道很多人一定心中在想著是不是要反轉了。人性的盲點在於會選擇自己想看的、想相信的，在錢來錢去的地方，還是建議保守一點，往最壞的方向去規劃就對了。手癢的話套 Howard Marks 說的：你當然可以買一點，因為現在價格真的比較便宜，如果反彈你就會慶幸你有買；但如果下跌，你也會慶幸還好你只有買一點。 -- Hosting provided by SoundOn	https://player.soundon.fm/p/954689a5-3096-43a4-a80b-7810b219cef3/episodes/d136e66b-1dab-4b67-8796-add2c2c99798
10	2020-03-13	EP10 | 熔斷 崩盤受傷的都來療傷 diss妖魔鬼怪亂象	24.4	介紹一下熔斷。這集很自然的就開噴投資界的一些妖魔鬼怪，如果你是喜歡「聽牌」或跟「老師」的，不要進來。也跟大家聊一下其實投資就像生活中的其他事情一樣，就學、上班，都是有風險的。只是因為投資毫無門檻、也沒有什麼學科測驗和績效審查，所以很多人才會低估他，不自知的越陷越深。 -- Hosting provided by SoundOn	https://player.soundon.fm/p/954689a5-3096-43a4-a80b-7810b219cef3/episodes/0cd4f52f-9f56-4888-b059-78fc2a273531
9	2020-03-11	EP9 | 中油史上最大降價 航空油價避險 旅宿業愁雲慘霧	20.1	便宜的油真的從海上進來了，一公升降 3.7 元。油價大跌，航空業有受益嗎？要考量避險的方向以及需求面，目前看來可能沒有甜頭還是賠錢。旅宿業進入了大寒冬，如果病毒疫情再不結束可能會有倒一片的盛況。在美國 FED 緊急降息 2 碼之後，英國也跟進了，全球都看到衰退的將來了嗎？ -- Hosting provided by SoundOn	https://player.soundon.fm/p/954689a5-3096-43a4-a80b-7810b219cef3/episodes/b6855244-f418-4f76-9f2d-25212852fb86
8	2020-03-10	EP8 | 推特救市沒用了 川普打過摔角 冠狀病毒 美國選舉	22.9	川普的推特在 18 19 年貿易戰的時候可以說是呼風喚雨，但就像是各種利多利空一樣，久了大家都會習慣，效果也沒這麼大了；川普以前打過 WWE 還被使出斷頭台你知道嗎？義大利宣布類鎖國的政策，雖然一定沒有中國這種人治國家來的強勢，不過也是一種強勢明顯的對疫情宣戰表態了。 -- Hosting provided by SoundOn	https://player.soundon.fm/p/954689a5-3096-43a4-a80b-7810b219cef3/episodes/d07b790a-42dd-420c-aed0-dfdf9c60380d
7	2020-03-09	EP7 |ヾ(｀Д ´ )ﾉ	21.8	元大 S&P 原油正 2 (00672L) 淨值快跌到 2 塊下市邊緣了，你看那世界奇觀般的溢價（節目錄完後看到 200% 了；融資餘額從 5 萬直上 38 萬，這其實就是富邦 VIX 之亂 2.0。也因為富邦 VIX 最近因為市場恐慌的大爆射，讓很多持 00672L 的人，心中想著會有複製的行情，融資不停低接，越接越低。你要考慮的是你可不可以撐到反彈？或是，如果沒有反彈你該怎麼辦？ -- Hosting provided by SoundOn	https://player.soundon.fm/p/954689a5-3096-43a4-a80b-7810b219cef3/episodes/0c330b09-f062-4105-becb-df8d7e13bd32
6	2020-03-06	EP6 |(ಥ_ಥ)	24.1	提到不要再提的消費緊縮真實發生了，一家老字號飯店的倒閉。股癌觀點一向正向，理由是若無限的看空，那永遠不會有進場機會，很多人還在等三千點的台股呢。但這次我們來分析最壞的狀況。最後分享橡樹資本 Howard Marks 的看法，這一集資訊量非常大！ -- Hosting provided by SoundOn	https://player.soundon.fm/p/954689a5-3096-43a4-a80b-7810b219cef3/episodes/abe71da9-8b06-417f-849e-a26f429821b2
5	2020-03-04	EP5 | ∑( ◦д⊙)‼ 🔫	27.4	聯準會緊急降息兩碼，卻沒有有效的激勵美股持續上漲，這和前天大漲 1300 點的創紀錄漲點可能有很大的關係。鴻海的法說會對武漢肺炎的影響做出了偏正向的說明；而橋水基金的 Ray Dalio 也分享了自己的看法，並表示降息不會帶來更多刺激。 -- Hosting provided by SoundOn	https://player.soundon.fm/p/954689a5-3096-43a4-a80b-7810b219cef3/episodes/b51686a0-ba60-4042-a35d-b107df46f8e9
4	2020-03-03	EP4 |( ͡° ͜ʖ ͡°)	25.4	GE 傳奇 Jack Welch 逝世，分享他的一些軼事。史上最大的反彈現蹤，是否空頭有結束的跡象？台股和 18 年貿易戰通殺的最大差別是，這次強勢族群還很多，本質上的不同是否會對台股表現有所影響？ -- Hosting provided by SoundOn	https://player.soundon.fm/p/954689a5-3096-43a4-a80b-7810b219cef3/episodes/68be4ef0-9bf1-40dd-8afe-6ca193a69dc6
3	2020-03-02	EP3 |( *・ω・)✄╰ひ╯	26.9	若疫情持續擴散至美國發生預防性裁員，那會是下一波的危機；中國 PMI 開出新低，如但如同新春開盤的壞消息籠罩，照樣開漲。網友來信表示空博智和倉和被嘎，看我們怎麼分析。 -- Hosting provided by SoundOn	https://player.soundon.fm/p/954689a5-3096-43a4-a80b-7810b219cef3/episodes/147bdd6f-dfa3-46a0-8eec-3c1b95715551
2	2020-02-29	EP2 |( *・ω・)╰✄-╯	30.5	股市躺完換黃金躺，所謂的「避險產品」很多只是媒體教給你的。迪士尼的 Disney + 將是 Netflix 的大敵，順便跟大家討論合理股價的陷阱。 -- Hosting provided by SoundOn	https://player.soundon.fm/p/954689a5-3096-43a4-a80b-7810b219cef3/episodes/21f74acc-05e2-4466-a414-9c4fb0b20d1e
1	2020-02-27	EP1 |( *・ω・)╰—╯✄	23.7	剛從義大利回來兩個多禮拜，義大利就變成疫區；全球股市崩跌，武漢肺炎到底對股市和經濟會有什麼影響？現在國外對亞洲人的態度又是如何呢？ -- Hosting provided by SoundOn	https://player.soundon.fm/p/954689a5-3096-43a4-a80b-7810b219cef3/episodes/f013eaf1-af60-48f2-9976-9ec7b5583e88
